match_id,season,date,time,stage,round,home_team,home_country,away_team,away_country,home_goals,away_goals,regulation_home_goals,regulation_away_goals,half_time_home_goals,half_time_away_goals,shootout_home_goals,shootout_away_goals,extra_time,penalty_shootout,result_90,result_final,shootout_winner,raw_match,source_file,source_line
UCL_2011_0001,2011/12,2011-09-14,20:45,Group,Group A,Manchester City,ENG,SSC Napoli,ITA,1,1,1,1,0,0,,,False,False,D,D,,20:45  Manchester City (ENG)   v SSC Napoli (ITA)         1-1 (0-0),UCL 2011.txt,11
UCL_2011_0002,2011/12,2011-09-14,,Group,Group A,Villarreal CF,ESP,Bayern München,GER,0,2,0,2,0,1,,,False,False,A,A,,Villarreal CF (ESP)     v Bayern München (GER)     0-2 (0-1),UCL 2011.txt,12
UCL_2011_0003,2011/12,2011-09-27,20:45,Group,Group A,Bayern München,GER,Manchester City,ENG,2,0,2,0,2,0,,,False,False,H,H,,20:45  Bayern München (GER)    v Manchester City (ENG)    2-0 (2-0),UCL 2011.txt,14
UCL_2011_0004,2011/12,2011-09-27,,Group,Group A,SSC Napoli,ITA,Villarreal CF,ESP,2,0,2,0,2,0,,,False,False,H,H,,SSC Napoli (ITA)        v Villarreal CF (ESP)      2-0 (2-0),UCL 2011.txt,15
UCL_2011_0005,2011/12,2011-10-18,20:45,Group,Group A,Manchester City,ENG,Villarreal CF,ESP,2,1,2,1,1,1,,,False,False,H,H,,20:45  Manchester City (ENG)   v Villarreal CF (ESP)      2-1 (1-1),UCL 2011.txt,17
UCL_2011_0006,2011/12,2011-10-18,,Group,Group A,SSC Napoli,ITA,Bayern München,GER,1,1,1,1,1,1,,,False,False,D,D,,SSC Napoli (ITA)        v Bayern München (GER)     1-1 (1-1),UCL 2011.txt,18
UCL_2011_0007,2011/12,2011-11-02,20:45,Group,Group A,Bayern München,GER,SSC Napoli,ITA,3,2,3,2,3,1,,,False,False,H,H,,20:45  Bayern München (GER)    v SSC Napoli (ITA)         3-2 (3-1),UCL 2011.txt,20
UCL_2011_0008,2011/12,2011-11-02,,Group,Group A,Villarreal CF,ESP,Manchester City,ENG,0,3,0,3,0,2,,,False,False,A,A,,Villarreal CF (ESP)     v Manchester City (ENG)    0-3 (0-2),UCL 2011.txt,21
UCL_2011_0009,2011/12,2011-11-22,20:45,Group,Group A,Bayern München,GER,Villarreal CF,ESP,3,1,3,1,2,0,,,False,False,H,H,,20:45  Bayern München (GER)    v Villarreal CF (ESP)      3-1 (2-0),UCL 2011.txt,23
UCL_2011_0010,2011/12,2011-11-22,,Group,Group A,SSC Napoli,ITA,Manchester City,ENG,2,1,2,1,1,1,,,False,False,H,H,,SSC Napoli (ITA)        v Manchester City (ENG)    2-1 (1-1),UCL 2011.txt,24
UCL_2011_0011,2011/12,2011-12-07,20:45,Group,Group A,Manchester City,ENG,Bayern München,GER,2,0,2,0,1,0,,,False,False,H,H,,20:45  Manchester City (ENG)   v Bayern München (GER)     2-0 (1-0),UCL 2011.txt,26
UCL_2011_0012,2011/12,2011-12-07,,Group,Group A,Villarreal CF,ESP,SSC Napoli,ITA,0,2,0,2,0,0,,,False,False,A,A,,Villarreal CF (ESP)     v SSC Napoli (ITA)         0-2 (0-0),UCL 2011.txt,27
UCL_2011_0013,2011/12,2012-09-14,20:45,Group,Group B,Lille OSC,FRA,CSKA Moskva,RUS,2,2,2,2,1,0,,,False,False,D,D,,20:45  Lille OSC (FRA)         v CSKA Moskva (RUS)        2-2 (1-0),UCL 2011.txt,32
UCL_2011_0014,2011/12,2012-09-14,,Group,Group B,Inter,ITA,Trabzonspor,TUR,0,1,0,1,0,0,,,False,False,A,A,,Inter (ITA)             v Trabzonspor (TUR)        0-1 (0-0),UCL 2011.txt,33
UCL_2011_0015,2011/12,2012-09-27,18:00,Group,Group B,CSKA Moskva,RUS,Inter,ITA,2,3,2,3,1,2,,,False,False,A,A,,18:00  CSKA Moskva (RUS)       v Inter (ITA)              2-3 (1-2),UCL 2011.txt,35
UCL_2011_0016,2011/12,2012-09-27,20:45,Group,Group B,Trabzonspor,TUR,Lille OSC,FRA,1,1,1,1,0,1,,,False,False,D,D,,20:45  Trabzonspor (TUR)       v Lille OSC (FRA)          1-1 (0-1),UCL 2011.txt,36
UCL_2011_0017,2011/12,2012-10-18,18:00,Group,Group B,CSKA Moskva,RUS,Trabzonspor,TUR,3,0,3,0,1,0,,,False,False,H,H,,18:00  CSKA Moskva (RUS)       v Trabzonspor (TUR)        3-0 (1-0),UCL 2011.txt,38
UCL_2011_0018,2011/12,2012-10-18,20:45,Group,Group B,Lille OSC,FRA,Inter,ITA,0,1,0,1,0,1,,,False,False,A,A,,20:45  Lille OSC (FRA)         v Inter (ITA)              0-1 (0-1),UCL 2011.txt,39
UCL_2011_0019,2011/12,2012-11-02,20:45,Group,Group B,Trabzonspor,TUR,CSKA Moskva,RUS,0,0,0,0,,,,,False,False,D,D,,20:45  Trabzonspor (TUR)       v CSKA Moskva (RUS)        0-0,UCL 2011.txt,41
UCL_2011_0020,2011/12,2012-11-02,,Group,Group B,Inter,ITA,Lille OSC,FRA,2,1,2,1,1,0,,,False,False,H,H,,Inter (ITA)             v Lille OSC (FRA)          2-1 (1-0),UCL 2011.txt,42
UCL_2011_0021,2011/12,2012-11-22,18:00,Group,Group B,CSKA Moskva,RUS,Lille OSC,FRA,0,2,0,2,0,0,,,False,False,A,A,,18:00  CSKA Moskva (RUS)       v Lille OSC (FRA)          0-2 (0-0),UCL 2011.txt,44
UCL_2011_0022,2011/12,2012-11-22,20:45,Group,Group B,Trabzonspor,TUR,Inter,ITA,1,1,1,1,1,1,,,False,False,D,D,,20:45  Trabzonspor (TUR)       v Inter (ITA)              1-1 (1-1),UCL 2011.txt,45
UCL_2011_0023,2011/12,2012-12-07,20:45,Group,Group B,Inter,ITA,CSKA Moskva,RUS,1,2,1,2,0,0,,,False,False,A,A,,20:45  Inter (ITA)             v CSKA Moskva (RUS)        1-2 (0-0),UCL 2011.txt,47
UCL_2011_0024,2011/12,2012-12-07,,Group,Group B,Lille OSC,FRA,Trabzonspor,TUR,0,0,0,0,,,,,False,False,D,D,,Lille OSC (FRA)         v Trabzonspor (TUR)        0-0,UCL 2011.txt,48
UCL_2011_0025,2011/12,2013-09-14,20:45,Group,Group C,FC Basel 1893,SUI,Oţelul Galaţi,ROU,2,1,2,1,1,0,,,False,False,H,H,,20:45  FC Basel 1893 (SUI)     v Oţelul Galaţi (ROU)      2-1 (1-0),UCL 2011.txt,53
UCL_2011_0026,2011/12,2013-09-14,,Group,Group C,SL Benfica,POR,Manchester United,ENG,1,1,1,1,1,1,,,False,False,D,D,,SL Benfica (POR)        v Manchester United (ENG)  1-1 (1-1),UCL 2011.txt,54
UCL_2011_0027,2011/12,2013-09-27,20:45,Group,Group C,Manchester United,ENG,FC Basel 1893,SUI,3,3,3,3,2,0,,,False,False,D,D,,20:45  Manchester United (ENG) v FC Basel 1893 (SUI)      3-3 (2-0),UCL 2011.txt,56
UCL_2011_0028,2011/12,2013-09-27,,Group,Group C,Oţelul Galaţi,ROU,SL Benfica,POR,0,1,0,1,0,1,,,False,False,A,A,,Oţelul Galaţi (ROU)     v SL Benfica (POR)         0-1 (0-1),UCL 2011.txt,57
UCL_2011_0029,2011/12,2013-10-18,20:45,Group,Group C,FC Basel 1893,SUI,SL Benfica,POR,0,2,0,2,0,1,,,False,False,A,A,,20:45  FC Basel 1893 (SUI)     v SL Benfica (POR)         0-2 (0-1),UCL 2011.txt,59
UCL_2011_0030,2011/12,2013-10-18,,Group,Group C,Oţelul Galaţi,ROU,Manchester United,ENG,0,2,0,2,0,0,,,False,False,A,A,,Oţelul Galaţi (ROU)     v Manchester United (ENG)  0-2 (0-0),UCL 2011.txt,60
UCL_2011_0031,2011/12,2013-11-02,20:45,Group,Group C,Manchester United,ENG,Oţelul Galaţi,ROU,2,0,2,0,1,0,,,False,False,H,H,,20:45  Manchester United (ENG) v Oţelul Galaţi (ROU)      2-0 (1-0),UCL 2011.txt,62
UCL_2011_0032,2011/12,2013-11-02,,Group,Group C,SL Benfica,POR,FC Basel 1893,SUI,1,1,1,1,1,0,,,False,False,D,D,,SL Benfica (POR)        v FC Basel 1893 (SUI)      1-1 (1-0),UCL 2011.txt,63
UCL_2011_0033,2011/12,2013-11-22,20:45,Group,Group C,Manchester United,ENG,SL Benfica,POR,2,2,2,2,1,1,,,False,False,D,D,,20:45  Manchester United (ENG) v SL Benfica (POR)         2-2 (1-1),UCL 2011.txt,65
UCL_2011_0034,2011/12,2013-11-22,,Group,Group C,Oţelul Galaţi,ROU,FC Basel 1893,SUI,2,3,2,3,0,3,,,False,False,A,A,,Oţelul Galaţi (ROU)     v FC Basel 1893 (SUI)      2-3 (0-3),UCL 2011.txt,66
UCL_2011_0035,2011/12,2013-12-07,20:45,Group,Group C,FC Basel 1893,SUI,Manchester United,ENG,2,1,2,1,1,0,,,False,False,H,H,,20:45  FC Basel 1893 (SUI)     v Manchester United (ENG)  2-1 (1-0),UCL 2011.txt,68
UCL_2011_0036,2011/12,2013-12-07,,Group,Group C,SL Benfica,POR,Oţelul Galaţi,ROU,1,0,1,0,1,0,,,False,False,H,H,,SL Benfica (POR)        v Oţelul Galaţi (ROU)      1-0 (1-0),UCL 2011.txt,69
UCL_2011_0037,2011/12,2014-09-14,20:45,Group,Group D,AFC Ajax,NED,Olympique Lyonnais,FRA,0,0,0,0,,,,,False,False,D,D,,20:45  AFC Ajax (NED)          v Olympique Lyonnais (FRA)  0-0,UCL 2011.txt,74
UCL_2011_0038,2011/12,2014-09-14,,Group,Group D,Dinamo Zagreb,CRO,Real Madrid,ESP,0,1,0,1,0,0,,,False,False,A,A,,Dinamo Zagreb (CRO)     v Real Madrid (ESP)        0-1 (0-0),UCL 2011.txt,75
UCL_2011_0039,2011/12,2014-09-27,20:45,Group,Group D,Olympique Lyonnais,FRA,Dinamo Zagreb,CRO,2,0,2,0,2,0,,,False,False,H,H,,20:45  Olympique Lyonnais (FRA) v Dinamo Zagreb (CRO)      2-0 (2-0),UCL 2011.txt,77
UCL_2011_0040,2011/12,2014-09-27,,Group,Group D,Real Madrid,ESP,AFC Ajax,NED,3,0,3,0,2,0,,,False,False,H,H,,Real Madrid (ESP)       v AFC Ajax (NED)           3-0 (2-0),UCL 2011.txt,78
UCL_2011_0041,2011/12,2014-10-18,20:45,Group,Group D,Dinamo Zagreb,CRO,AFC Ajax,NED,0,2,0,2,0,0,,,False,False,A,A,,20:45  Dinamo Zagreb (CRO)     v AFC Ajax (NED)           0-2 (0-0),UCL 2011.txt,80
UCL_2011_0042,2011/12,2014-10-18,,Group,Group D,Real Madrid,ESP,Olympique Lyonnais,FRA,4,0,4,0,1,0,,,False,False,H,H,,Real Madrid (ESP)       v Olympique Lyonnais (FRA)  4-0 (1-0),UCL 2011.txt,81
UCL_2011_0043,2011/12,2014-11-02,20:45,Group,Group D,AFC Ajax,NED,Dinamo Zagreb,CRO,4,0,4,0,2,0,,,False,False,H,H,,20:45  AFC Ajax (NED)          v Dinamo Zagreb (CRO)      4-0 (2-0),UCL 2011.txt,83
UCL_2011_0044,2011/12,2014-11-02,,Group,Group D,Olympique Lyonnais,FRA,Real Madrid,ESP,0,2,0,2,0,1,,,False,False,A,A,,Olympique Lyonnais (FRA) v Real Madrid (ESP)        0-2 (0-1),UCL 2011.txt,84
UCL_2011_0045,2011/12,2014-11-22,20:45,Group,Group D,Olympique Lyonnais,FRA,AFC Ajax,NED,0,0,0,0,,,,,False,False,D,D,,20:45  Olympique Lyonnais (FRA) v AFC Ajax (NED)           0-0,UCL 2011.txt,86
UCL_2011_0046,2011/12,2014-11-22,,Group,Group D,Real Madrid,ESP,Dinamo Zagreb,CRO,6,2,6,2,4,0,,,False,False,H,H,,Real Madrid (ESP)       v Dinamo Zagreb (CRO)      6-2 (4-0),UCL 2011.txt,87
UCL_2011_0047,2011/12,2014-12-07,20:45,Group,Group D,AFC Ajax,NED,Real Madrid,ESP,0,3,0,3,0,2,,,False,False,A,A,,20:45  AFC Ajax (NED)          v Real Madrid (ESP)        0-3 (0-2),UCL 2011.txt,89
UCL_2011_0048,2011/12,2014-12-07,,Group,Group D,Dinamo Zagreb,CRO,Olympique Lyonnais,FRA,1,7,1,7,1,1,,,False,False,A,A,,Dinamo Zagreb (CRO)     v Olympique Lyonnais (FRA)  1-7 (1-1),UCL 2011.txt,90
UCL_2011_0049,2011/12,2015-09-13,20:45,Group,Group E,Chelsea FC,ENG,Bayer Leverkusen,GER,2,0,2,0,0,0,,,False,False,H,H,,20:45  Chelsea FC (ENG)        v Bayer Leverkusen (GER)   2-0 (0-0),UCL 2011.txt,95
UCL_2011_0050,2011/12,2015-09-13,,Group,Group E,KRC Genk,BEL,Valencia CF,ESP,0,0,0,0,,,,,False,False,D,D,,KRC Genk (BEL)          v Valencia CF (ESP)        0-0,UCL 2011.txt,96
UCL_2011_0051,2011/12,2015-09-28,20:45,Group,Group E,Bayer Leverkusen,GER,KRC Genk,BEL,2,0,2,0,1,0,,,False,False,H,H,,20:45  Bayer Leverkusen (GER)  v KRC Genk (BEL)           2-0 (1-0),UCL 2011.txt,98
UCL_2011_0052,2011/12,2015-09-28,,Group,Group E,Valencia CF,ESP,Chelsea FC,ENG,1,1,1,1,0,0,,,False,False,D,D,,Valencia CF (ESP)       v Chelsea FC (ENG)         1-1 (0-0),UCL 2011.txt,99
UCL_2011_0053,2011/12,2015-10-19,20:45,Group,Group E,Bayer Leverkusen,GER,Valencia CF,ESP,2,1,2,1,0,1,,,False,False,H,H,,20:45  Bayer Leverkusen (GER)  v Valencia CF (ESP)        2-1 (0-1),UCL 2011.txt,101
UCL_2011_0054,2011/12,2015-10-19,,Group,Group E,Chelsea FC,ENG,KRC Genk,BEL,5,0,5,0,4,0,,,False,False,H,H,,Chelsea FC (ENG)        v KRC Genk (BEL)           5-0 (4-0),UCL 2011.txt,102
UCL_2011_0055,2011/12,2015-11-01,20:45,Group,Group E,KRC Genk,BEL,Chelsea FC,ENG,1,1,1,1,0,1,,,False,False,D,D,,20:45  KRC Genk (BEL)          v Chelsea FC (ENG)         1-1 (0-1),UCL 2011.txt,104
UCL_2011_0056,2011/12,2015-11-01,,Group,Group E,Valencia CF,ESP,Bayer Leverkusen,GER,3,1,3,1,1,1,,,False,False,H,H,,Valencia CF (ESP)       v Bayer Leverkusen (GER)   3-1 (1-1),UCL 2011.txt,105
UCL_2011_0057,2011/12,2015-11-23,20:45,Group,Group E,Bayer Leverkusen,GER,Chelsea FC,ENG,2,1,2,1,0,0,,,False,False,H,H,,20:45  Bayer Leverkusen (GER)  v Chelsea FC (ENG)         2-1 (0-0),UCL 2011.txt,107
UCL_2011_0058,2011/12,2015-11-23,,Group,Group E,Valencia CF,ESP,KRC Genk,BEL,7,0,7,0,4,0,,,False,False,H,H,,Valencia CF (ESP)       v KRC Genk (BEL)           7-0 (4-0),UCL 2011.txt,108
UCL_2011_0059,2011/12,2015-12-06,20:45,Group,Group E,Chelsea FC,ENG,Valencia CF,ESP,3,0,3,0,2,0,,,False,False,H,H,,20:45  Chelsea FC (ENG)        v Valencia CF (ESP)        3-0 (2-0),UCL 2011.txt,110
UCL_2011_0060,2011/12,2015-12-06,,Group,Group E,KRC Genk,BEL,Bayer Leverkusen,GER,1,1,1,1,1,0,,,False,False,D,D,,KRC Genk (BEL)          v Bayer Leverkusen (GER)   1-1 (1-0),UCL 2011.txt,111
UCL_2011_0061,2011/12,2016-09-13,20:45,Group,Group F,Borussia Dortmund,GER,Arsenal FC,ENG,1,1,1,1,0,1,,,False,False,D,D,,20:45  Borussia Dortmund (GER) v Arsenal FC (ENG)         1-1 (0-1),UCL 2011.txt,116
UCL_2011_0062,2011/12,2016-09-13,,Group,Group F,Olympiakos Piraeus,GRE,Olympique Marseille,FRA,0,1,0,1,0,0,,,False,False,A,A,,Olympiakos Piraeus (GRE) v Olympique Marseille (FRA)  0-1 (0-0),UCL 2011.txt,117
UCL_2011_0063,2011/12,2016-09-28,20:45,Group,Group F,Arsenal FC,ENG,Olympiakos Piraeus,GRE,2,1,2,1,2,1,,,False,False,H,H,,20:45  Arsenal FC (ENG)        v Olympiakos Piraeus (GRE)  2-1 (2-1),UCL 2011.txt,119
UCL_2011_0064,2011/12,2016-09-28,,Group,Group F,Olympique Marseille,FRA,Borussia Dortmund,GER,3,0,3,0,1,0,,,False,False,H,H,,Olympique Marseille (FRA) v Borussia Dortmund (GER)  3-0 (1-0),UCL 2011.txt,120
UCL_2011_0065,2011/12,2016-10-19,20:45,Group,Group F,Olympiakos Piraeus,GRE,Borussia Dortmund,GER,3,1,3,1,2,1,,,False,False,H,H,,20:45  Olympiakos Piraeus (GRE) v Borussia Dortmund (GER)  3-1 (2-1),UCL 2011.txt,122
UCL_2011_0066,2011/12,2016-10-19,,Group,Group F,Olympique Marseille,FRA,Arsenal FC,ENG,0,1,0,1,0,0,,,False,False,A,A,,Olympique Marseille (FRA) v Arsenal FC (ENG)         0-1 (0-0),UCL 2011.txt,123
UCL_2011_0067,2011/12,2016-11-01,20:45,Group,Group F,Arsenal FC,ENG,Olympique Marseille,FRA,0,0,0,0,,,,,False,False,D,D,,20:45  Arsenal FC (ENG)        v Olympique Marseille (FRA)  0-0,UCL 2011.txt,125
UCL_2011_0068,2011/12,2016-11-01,,Group,Group F,Borussia Dortmund,GER,Olympiakos Piraeus,GRE,1,0,1,0,1,0,,,False,False,H,H,,Borussia Dortmund (GER) v Olympiakos Piraeus (GRE)  1-0 (1-0),UCL 2011.txt,126
UCL_2011_0069,2011/12,2016-11-23,20:45,Group,Group F,Arsenal FC,ENG,Borussia Dortmund,GER,2,1,2,1,0,0,,,False,False,H,H,,20:45  Arsenal FC (ENG)        v Borussia Dortmund (GER)  2-1 (0-0),UCL 2011.txt,128
UCL_2011_0070,2011/12,2016-11-23,,Group,Group F,Olympique Marseille,FRA,Olympiakos Piraeus,GRE,0,1,0,1,0,0,,,False,False,A,A,,Olympique Marseille (FRA) v Olympiakos Piraeus (GRE)  0-1 (0-0),UCL 2011.txt,129
UCL_2011_0071,2011/12,2016-12-06,20:45,Group,Group F,Borussia Dortmund,GER,Olympique Marseille,FRA,2,3,2,3,2,1,,,False,False,A,A,,20:45  Borussia Dortmund (GER) v Olympique Marseille (FRA)  2-3 (2-1),UCL 2011.txt,131
UCL_2011_0072,2011/12,2016-12-06,,Group,Group F,Olympiakos Piraeus,GRE,Arsenal FC,ENG,3,1,3,1,2,0,,,False,False,H,H,,Olympiakos Piraeus (GRE) v Arsenal FC (ENG)         3-1 (2-0),UCL 2011.txt,132
UCL_2011_0073,2011/12,2017-09-13,20:45,Group,Group G,APOEL Nikosia,CYP,Zenit St. Petersburg,RUS,2,1,2,1,0,0,,,False,False,H,H,,20:45  APOEL Nikosia (CYP)     v Zenit St. Petersburg (RUS)  2-1 (0-0),UCL 2011.txt,137
UCL_2011_0074,2011/12,2017-09-13,,Group,Group G,FC Porto,POR,Shakhtar Donetsk,UKR,2,1,2,1,1,1,,,False,False,H,H,,FC Porto (POR)          v Shakhtar Donetsk (UKR)   2-1 (1-1),UCL 2011.txt,138
UCL_2011_0075,2011/12,2017-09-28,18:00,Group,Group G,Zenit St. Petersburg,RUS,FC Porto,POR,3,1,3,1,1,1,,,False,False,H,H,,18:00  Zenit St. Petersburg (RUS) v FC Porto (POR)           3-1 (1-1),UCL 2011.txt,140
UCL_2011_0076,2011/12,2017-09-28,20:45,Group,Group G,Shakhtar Donetsk,UKR,APOEL Nikosia,CYP,1,1,1,1,0,0,,,False,False,D,D,,20:45  Shakhtar Donetsk (UKR)  v APOEL Nikosia (CYP)      1-1 (0-0),UCL 2011.txt,141
UCL_2011_0077,2011/12,2017-10-19,20:45,Group,Group G,FC Porto,POR,APOEL Nikosia,CYP,1,1,1,1,1,1,,,False,False,D,D,,20:45  FC Porto (POR)          v APOEL Nikosia (CYP)      1-1 (1-1),UCL 2011.txt,143
UCL_2011_0078,2011/12,2017-10-19,,Group,Group G,Shakhtar Donetsk,UKR,Zenit St. Petersburg,RUS,2,2,2,2,2,1,,,False,False,D,D,,Shakhtar Donetsk (UKR)  v Zenit St. Petersburg (RUS)  2-2 (2-1),UCL 2011.txt,144
UCL_2011_0079,2011/12,2017-11-01,18:00,Group,Group G,Zenit St. Petersburg,RUS,Shakhtar Donetsk,UKR,1,0,1,0,1,0,,,False,False,H,H,,18:00  Zenit St. Petersburg (RUS) v Shakhtar Donetsk (UKR)   1-0 (1-0),UCL 2011.txt,146
UCL_2011_0080,2011/12,2017-11-01,20:45,Group,Group G,APOEL Nikosia,CYP,FC Porto,POR,2,1,2,1,1,0,,,False,False,H,H,,20:45  APOEL Nikosia (CYP)     v FC Porto (POR)           2-1 (1-0),UCL 2011.txt,147
UCL_2011_0081,2011/12,2017-11-23,18:00,Group,Group G,Zenit St. Petersburg,RUS,APOEL Nikosia,CYP,0,0,0,0,,,,,False,False,D,D,,18:00  Zenit St. Petersburg (RUS) v APOEL Nikosia (CYP)      0-0,UCL 2011.txt,149
UCL_2011_0082,2011/12,2017-11-23,20:45,Group,Group G,Shakhtar Donetsk,UKR,FC Porto,POR,0,2,0,2,0,0,,,False,False,A,A,,20:45  Shakhtar Donetsk (UKR)  v FC Porto (POR)           0-2 (0-0),UCL 2011.txt,150
UCL_2011_0083,2011/12,2017-12-06,20:45,Group,Group G,APOEL Nikosia,CYP,Shakhtar Donetsk,UKR,0,2,0,2,0,0,,,False,False,A,A,,20:45  APOEL Nikosia (CYP)     v Shakhtar Donetsk (UKR)   0-2 (0-0),UCL 2011.txt,152
UCL_2011_0084,2011/12,2017-12-06,,Group,Group G,FC Porto,POR,Zenit St. Petersburg,RUS,0,0,0,0,,,,,False,False,D,D,,FC Porto (POR)          v Zenit St. Petersburg (RUS)  0-0,UCL 2011.txt,153
UCL_2011_0085,2011/12,2018-09-13,20:45,Group,Group H,FC Barcelona,ESP,AC Milan,ITA,2,2,2,2,1,1,,,False,False,D,D,,20:45  FC Barcelona (ESP)      v AC Milan (ITA)           2-2 (1-1),UCL 2011.txt,158
UCL_2011_0086,2011/12,2018-09-13,,Group,Group H,Viktoria Plzeň,CZE,BATE Borisov,BLR,1,1,1,1,1,0,,,False,False,D,D,,Viktoria Plzeň (CZE)    v BATE Borisov (BLR)       1-1 (1-0),UCL 2011.txt,159
UCL_2011_0087,2011/12,2018-09-28,20:45,Group,Group H,AC Milan,ITA,Viktoria Plzeň,CZE,2,0,2,0,0,0,,,False,False,H,H,,20:45  AC Milan (ITA)          v Viktoria Plzeň (CZE)     2-0 (0-0),UCL 2011.txt,161
UCL_2011_0088,2011/12,2018-09-28,,Group,Group H,BATE Borisov,BLR,FC Barcelona,ESP,0,5,0,5,0,3,,,False,False,A,A,,BATE Borisov (BLR)      v FC Barcelona (ESP)       0-5 (0-3),UCL 2011.txt,162
UCL_2011_0089,2011/12,2018-10-19,20:45,Group,Group H,AC Milan,ITA,BATE Borisov,BLR,2,0,2,0,1,0,,,False,False,H,H,,20:45  AC Milan (ITA)          v BATE Borisov (BLR)       2-0 (1-0),UCL 2011.txt,164
UCL_2011_0090,2011/12,2018-10-19,,Group,Group H,FC Barcelona,ESP,Viktoria Plzeň,CZE,2,0,2,0,1,0,,,False,False,H,H,,FC Barcelona (ESP)      v Viktoria Plzeň (CZE)     2-0 (1-0),UCL 2011.txt,165
UCL_2011_0091,2011/12,2018-11-01,18:00,Group,Group H,BATE Borisov,BLR,AC Milan,ITA,1,1,1,1,0,1,,,False,False,D,D,,18:00  BATE Borisov (BLR)      v AC Milan (ITA)           1-1 (0-1),UCL 2011.txt,167
UCL_2011_0092,2011/12,2018-11-01,20:45,Group,Group H,Viktoria Plzeň,CZE,FC Barcelona,ESP,0,4,0,4,0,2,,,False,False,A,A,,20:45  Viktoria Plzeň (CZE)    v FC Barcelona (ESP)       0-4 (0-2),UCL 2011.txt,168
UCL_2011_0093,2011/12,2018-11-23,19:00,Group,Group H,BATE Borisov,BLR,Viktoria Plzeň,CZE,0,1,0,1,0,1,,,False,False,A,A,,19:00  BATE Borisov (BLR)      v Viktoria Plzeň (CZE)     0-1 (0-1),UCL 2011.txt,170
UCL_2011_0094,2011/12,2018-11-23,20:45,Group,Group H,AC Milan,ITA,FC Barcelona,ESP,2,3,2,3,1,2,,,False,False,A,A,,20:45  AC Milan (ITA)          v FC Barcelona (ESP)       2-3 (1-2),UCL 2011.txt,171
UCL_2011_0095,2011/12,2018-12-06,20:45,Group,Group H,FC Barcelona,ESP,BATE Borisov,BLR,4,0,4,0,1,0,,,False,False,H,H,,20:45  FC Barcelona (ESP)      v BATE Borisov (BLR)       4-0 (1-0),UCL 2011.txt,173
UCL_2011_0096,2011/12,2018-12-06,,Group,Group H,Viktoria Plzeň,CZE,AC Milan,ITA,2,2,2,2,0,0,,,False,False,D,D,,Viktoria Plzeň (CZE)    v AC Milan (ITA)           2-2 (0-0),UCL 2011.txt,174
UCL_2011_0097,2011/12,2012-02-14,20:45,Round of 16,Round of 16,Olympique Lyonnais,FRA,APOEL Nikosia,CYP,1,0,1,0,0,0,,,False,False,H,H,,20:45  Olympique Lyonnais (FRA) v APOEL Nikosia (CYP)      1-0 (0-0),UCL 2011.txt,179
UCL_2011_0098,2011/12,2012-02-14,,Round of 16,Round of 16,Bayer Leverkusen,GER,FC Barcelona,ESP,1,3,1,3,0,1,,,False,False,A,A,,Bayer Leverkusen (GER)  v FC Barcelona (ESP)       1-3 (0-1),UCL 2011.txt,180
UCL_2011_0099,2011/12,2012-02-15,18:00,Round of 16,Round of 16,Zenit St. Petersburg,RUS,SL Benfica,POR,3,2,3,2,1,1,,,False,False,H,H,,18:00  Zenit St. Petersburg (RUS) v SL Benfica (POR)         3-2 (1-1),UCL 2011.txt,182
UCL_2011_0100,2011/12,2012-02-15,20:45,Round of 16,Round of 16,AC Milan,ITA,Arsenal FC,ENG,4,0,4,0,2,0,,,False,False,H,H,,20:45  AC Milan (ITA)          v Arsenal FC (ENG)         4-0 (2-0),UCL 2011.txt,183
UCL_2011_0101,2011/12,2012-02-21,18:00,Round of 16,Round of 16,CSKA Moskva,RUS,Real Madrid,ESP,1,1,1,1,0,1,,,False,False,D,D,,18:00  CSKA Moskva (RUS)       v Real Madrid (ESP)        1-1 (0-1),UCL 2011.txt,185
UCL_2011_0102,2011/12,2012-02-21,20:45,Round of 16,Round of 16,SSC Napoli,ITA,Chelsea FC,ENG,3,1,3,1,2,1,,,False,False,H,H,,20:45  SSC Napoli (ITA)        v Chelsea FC (ENG)         3-1 (2-1),UCL 2011.txt,186
UCL_2011_0103,2011/12,2012-02-22,20:45,Round of 16,Round of 16,FC Basel 1893,SUI,Bayern München,GER,1,0,1,0,0,0,,,False,False,H,H,,20:45  FC Basel 1893 (SUI)     v Bayern München (GER)     1-0 (0-0),UCL 2011.txt,188
UCL_2011_0104,2011/12,2012-02-22,,Round of 16,Round of 16,Olympique Marseille,FRA,Inter,ITA,1,0,1,0,0,0,,,False,False,H,H,,Olympique Marseille (FRA) v Inter (ITA)              1-0 (0-0),UCL 2011.txt,189
UCL_2011_0105,2011/12,2012-03-06,20:45,Round of 16,Round of 16,Arsenal FC,ENG,AC Milan,ITA,3,0,3,0,3,0,,,False,False,H,H,,20:45  Arsenal FC (ENG)        v AC Milan (ITA)           3-0 (3-0),UCL 2011.txt,191
UCL_2011_0106,2011/12,2012-03-06,,Round of 16,Round of 16,SL Benfica,POR,Zenit St. Petersburg,RUS,2,0,2,0,1,0,,,False,False,H,H,,SL Benfica (POR)        v Zenit St. Petersburg (RUS)  2-0 (1-0),UCL 2011.txt,192
UCL_2011_0107,2011/12,2012-03-07,20:45,Round of 16,Round of 16,APOEL Nikosia,CYP,Olympique Lyonnais,FRA,4,3,1,0,1,0,1,0,True,True,H,H,H,"20:45  APOEL Nikosia (CYP)     v Olympique Lyonnais (FRA)  4-3 pen. 1-0 a.e.t. (1-0, 1-0)",UCL 2011.txt,194
UCL_2011_0108,2011/12,2012-03-07,,Round of 16,Round of 16,FC Barcelona,ESP,Bayer Leverkusen,GER,7,1,7,1,2,0,,,False,False,H,H,,FC Barcelona (ESP)      v Bayer Leverkusen (GER)   7-1 (2-0),UCL 2011.txt,195
UCL_2011_0109,2011/12,2012-03-13,20:45,Round of 16,Round of 16,Bayern München,GER,FC Basel 1893,SUI,7,0,7,0,3,0,,,False,False,H,H,,20:45  Bayern München (GER)    v FC Basel 1893 (SUI)      7-0 (3-0),UCL 2011.txt,197
UCL_2011_0110,2011/12,2012-03-13,,Round of 16,Round of 16,Inter,ITA,Olympique Marseille,FRA,2,1,2,1,0,0,,,False,False,H,H,,Inter (ITA)             v Olympique Marseille (FRA)  2-1 (0-0),UCL 2011.txt,198
UCL_2011_0111,2011/12,2012-03-14,20:45,Round of 16,Round of 16,Chelsea FC,ENG,SSC Napoli,ITA,4,1,3,1,1,0,,,True,False,H,H,,"20:45  Chelsea FC (ENG)        v SSC Napoli (ITA)         4-1 a.e.t. (3-1, 1-0)",UCL 2011.txt,200
UCL_2011_0112,2011/12,2012-03-14,,Round of 16,Round of 16,Real Madrid,ESP,CSKA Moskva,RUS,4,1,4,1,1,0,,,False,False,H,H,,Real Madrid (ESP)       v CSKA Moskva (RUS)        4-1 (1-0),UCL 2011.txt,201
UCL_2011_0113,2011/12,2012-03-27,20:45,Quarterfinals,Quarterfinals,APOEL Nikosia,CYP,Real Madrid,ESP,0,3,0,3,0,0,,,False,False,A,A,,20:45  APOEL Nikosia (CYP)     v Real Madrid (ESP)        0-3 (0-0),UCL 2011.txt,206
UCL_2011_0114,2011/12,2012-03-27,,Quarterfinals,Quarterfinals,SL Benfica,POR,Chelsea FC,ENG,0,1,0,1,0,0,,,False,False,A,A,,SL Benfica (POR)        v Chelsea FC (ENG)         0-1 (0-0),UCL 2011.txt,207
UCL_2011_0115,2011/12,2012-03-28,20:45,Quarterfinals,Quarterfinals,Olympique Marseille,FRA,Bayern München,GER,0,2,0,2,0,1,,,False,False,A,A,,20:45  Olympique Marseille (FRA) v Bayern München (GER)     0-2 (0-1),UCL 2011.txt,209
UCL_2011_0116,2011/12,2012-03-28,,Quarterfinals,Quarterfinals,AC Milan,ITA,FC Barcelona,ESP,0,0,0,0,,,,,False,False,D,D,,AC Milan (ITA)          v FC Barcelona (ESP)       0-0,UCL 2011.txt,210
UCL_2011_0117,2011/12,2012-04-03,20:45,Quarterfinals,Quarterfinals,Bayern München,GER,Olympique Marseille,FRA,2,0,2,0,2,0,,,False,False,H,H,,20:45  Bayern München (GER)    v Olympique Marseille (FRA)  2-0 (2-0),UCL 2011.txt,212
UCL_2011_0118,2011/12,2012-04-03,,Quarterfinals,Quarterfinals,FC Barcelona,ESP,AC Milan,ITA,3,1,3,1,2,1,,,False,False,H,H,,FC Barcelona (ESP)      v AC Milan (ITA)           3-1 (2-1),UCL 2011.txt,213
UCL_2011_0119,2011/12,2012-04-04,20:45,Quarterfinals,Quarterfinals,Real Madrid,ESP,APOEL Nikosia,CYP,5,2,5,2,2,0,,,False,False,H,H,,20:45  Real Madrid (ESP)       v APOEL Nikosia (CYP)      5-2 (2-0),UCL 2011.txt,215
UCL_2011_0120,2011/12,2012-04-04,,Quarterfinals,Quarterfinals,Chelsea FC,ENG,SL Benfica,POR,2,1,2,1,1,0,,,False,False,H,H,,Chelsea FC (ENG)        v SL Benfica (POR)         2-1 (1-0),UCL 2011.txt,216
UCL_2011_0121,2011/12,2012-04-17,20:45,Semifinals,Semifinals,Bayern München,GER,Real Madrid,ESP,2,1,2,1,1,0,,,False,False,H,H,,20:45  Bayern München (GER)    v Real Madrid (ESP)        2-1 (1-0),UCL 2011.txt,221
UCL_2011_0122,2011/12,2012-04-18,20:45,Semifinals,Semifinals,Chelsea FC,ENG,FC Barcelona,ESP,1,0,1,0,1,0,,,False,False,H,H,,20:45  Chelsea FC (ENG)        v FC Barcelona (ESP)       1-0 (1-0),UCL 2011.txt,223
UCL_2011_0123,2011/12,2012-04-24,20:45,Semifinals,Semifinals,FC Barcelona,ESP,Chelsea FC,ENG,2,2,2,2,2,1,,,False,False,D,D,,20:45  FC Barcelona (ESP)      v Chelsea FC (ENG)         2-2 (2-1),UCL 2011.txt,225
UCL_2011_0124,2011/12,2012-04-25,20:45,Semifinals,Semifinals,Real Madrid,ESP,Bayern München,GER,1,3,2,1,2,1,2,1,True,True,H,H,H,"20:45  Real Madrid (ESP)       v Bayern München (GER)     1-3 pen. 2-1 a.e.t. (2-1, 2-1)",UCL 2011.txt,227
UCL_2011_0125,2011/12,2012-05-19,20:45,Final,Final,Bayern München,GER,Chelsea FC,ENG,3,4,1,1,0,0,1,1,True,True,D,A,A,"20:45  Bayern München (GER)    v Chelsea FC (ENG)         3-4 pen. 1-1 a.e.t. (1-1, 0-0)",UCL 2011.txt,232
UCL_2012_0001,2012/13,2012-09-18,20:45,Group,Group A,Paris Saint-Germain,FRA,Dinamo Kiev,UKR,4,1,4,1,3,0,,,False,False,H,H,,20:45  Paris Saint-Germain (FRA) v Dinamo Kiev (UKR)        4-1 (3-0),UCL 2012.txt,11
UCL_2012_0002,2012/13,2012-09-18,,Group,Group A,Dinamo Zagreb,CRO,FC Porto,POR,0,2,0,2,0,1,,,False,False,A,A,,Dinamo Zagreb (CRO)     v FC Porto (POR)           0-2 (0-1),UCL 2012.txt,12
UCL_2012_0003,2012/13,2012-10-03,20:45,Group,Group A,FC Porto,POR,Paris Saint-Germain,FRA,1,0,1,0,0,0,,,False,False,H,H,,20:45  FC Porto (POR)          v Paris Saint-Germain (FRA)  1-0 (0-0),UCL 2012.txt,14
UCL_2012_0004,2012/13,2012-10-03,,Group,Group A,Dinamo Kiev,UKR,Dinamo Zagreb,CRO,2,0,2,0,2,0,,,False,False,H,H,,Dinamo Kiev (UKR)       v Dinamo Zagreb (CRO)      2-0 (2-0),UCL 2012.txt,15
UCL_2012_0005,2012/13,2012-10-24,20:45,Group,Group A,FC Porto,POR,Dinamo Kiev,UKR,3,2,3,2,2,1,,,False,False,H,H,,20:45  FC Porto (POR)          v Dinamo Kiev (UKR)        3-2 (2-1),UCL 2012.txt,17
UCL_2012_0006,2012/13,2012-10-24,,Group,Group A,Dinamo Zagreb,CRO,Paris Saint-Germain,FRA,0,2,0,2,0,2,,,False,False,A,A,,Dinamo Zagreb (CRO)     v Paris Saint-Germain (FRA)  0-2 (0-2),UCL 2012.txt,18
UCL_2012_0007,2012/13,2012-11-06,20:45,Group,Group A,Dinamo Kiev,UKR,FC Porto,POR,0,0,0,0,,,,,False,False,D,D,,20:45  Dinamo Kiev (UKR)       v FC Porto (POR)           0-0,UCL 2012.txt,20
UCL_2012_0008,2012/13,2012-11-06,,Group,Group A,Paris Saint-Germain,FRA,Dinamo Zagreb,CRO,4,0,4,0,1,0,,,False,False,H,H,,Paris Saint-Germain (FRA) v Dinamo Zagreb (CRO)      4-0 (1-0),UCL 2012.txt,21
UCL_2012_0009,2012/13,2012-11-21,20:45,Group,Group A,Dinamo Kiev,UKR,Paris Saint-Germain,FRA,0,2,0,2,0,1,,,False,False,A,A,,20:45  Dinamo Kiev (UKR)       v Paris Saint-Germain (FRA)  0-2 (0-1),UCL 2012.txt,23
UCL_2012_0010,2012/13,2012-11-21,,Group,Group A,FC Porto,POR,Dinamo Zagreb,CRO,3,0,3,0,1,0,,,False,False,H,H,,FC Porto (POR)          v Dinamo Zagreb (CRO)      3-0 (1-0),UCL 2012.txt,24
UCL_2012_0011,2012/13,2012-12-04,20:45,Group,Group A,Paris Saint-Germain,FRA,FC Porto,POR,2,1,2,1,1,1,,,False,False,H,H,,20:45  Paris Saint-Germain (FRA) v FC Porto (POR)           2-1 (1-1),UCL 2012.txt,26
UCL_2012_0012,2012/13,2012-12-04,,Group,Group A,Dinamo Zagreb,CRO,Dinamo Kiev,UKR,1,1,1,1,0,1,,,False,False,D,D,,Dinamo Zagreb (CRO)     v Dinamo Kiev (UKR)        1-1 (0-1),UCL 2012.txt,27
UCL_2012_0013,2012/13,2013-09-18,20:45,Group,Group B,Olympiakos Piraeus,GRE,FC Schalke 04,GER,1,2,1,2,0,1,,,False,False,A,A,,20:45  Olympiakos Piraeus (GRE) v FC Schalke 04 (GER)      1-2 (0-1),UCL 2012.txt,32
UCL_2012_0014,2012/13,2013-09-18,,Group,Group B,Montpellier HSC,FRA,Arsenal FC,ENG,1,2,1,2,1,2,,,False,False,A,A,,Montpellier HSC (FRA)   v Arsenal FC (ENG)         1-2 (1-2),UCL 2012.txt,33
UCL_2012_0015,2012/13,2013-10-03,20:45,Group,Group B,Arsenal FC,ENG,Olympiakos Piraeus,GRE,3,1,3,1,1,1,,,False,False,H,H,,20:45  Arsenal FC (ENG)        v Olympiakos Piraeus (GRE)  3-1 (1-1),UCL 2012.txt,35
UCL_2012_0016,2012/13,2013-10-03,,Group,Group B,FC Schalke 04,GER,Montpellier HSC,FRA,2,2,2,2,1,1,,,False,False,D,D,,FC Schalke 04 (GER)     v Montpellier HSC (FRA)    2-2 (1-1),UCL 2012.txt,36
UCL_2012_0017,2012/13,2013-10-24,20:45,Group,Group B,Arsenal FC,ENG,FC Schalke 04,GER,0,2,0,2,0,0,,,False,False,A,A,,20:45  Arsenal FC (ENG)        v FC Schalke 04 (GER)      0-2 (0-0),UCL 2012.txt,38
UCL_2012_0018,2012/13,2013-10-24,,Group,Group B,Montpellier HSC,FRA,Olympiakos Piraeus,GRE,1,2,1,2,0,0,,,False,False,A,A,,Montpellier HSC (FRA)   v Olympiakos Piraeus (GRE)  1-2 (0-0),UCL 2012.txt,39
UCL_2012_0019,2012/13,2013-11-06,20:45,Group,Group B,FC Schalke 04,GER,Arsenal FC,ENG,2,2,2,2,1,2,,,False,False,D,D,,20:45  FC Schalke 04 (GER)     v Arsenal FC (ENG)         2-2 (1-2),UCL 2012.txt,41
UCL_2012_0020,2012/13,2013-11-06,,Group,Group B,Olympiakos Piraeus,GRE,Montpellier HSC,FRA,3,1,3,1,1,0,,,False,False,H,H,,Olympiakos Piraeus (GRE) v Montpellier HSC (FRA)    3-1 (1-0),UCL 2012.txt,42
UCL_2012_0021,2012/13,2013-11-21,20:45,Group,Group B,FC Schalke 04,GER,Olympiakos Piraeus,GRE,1,0,1,0,0,0,,,False,False,H,H,,20:45  FC Schalke 04 (GER)     v Olympiakos Piraeus (GRE)  1-0 (0-0),UCL 2012.txt,44
UCL_2012_0022,2012/13,2013-11-21,,Group,Group B,Arsenal FC,ENG,Montpellier HSC,FRA,2,0,2,0,0,0,,,False,False,H,H,,Arsenal FC (ENG)        v Montpellier HSC (FRA)    2-0 (0-0),UCL 2012.txt,45
UCL_2012_0023,2012/13,2013-12-04,20:45,Group,Group B,Olympiakos Piraeus,GRE,Arsenal FC,ENG,2,1,2,1,0,1,,,False,False,H,H,,20:45  Olympiakos Piraeus (GRE) v Arsenal FC (ENG)         2-1 (0-1),UCL 2012.txt,47
UCL_2012_0024,2012/13,2013-12-04,,Group,Group B,Montpellier HSC,FRA,FC Schalke 04,GER,1,1,1,1,0,0,,,False,False,D,D,,Montpellier HSC (FRA)   v FC Schalke 04 (GER)      1-1 (0-0),UCL 2012.txt,48
UCL_2012_0025,2012/13,2014-09-18,20:45,Group,Group C,AC Milan,ITA,RSC Anderlecht,BEL,0,0,0,0,,,,,False,False,D,D,,20:45  AC Milan (ITA)          v RSC Anderlecht (BEL)     0-0,UCL 2012.txt,53
UCL_2012_0026,2012/13,2014-09-18,,Group,Group C,Málaga CF,ESP,Zenit St. Petersburg,RUS,3,0,3,0,2,0,,,False,False,H,H,,Málaga CF (ESP)         v Zenit St. Petersburg (RUS)  3-0 (2-0),UCL 2012.txt,54
UCL_2012_0027,2012/13,2014-10-03,18:00,Group,Group C,Zenit St. Petersburg,RUS,AC Milan,ITA,2,3,2,3,1,2,,,False,False,A,A,,18:00  Zenit St. Petersburg (RUS) v AC Milan (ITA)           2-3 (1-2),UCL 2012.txt,56
UCL_2012_0028,2012/13,2014-10-03,20:45,Group,Group C,RSC Anderlecht,BEL,Málaga CF,ESP,0,3,0,3,0,1,,,False,False,A,A,,20:45  RSC Anderlecht (BEL)    v Málaga CF (ESP)          0-3 (0-1),UCL 2012.txt,57
UCL_2012_0029,2012/13,2014-10-24,18:00,Group,Group C,Zenit St. Petersburg,RUS,RSC Anderlecht,BEL,1,0,1,0,0,0,,,False,False,H,H,,18:00  Zenit St. Petersburg (RUS) v RSC Anderlecht (BEL)     1-0 (0-0),UCL 2012.txt,59
UCL_2012_0030,2012/13,2014-10-24,20:45,Group,Group C,Málaga CF,ESP,AC Milan,ITA,1,0,1,0,0,0,,,False,False,H,H,,20:45  Málaga CF (ESP)         v AC Milan (ITA)           1-0 (0-0),UCL 2012.txt,60
UCL_2012_0031,2012/13,2014-11-06,20:45,Group,Group C,RSC Anderlecht,BEL,Zenit St. Petersburg,RUS,1,0,1,0,1,0,,,False,False,H,H,,20:45  RSC Anderlecht (BEL)    v Zenit St. Petersburg (RUS)  1-0 (1-0),UCL 2012.txt,62
UCL_2012_0032,2012/13,2014-11-06,,Group,Group C,AC Milan,ITA,Málaga CF,ESP,1,1,1,1,0,1,,,False,False,D,D,,AC Milan (ITA)          v Málaga CF (ESP)          1-1 (0-1),UCL 2012.txt,63
UCL_2012_0033,2012/13,2014-11-21,18:00,Group,Group C,Zenit St. Petersburg,RUS,Málaga CF,ESP,2,2,2,2,0,2,,,False,False,D,D,,18:00  Zenit St. Petersburg (RUS) v Málaga CF (ESP)          2-2 (0-2),UCL 2012.txt,65
UCL_2012_0034,2012/13,2014-11-21,20:45,Group,Group C,RSC Anderlecht,BEL,AC Milan,ITA,1,3,1,3,0,0,,,False,False,A,A,,20:45  RSC Anderlecht (BEL)    v AC Milan (ITA)           1-3 (0-0),UCL 2012.txt,66
UCL_2012_0035,2012/13,2014-12-04,20:45,Group,Group C,AC Milan,ITA,Zenit St. Petersburg,RUS,0,1,0,1,0,1,,,False,False,A,A,,20:45  AC Milan (ITA)          v Zenit St. Petersburg (RUS)  0-1 (0-1),UCL 2012.txt,68
UCL_2012_0036,2012/13,2014-12-04,,Group,Group C,Málaga CF,ESP,RSC Anderlecht,BEL,2,2,2,2,1,0,,,False,False,D,D,,Málaga CF (ESP)         v RSC Anderlecht (BEL)     2-2 (1-0),UCL 2012.txt,69
UCL_2012_0037,2012/13,2015-09-18,20:45,Group,Group D,Real Madrid,ESP,Manchester City,ENG,3,2,3,2,0,0,,,False,False,H,H,,20:45  Real Madrid (ESP)       v Manchester City (ENG)    3-2 (0-0),UCL 2012.txt,74
UCL_2012_0038,2012/13,2015-09-18,,Group,Group D,Borussia Dortmund,GER,AFC Ajax,NED,1,0,1,0,0,0,,,False,False,H,H,,Borussia Dortmund (GER) v AFC Ajax (NED)           1-0 (0-0),UCL 2012.txt,75
UCL_2012_0039,2012/13,2015-10-03,20:45,Group,Group D,AFC Ajax,NED,Real Madrid,ESP,1,4,1,4,0,1,,,False,False,A,A,,20:45  AFC Ajax (NED)          v Real Madrid (ESP)        1-4 (0-1),UCL 2012.txt,77
UCL_2012_0040,2012/13,2015-10-03,,Group,Group D,Manchester City,ENG,Borussia Dortmund,GER,1,1,1,1,0,0,,,False,False,D,D,,Manchester City (ENG)   v Borussia Dortmund (GER)  1-1 (0-0),UCL 2012.txt,78
UCL_2012_0041,2012/13,2015-10-24,20:45,Group,Group D,AFC Ajax,NED,Manchester City,ENG,3,1,3,1,1,1,,,False,False,H,H,,20:45  AFC Ajax (NED)          v Manchester City (ENG)    3-1 (1-1),UCL 2012.txt,80
UCL_2012_0042,2012/13,2015-10-24,,Group,Group D,Borussia Dortmund,GER,Real Madrid,ESP,2,1,2,1,1,1,,,False,False,H,H,,Borussia Dortmund (GER) v Real Madrid (ESP)        2-1 (1-1),UCL 2012.txt,81
UCL_2012_0043,2012/13,2015-11-06,20:45,Group,Group D,Manchester City,ENG,AFC Ajax,NED,2,2,2,2,1,2,,,False,False,D,D,,20:45  Manchester City (ENG)   v AFC Ajax (NED)           2-2 (1-2),UCL 2012.txt,83
UCL_2012_0044,2012/13,2015-11-06,,Group,Group D,Real Madrid,ESP,Borussia Dortmund,GER,2,2,2,2,1,2,,,False,False,D,D,,Real Madrid (ESP)       v Borussia Dortmund (GER)  2-2 (1-2),UCL 2012.txt,84
UCL_2012_0045,2012/13,2015-11-21,20:45,Group,Group D,Manchester City,ENG,Real Madrid,ESP,1,1,1,1,0,1,,,False,False,D,D,,20:45  Manchester City (ENG)   v Real Madrid (ESP)        1-1 (0-1),UCL 2012.txt,86
UCL_2012_0046,2012/13,2015-11-21,,Group,Group D,AFC Ajax,NED,Borussia Dortmund,GER,1,4,1,4,0,3,,,False,False,A,A,,AFC Ajax (NED)          v Borussia Dortmund (GER)  1-4 (0-3),UCL 2012.txt,87
UCL_2012_0047,2012/13,2015-12-04,20:45,Group,Group D,Real Madrid,ESP,AFC Ajax,NED,4,1,4,1,2,0,,,False,False,H,H,,20:45  Real Madrid (ESP)       v AFC Ajax (NED)           4-1 (2-0),UCL 2012.txt,89
UCL_2012_0048,2012/13,2015-12-04,,Group,Group D,Borussia Dortmund,GER,Manchester City,ENG,1,0,1,0,0,0,,,False,False,H,H,,Borussia Dortmund (GER) v Manchester City (ENG)    1-0 (0-0),UCL 2012.txt,90
UCL_2012_0049,2012/13,2016-09-19,20:45,Group,Group E,Chelsea FC,ENG,Juventus,ITA,2,2,2,2,2,1,,,False,False,D,D,,20:45  Chelsea FC (ENG)        v Juventus (ITA)           2-2 (2-1),UCL 2012.txt,95
UCL_2012_0050,2012/13,2016-09-19,,Group,Group E,Shakhtar Donetsk,UKR,FC Nordsjælland,DEN,2,0,2,0,1,0,,,False,False,H,H,,Shakhtar Donetsk (UKR)  v FC Nordsjælland (DEN)    2-0 (1-0),UCL 2012.txt,96
UCL_2012_0051,2012/13,2016-10-02,20:45,Group,Group E,Juventus,ITA,Shakhtar Donetsk,UKR,1,1,1,1,1,1,,,False,False,D,D,,20:45  Juventus (ITA)          v Shakhtar Donetsk (UKR)   1-1 (1-1),UCL 2012.txt,98
UCL_2012_0052,2012/13,2016-10-02,,Group,Group E,FC Nordsjælland,DEN,Chelsea FC,ENG,0,4,0,4,0,1,,,False,False,A,A,,FC Nordsjælland (DEN)   v Chelsea FC (ENG)         0-4 (0-1),UCL 2012.txt,99
UCL_2012_0053,2012/13,2016-10-23,20:45,Group,Group E,Shakhtar Donetsk,UKR,Chelsea FC,ENG,2,1,2,1,1,0,,,False,False,H,H,,20:45  Shakhtar Donetsk (UKR)  v Chelsea FC (ENG)         2-1 (1-0),UCL 2012.txt,101
UCL_2012_0054,2012/13,2016-10-23,,Group,Group E,FC Nordsjælland,DEN,Juventus,ITA,1,1,1,1,0,0,,,False,False,D,D,,FC Nordsjælland (DEN)   v Juventus (ITA)           1-1 (0-0),UCL 2012.txt,102
UCL_2012_0055,2012/13,2016-11-07,20:45,Group,Group E,Chelsea FC,ENG,Shakhtar Donetsk,UKR,3,2,3,2,2,1,,,False,False,H,H,,20:45  Chelsea FC (ENG)        v Shakhtar Donetsk (UKR)   3-2 (2-1),UCL 2012.txt,104
UCL_2012_0056,2012/13,2016-11-07,,Group,Group E,Juventus,ITA,FC Nordsjælland,DEN,4,0,4,0,3,0,,,False,False,H,H,,Juventus (ITA)          v FC Nordsjælland (DEN)    4-0 (3-0),UCL 2012.txt,105
UCL_2012_0057,2012/13,2016-11-20,20:45,Group,Group E,Juventus,ITA,Chelsea FC,ENG,3,0,3,0,1,0,,,False,False,H,H,,20:45  Juventus (ITA)          v Chelsea FC (ENG)         3-0 (1-0),UCL 2012.txt,107
UCL_2012_0058,2012/13,2016-11-20,,Group,Group E,FC Nordsjælland,DEN,Shakhtar Donetsk,UKR,2,5,2,5,2,2,,,False,False,A,A,,FC Nordsjælland (DEN)   v Shakhtar Donetsk (UKR)   2-5 (2-2),UCL 2012.txt,108
UCL_2012_0059,2012/13,2016-12-05,20:45,Group,Group E,Shakhtar Donetsk,UKR,Juventus,ITA,0,1,0,1,0,0,,,False,False,A,A,,20:45  Shakhtar Donetsk (UKR)  v Juventus (ITA)           0-1 (0-0),UCL 2012.txt,110
UCL_2012_0060,2012/13,2016-12-05,,Group,Group E,Chelsea FC,ENG,FC Nordsjælland,DEN,6,1,6,1,2,0,,,False,False,H,H,,Chelsea FC (ENG)        v FC Nordsjælland (DEN)    6-1 (2-0),UCL 2012.txt,111
UCL_2012_0061,2012/13,2017-09-19,20:45,Group,Group F,Bayern München,GER,Valencia CF,ESP,2,1,2,1,1,0,,,False,False,H,H,,20:45  Bayern München (GER)    v Valencia CF (ESP)        2-1 (1-0),UCL 2012.txt,116
UCL_2012_0062,2012/13,2017-09-19,,Group,Group F,Lille OSC,FRA,BATE Borisov,BLR,1,3,1,3,0,3,,,False,False,A,A,,Lille OSC (FRA)         v BATE Borisov (BLR)       1-3 (0-3),UCL 2012.txt,117
UCL_2012_0063,2012/13,2017-10-02,20:45,Group,Group F,Valencia CF,ESP,Lille OSC,FRA,2,0,2,0,1,0,,,False,False,H,H,,20:45  Valencia CF (ESP)       v Lille OSC (FRA)          2-0 (1-0),UCL 2012.txt,119
UCL_2012_0064,2012/13,2017-10-02,,Group,Group F,BATE Borisov,BLR,Bayern München,GER,3,1,3,1,1,0,,,False,False,H,H,,BATE Borisov (BLR)      v Bayern München (GER)     3-1 (1-0),UCL 2012.txt,120
UCL_2012_0065,2012/13,2017-10-23,20:45,Group,Group F,Lille OSC,FRA,Bayern München,GER,0,1,0,1,0,1,,,False,False,A,A,,20:45  Lille OSC (FRA)         v Bayern München (GER)     0-1 (0-1),UCL 2012.txt,122
UCL_2012_0066,2012/13,2017-10-23,,Group,Group F,BATE Borisov,BLR,Valencia CF,ESP,0,3,0,3,0,1,,,False,False,A,A,,BATE Borisov (BLR)      v Valencia CF (ESP)        0-3 (0-1),UCL 2012.txt,123
UCL_2012_0067,2012/13,2017-11-07,20:45,Group,Group F,Bayern München,GER,Lille OSC,FRA,6,1,6,1,5,0,,,False,False,H,H,,20:45  Bayern München (GER)    v Lille OSC (FRA)          6-1 (5-0),UCL 2012.txt,125
UCL_2012_0068,2012/13,2017-11-07,,Group,Group F,Valencia CF,ESP,BATE Borisov,BLR,4,2,4,2,2,0,,,False,False,H,H,,Valencia CF (ESP)       v BATE Borisov (BLR)       4-2 (2-0),UCL 2012.txt,126
UCL_2012_0069,2012/13,2017-11-20,18:00,Group,Group F,BATE Borisov,BLR,Lille OSC,FRA,0,2,0,2,0,2,,,False,False,A,A,,18:00  BATE Borisov (BLR)      v Lille OSC (FRA)          0-2 (0-2),UCL 2012.txt,128
UCL_2012_0070,2012/13,2017-11-20,20:45,Group,Group F,Valencia CF,ESP,Bayern München,GER,1,1,1,1,0,0,,,False,False,D,D,,20:45  Valencia CF (ESP)       v Bayern München (GER)     1-1 (0-0),UCL 2012.txt,129
UCL_2012_0071,2012/13,2017-12-05,20:45,Group,Group F,Lille OSC,FRA,Valencia CF,ESP,0,1,0,1,0,1,,,False,False,A,A,,20:45  Lille OSC (FRA)         v Valencia CF (ESP)        0-1 (0-1),UCL 2012.txt,131
UCL_2012_0072,2012/13,2017-12-05,,Group,Group F,Bayern München,GER,BATE Borisov,BLR,4,1,4,1,1,0,,,False,False,H,H,,Bayern München (GER)    v BATE Borisov (BLR)       4-1 (1-0),UCL 2012.txt,132
UCL_2012_0073,2012/13,2018-09-19,20:45,Group,Group G,FC Barcelona,ESP,Spartak Moskva,RUS,3,2,3,2,1,1,,,False,False,H,H,,20:45  FC Barcelona (ESP)      v Spartak Moskva (RUS)     3-2 (1-1),UCL 2012.txt,137
UCL_2012_0074,2012/13,2018-09-19,,Group,Group G,Celtic FC,SCO,SL Benfica,POR,0,0,0,0,,,,,False,False,D,D,,Celtic FC (SCO)         v SL Benfica (POR)         0-0,UCL 2012.txt,138
UCL_2012_0075,2012/13,2018-10-02,18:00,Group,Group G,Spartak Moskva,RUS,Celtic FC,SCO,2,3,2,3,1,1,,,False,False,A,A,,18:00  Spartak Moskva (RUS)    v Celtic FC (SCO)          2-3 (1-1),UCL 2012.txt,140
UCL_2012_0076,2012/13,2018-10-02,20:45,Group,Group G,SL Benfica,POR,FC Barcelona,ESP,0,2,0,2,0,1,,,False,False,A,A,,20:45  SL Benfica (POR)        v FC Barcelona (ESP)       0-2 (0-1),UCL 2012.txt,141
UCL_2012_0077,2012/13,2018-10-23,18:00,Group,Group G,Spartak Moskva,RUS,SL Benfica,POR,2,1,2,1,2,1,,,False,False,H,H,,18:00  Spartak Moskva (RUS)    v SL Benfica (POR)         2-1 (2-1),UCL 2012.txt,143
UCL_2012_0078,2012/13,2018-10-23,20:45,Group,Group G,FC Barcelona,ESP,Celtic FC,SCO,2,1,2,1,1,1,,,False,False,H,H,,20:45  FC Barcelona (ESP)      v Celtic FC (SCO)          2-1 (1-1),UCL 2012.txt,144
UCL_2012_0079,2012/13,2018-11-07,20:45,Group,Group G,SL Benfica,POR,Spartak Moskva,RUS,2,0,2,0,0,0,,,False,False,H,H,,20:45  SL Benfica (POR)        v Spartak Moskva (RUS)     2-0 (0-0),UCL 2012.txt,146
UCL_2012_0080,2012/13,2018-11-07,,Group,Group G,Celtic FC,SCO,FC Barcelona,ESP,2,1,2,1,1,0,,,False,False,H,H,,Celtic FC (SCO)         v FC Barcelona (ESP)       2-1 (1-0),UCL 2012.txt,147
UCL_2012_0081,2012/13,2018-11-20,18:00,Group,Group G,Spartak Moskva,RUS,FC Barcelona,ESP,0,3,0,3,0,3,,,False,False,A,A,,18:00  Spartak Moskva (RUS)    v FC Barcelona (ESP)       0-3 (0-3),UCL 2012.txt,149
UCL_2012_0082,2012/13,2018-11-20,20:45,Group,Group G,SL Benfica,POR,Celtic FC,SCO,2,1,2,1,1,1,,,False,False,H,H,,20:45  SL Benfica (POR)        v Celtic FC (SCO)          2-1 (1-1),UCL 2012.txt,150
UCL_2012_0083,2012/13,2018-12-05,20:45,Group,Group G,FC Barcelona,ESP,SL Benfica,POR,0,0,0,0,,,,,False,False,D,D,,20:45  FC Barcelona (ESP)      v SL Benfica (POR)         0-0,UCL 2012.txt,152
UCL_2012_0084,2012/13,2018-12-05,,Group,Group G,Celtic FC,SCO,Spartak Moskva,RUS,2,1,2,1,1,1,,,False,False,H,H,,Celtic FC (SCO)         v Spartak Moskva (RUS)     2-1 (1-1),UCL 2012.txt,153
UCL_2012_0085,2012/13,2019-09-19,20:45,Group,Group H,Manchester United,ENG,Galatasaray,TUR,1,0,1,0,1,0,,,False,False,H,H,,20:45  Manchester United (ENG) v Galatasaray (TUR)        1-0 (1-0),UCL 2012.txt,158
UCL_2012_0086,2012/13,2019-09-19,,Group,Group H,Sporting Braga,POR,CFR Cluj,ROU,0,2,0,2,0,2,,,False,False,A,A,,Sporting Braga (POR)    v CFR Cluj (ROU)           0-2 (0-2),UCL 2012.txt,159
UCL_2012_0087,2012/13,2019-10-02,20:45,Group,Group H,Galatasaray,TUR,Sporting Braga,POR,0,2,0,2,0,1,,,False,False,A,A,,20:45  Galatasaray (TUR)       v Sporting Braga (POR)     0-2 (0-1),UCL 2012.txt,161
UCL_2012_0088,2012/13,2019-10-02,,Group,Group H,CFR Cluj,ROU,Manchester United,ENG,1,2,1,2,1,1,,,False,False,A,A,,CFR Cluj (ROU)          v Manchester United (ENG)  1-2 (1-1),UCL 2012.txt,162
UCL_2012_0089,2012/13,2019-10-23,20:45,Group,Group H,Manchester United,ENG,Sporting Braga,POR,3,2,3,2,1,2,,,False,False,H,H,,20:45  Manchester United (ENG) v Sporting Braga (POR)     3-2 (1-2),UCL 2012.txt,164
UCL_2012_0090,2012/13,2019-10-23,,Group,Group H,Galatasaray,TUR,CFR Cluj,ROU,1,1,1,1,0,1,,,False,False,D,D,,Galatasaray (TUR)       v CFR Cluj (ROU)           1-1 (0-1),UCL 2012.txt,165
UCL_2012_0091,2012/13,2019-11-07,20:45,Group,Group H,Sporting Braga,POR,Manchester United,ENG,1,3,1,3,0,0,,,False,False,A,A,,20:45  Sporting Braga (POR)    v Manchester United (ENG)  1-3 (0-0),UCL 2012.txt,167
UCL_2012_0092,2012/13,2019-11-07,,Group,Group H,CFR Cluj,ROU,Galatasaray,TUR,1,3,1,3,0,1,,,False,False,A,A,,CFR Cluj (ROU)          v Galatasaray (TUR)        1-3 (0-1),UCL 2012.txt,168
UCL_2012_0093,2012/13,2019-11-20,20:45,Group,Group H,Galatasaray,TUR,Manchester United,ENG,1,0,1,0,0,0,,,False,False,H,H,,20:45  Galatasaray (TUR)       v Manchester United (ENG)  1-0 (0-0),UCL 2012.txt,170
UCL_2012_0094,2012/13,2019-11-20,,Group,Group H,CFR Cluj,ROU,Sporting Braga,POR,3,1,3,1,3,1,,,False,False,H,H,,CFR Cluj (ROU)          v Sporting Braga (POR)     3-1 (3-1),UCL 2012.txt,171
UCL_2012_0095,2012/13,2019-12-05,20:45,Group,Group H,Sporting Braga,POR,Galatasaray,TUR,1,2,1,2,1,0,,,False,False,A,A,,20:45  Sporting Braga (POR)    v Galatasaray (TUR)        1-2 (1-0),UCL 2012.txt,173
UCL_2012_0096,2012/13,2019-12-05,,Group,Group H,Manchester United,ENG,CFR Cluj,ROU,0,1,0,1,0,0,,,False,False,A,A,,Manchester United (ENG) v CFR Cluj (ROU)           0-1 (0-0),UCL 2012.txt,174
UCL_2012_0097,2012/13,2013-02-12,20:45,Round of 16,Round of 16,Celtic FC,SCO,Juventus,ITA,0,3,0,3,0,1,,,False,False,A,A,,20:45  Celtic FC (SCO)         v Juventus (ITA)           0-3 (0-1),UCL 2012.txt,179
UCL_2012_0098,2012/13,2013-02-12,,Round of 16,Round of 16,Valencia CF,ESP,Paris Saint-Germain,FRA,1,2,1,2,0,2,,,False,False,A,A,,Valencia CF (ESP)       v Paris Saint-Germain (FRA)  1-2 (0-2),UCL 2012.txt,180
UCL_2012_0099,2012/13,2013-02-13,20:45,Round of 16,Round of 16,Shakhtar Donetsk,UKR,Borussia Dortmund,GER,2,2,2,2,1,1,,,False,False,D,D,,20:45  Shakhtar Donetsk (UKR)  v Borussia Dortmund (GER)  2-2 (1-1),UCL 2012.txt,182
UCL_2012_0100,2012/13,2013-02-13,,Round of 16,Round of 16,Real Madrid,ESP,Manchester United,ENG,1,1,1,1,1,1,,,False,False,D,D,,Real Madrid (ESP)       v Manchester United (ENG)  1-1 (1-1),UCL 2012.txt,183
UCL_2012_0101,2012/13,2013-02-19,20:45,Round of 16,Round of 16,Arsenal FC,ENG,Bayern München,GER,1,3,1,3,0,2,,,False,False,A,A,,20:45  Arsenal FC (ENG)        v Bayern München (GER)     1-3 (0-2),UCL 2012.txt,185
UCL_2012_0102,2012/13,2013-02-19,,Round of 16,Round of 16,FC Porto,POR,Málaga CF,ESP,1,0,1,0,0,0,,,False,False,H,H,,FC Porto (POR)          v Málaga CF (ESP)          1-0 (0-0),UCL 2012.txt,186
UCL_2012_0103,2012/13,2013-02-20,20:45,Round of 16,Round of 16,Galatasaray,TUR,FC Schalke 04,GER,1,1,1,1,1,1,,,False,False,D,D,,20:45  Galatasaray (TUR)       v FC Schalke 04 (GER)      1-1 (1-1),UCL 2012.txt,188
UCL_2012_0104,2012/13,2013-02-20,,Round of 16,Round of 16,AC Milan,ITA,FC Barcelona,ESP,2,0,2,0,0,0,,,False,False,H,H,,AC Milan (ITA)          v FC Barcelona (ESP)       2-0 (0-0),UCL 2012.txt,189
UCL_2012_0105,2012/13,2013-03-05,20:45,Round of 16,Round of 16,Borussia Dortmund,GER,Shakhtar Donetsk,UKR,3,0,3,0,2,0,,,False,False,H,H,,20:45  Borussia Dortmund (GER) v Shakhtar Donetsk (UKR)   3-0 (2-0),UCL 2012.txt,191
UCL_2012_0106,2012/13,2013-03-05,,Round of 16,Round of 16,Manchester United,ENG,Real Madrid,ESP,1,2,1,2,0,0,,,False,False,A,A,,Manchester United (ENG) v Real Madrid (ESP)        1-2 (0-0),UCL 2012.txt,192
UCL_2012_0107,2012/13,2013-03-06,20:45,Round of 16,Round of 16,Juventus,ITA,Celtic FC,SCO,2,0,2,0,1,0,,,False,False,H,H,,20:45  Juventus (ITA)          v Celtic FC (SCO)          2-0 (1-0),UCL 2012.txt,194
UCL_2012_0108,2012/13,2013-03-06,,Round of 16,Round of 16,Paris Saint-Germain,FRA,Valencia CF,ESP,1,1,1,1,0,0,,,False,False,D,D,,Paris Saint-Germain (FRA) v Valencia CF (ESP)        1-1 (0-0),UCL 2012.txt,195
UCL_2012_0109,2012/13,2013-03-12,20:45,Round of 16,Round of 16,FC Schalke 04,GER,Galatasaray,TUR,2,3,2,3,1,2,,,False,False,A,A,,20:45  FC Schalke 04 (GER)     v Galatasaray (TUR)        2-3 (1-2),UCL 2012.txt,197
UCL_2012_0110,2012/13,2013-03-12,,Round of 16,Round of 16,FC Barcelona,ESP,AC Milan,ITA,4,0,4,0,2,0,,,False,False,H,H,,FC Barcelona (ESP)      v AC Milan (ITA)           4-0 (2-0),UCL 2012.txt,198
UCL_2012_0111,2012/13,2013-03-13,20:45,Round of 16,Round of 16,Bayern München,GER,Arsenal FC,ENG,0,2,0,2,0,1,,,False,False,A,A,,20:45  Bayern München (GER)    v Arsenal FC (ENG)         0-2 (0-1),UCL 2012.txt,200
UCL_2012_0112,2012/13,2013-03-13,,Round of 16,Round of 16,Málaga CF,ESP,FC Porto,POR,2,0,2,0,1,0,,,False,False,H,H,,Málaga CF (ESP)         v FC Porto (POR)           2-0 (1-0),UCL 2012.txt,201
UCL_2012_0113,2012/13,2013-04-02,20:45,Quarterfinals,Quarterfinals,Paris Saint-Germain,FRA,FC Barcelona,ESP,2,2,2,2,0,1,,,False,False,D,D,,20:45  Paris Saint-Germain (FRA) v FC Barcelona (ESP)       2-2 (0-1),UCL 2012.txt,206
UCL_2012_0114,2012/13,2013-04-02,,Quarterfinals,Quarterfinals,Bayern München,GER,Juventus,ITA,2,0,2,0,1,0,,,False,False,H,H,,Bayern München (GER)    v Juventus (ITA)           2-0 (1-0),UCL 2012.txt,207
UCL_2012_0115,2012/13,2013-04-03,20:45,Quarterfinals,Quarterfinals,Málaga CF,ESP,Borussia Dortmund,GER,0,0,0,0,,,,,False,False,D,D,,20:45  Málaga CF (ESP)         v Borussia Dortmund (GER)  0-0,UCL 2012.txt,209
UCL_2012_0116,2012/13,2013-04-03,,Quarterfinals,Quarterfinals,Real Madrid,ESP,Galatasaray,TUR,3,0,3,0,2,0,,,False,False,H,H,,Real Madrid (ESP)       v Galatasaray (TUR)        3-0 (2-0),UCL 2012.txt,210
UCL_2012_0117,2012/13,2013-04-09,20:45,Quarterfinals,Quarterfinals,Borussia Dortmund,GER,Málaga CF,ESP,3,2,3,2,1,1,,,False,False,H,H,,20:45  Borussia Dortmund (GER) v Málaga CF (ESP)          3-2 (1-1),UCL 2012.txt,212
UCL_2012_0118,2012/13,2013-04-09,,Quarterfinals,Quarterfinals,Galatasaray,TUR,Real Madrid,ESP,3,2,3,2,0,1,,,False,False,H,H,,Galatasaray (TUR)       v Real Madrid (ESP)        3-2 (0-1),UCL 2012.txt,213
UCL_2012_0119,2012/13,2013-04-10,20:45,Quarterfinals,Quarterfinals,FC Barcelona,ESP,Paris Saint-Germain,FRA,1,1,1,1,0,0,,,False,False,D,D,,20:45  FC Barcelona (ESP)      v Paris Saint-Germain (FRA)  1-1 (0-0),UCL 2012.txt,215
UCL_2012_0120,2012/13,2013-04-10,,Quarterfinals,Quarterfinals,Juventus,ITA,Bayern München,GER,0,2,0,2,0,0,,,False,False,A,A,,Juventus (ITA)          v Bayern München (GER)     0-2 (0-0),UCL 2012.txt,216
UCL_2012_0121,2012/13,2013-04-23,20:45,Semifinals,Semifinals,Bayern München,GER,FC Barcelona,ESP,4,0,4,0,1,0,,,False,False,H,H,,20:45  Bayern München (GER)    v FC Barcelona (ESP)       4-0 (1-0),UCL 2012.txt,221
UCL_2012_0122,2012/13,2013-04-24,20:45,Semifinals,Semifinals,Borussia Dortmund,GER,Real Madrid,ESP,4,1,4,1,1,1,,,False,False,H,H,,20:45  Borussia Dortmund (GER) v Real Madrid (ESP)        4-1 (1-1),UCL 2012.txt,223
UCL_2012_0123,2012/13,2013-04-30,20:45,Semifinals,Semifinals,Real Madrid,ESP,Borussia Dortmund,GER,2,0,2,0,0,0,,,False,False,H,H,,20:45  Real Madrid (ESP)       v Borussia Dortmund (GER)  2-0 (0-0),UCL 2012.txt,225
UCL_2012_0124,2012/13,2013-05-01,20:45,Semifinals,Semifinals,FC Barcelona,ESP,Bayern München,GER,0,3,0,3,0,0,,,False,False,A,A,,20:45  FC Barcelona (ESP)      v Bayern München (GER)     0-3 (0-0),UCL 2012.txt,227
UCL_2012_0125,2012/13,2013-05-25,20:45,Final,Final,Borussia Dortmund,GER,Bayern München,GER,1,2,1,2,0,0,,,False,False,A,A,,20:45  Borussia Dortmund (GER) v Bayern München (GER)     1-2 (0-0),UCL 2012.txt,232
UCL_2013_0001,2013/14,2013-09-17,20:45,Group,Group A,Manchester United,ENG,Bayer Leverkusen,GER,4,2,4,2,1,0,,,False,False,H,H,,20:45  Manchester United (ENG) v Bayer Leverkusen (GER)   4-2 (1-0),UCL 2013.txt,11
UCL_2013_0002,2013/14,2013-09-17,,Group,Group A,Real Sociedad,ESP,Shakhtar Donetsk,UKR,0,2,0,2,0,0,,,False,False,A,A,,Real Sociedad (ESP)     v Shakhtar Donetsk (UKR)   0-2 (0-0),UCL 2013.txt,12
UCL_2013_0003,2013/14,2013-10-02,20:45,Group,Group A,Shakhtar Donetsk,UKR,Manchester United,ENG,1,1,1,1,0,1,,,False,False,D,D,,20:45  Shakhtar Donetsk (UKR)  v Manchester United (ENG)  1-1 (0-1),UCL 2013.txt,14
UCL_2013_0004,2013/14,2013-10-02,,Group,Group A,Bayer Leverkusen,GER,Real Sociedad,ESP,2,1,2,1,1,0,,,False,False,H,H,,Bayer Leverkusen (GER)  v Real Sociedad (ESP)      2-1 (1-0),UCL 2013.txt,15
UCL_2013_0005,2013/14,2013-10-23,20:45,Group,Group A,Bayer Leverkusen,GER,Shakhtar Donetsk,UKR,4,0,4,0,1,0,,,False,False,H,H,,20:45  Bayer Leverkusen (GER)  v Shakhtar Donetsk (UKR)   4-0 (1-0),UCL 2013.txt,17
UCL_2013_0006,2013/14,2013-10-23,,Group,Group A,Manchester United,ENG,Real Sociedad,ESP,1,0,1,0,1,0,,,False,False,H,H,,Manchester United (ENG) v Real Sociedad (ESP)      1-0 (1-0),UCL 2013.txt,18
UCL_2013_0007,2013/14,2013-11-05,20:45,Group,Group A,Shakhtar Donetsk,UKR,Bayer Leverkusen,GER,0,0,0,0,,,,,False,False,D,D,,20:45  Shakhtar Donetsk (UKR)  v Bayer Leverkusen (GER)   0-0,UCL 2013.txt,20
UCL_2013_0008,2013/14,2013-11-05,,Group,Group A,Real Sociedad,ESP,Manchester United,ENG,0,0,0,0,,,,,False,False,D,D,,Real Sociedad (ESP)     v Manchester United (ENG)  0-0,UCL 2013.txt,21
UCL_2013_0009,2013/14,2013-11-27,20:45,Group,Group A,Bayer Leverkusen,GER,Manchester United,ENG,0,5,0,5,0,2,,,False,False,A,A,,20:45  Bayer Leverkusen (GER)  v Manchester United (ENG)  0-5 (0-2),UCL 2013.txt,23
UCL_2013_0010,2013/14,2013-11-27,,Group,Group A,Shakhtar Donetsk,UKR,Real Sociedad,ESP,4,0,4,0,1,0,,,False,False,H,H,,Shakhtar Donetsk (UKR)  v Real Sociedad (ESP)      4-0 (1-0),UCL 2013.txt,24
UCL_2013_0011,2013/14,2013-12-10,20:45,Group,Group A,Manchester United,ENG,Shakhtar Donetsk,UKR,1,0,1,0,0,0,,,False,False,H,H,,20:45  Manchester United (ENG) v Shakhtar Donetsk (UKR)   1-0 (0-0),UCL 2013.txt,26
UCL_2013_0012,2013/14,2013-12-10,,Group,Group A,Real Sociedad,ESP,Bayer Leverkusen,GER,0,1,0,1,0,0,,,False,False,A,A,,Real Sociedad (ESP)     v Bayer Leverkusen (GER)   0-1 (0-0),UCL 2013.txt,27
UCL_2013_0013,2013/14,2014-09-17,20:45,Group,Group B,Galatasaray,TUR,Real Madrid,ESP,1,6,1,6,0,1,,,False,False,A,A,,20:45  Galatasaray (TUR)       v Real Madrid (ESP)        1-6 (0-1),UCL 2013.txt,32
UCL_2013_0014,2013/14,2014-09-17,,Group,Group B,FC København,DEN,Juventus,ITA,1,1,1,1,1,0,,,False,False,D,D,,FC København (DEN)      v Juventus (ITA)           1-1 (1-0),UCL 2013.txt,33
UCL_2013_0015,2013/14,2014-10-02,20:45,Group,Group B,Juventus,ITA,Galatasaray,TUR,2,2,2,2,0,1,,,False,False,D,D,,20:45  Juventus (ITA)          v Galatasaray (TUR)        2-2 (0-1),UCL 2013.txt,35
UCL_2013_0016,2013/14,2014-10-02,,Group,Group B,Real Madrid,ESP,FC København,DEN,4,0,4,0,1,0,,,False,False,H,H,,Real Madrid (ESP)       v FC København (DEN)       4-0 (1-0),UCL 2013.txt,36
UCL_2013_0017,2013/14,2014-10-23,20:45,Group,Group B,Real Madrid,ESP,Juventus,ITA,2,1,2,1,2,1,,,False,False,H,H,,20:45  Real Madrid (ESP)       v Juventus (ITA)           2-1 (2-1),UCL 2013.txt,38
UCL_2013_0018,2013/14,2014-10-23,,Group,Group B,Galatasaray,TUR,FC København,DEN,3,1,3,1,3,0,,,False,False,H,H,,Galatasaray (TUR)       v FC København (DEN)       3-1 (3-0),UCL 2013.txt,39
UCL_2013_0019,2013/14,2014-11-05,20:45,Group,Group B,Juventus,ITA,Real Madrid,ESP,2,2,2,2,1,0,,,False,False,D,D,,20:45  Juventus (ITA)          v Real Madrid (ESP)        2-2 (1-0),UCL 2013.txt,41
UCL_2013_0020,2013/14,2014-11-05,,Group,Group B,FC København,DEN,Galatasaray,TUR,1,0,1,0,1,0,,,False,False,H,H,,FC København (DEN)      v Galatasaray (TUR)        1-0 (1-0),UCL 2013.txt,42
UCL_2013_0021,2013/14,2014-11-27,20:45,Group,Group B,Real Madrid,ESP,Galatasaray,TUR,4,1,4,1,1,1,,,False,False,H,H,,20:45  Real Madrid (ESP)       v Galatasaray (TUR)        4-1 (1-1),UCL 2013.txt,44
UCL_2013_0022,2013/14,2014-11-27,,Group,Group B,Juventus,ITA,FC København,DEN,3,1,3,1,1,0,,,False,False,H,H,,Juventus (ITA)          v FC København (DEN)       3-1 (1-0),UCL 2013.txt,45
UCL_2013_0023,2013/14,2014-12-10,20:45,Group,Group B,FC København,DEN,Real Madrid,ESP,0,2,0,2,0,1,,,False,False,A,A,,20:45  FC København (DEN)      v Real Madrid (ESP)        0-2 (0-1),UCL 2013.txt,47
UCL_2013_0024,2013/14,2014-12-11,14:00,Group,Group B,Galatasaray,TUR,Juventus,ITA,1,0,1,0,0,0,,,False,False,H,H,,14:00  Galatasaray (TUR)       v Juventus (ITA)           1-0 (0-0),UCL 2013.txt,49
UCL_2013_0025,2013/14,2015-09-17,20:45,Group,Group C,Olympiakos Piraeus,GRE,Paris Saint-Germain,FRA,1,4,1,4,1,1,,,False,False,A,A,,20:45  Olympiakos Piraeus (GRE) v Paris Saint-Germain (FRA)  1-4 (1-1),UCL 2013.txt,54
UCL_2013_0026,2013/14,2015-09-17,,Group,Group C,SL Benfica,POR,RSC Anderlecht,BEL,2,0,2,0,2,0,,,False,False,H,H,,SL Benfica (POR)        v RSC Anderlecht (BEL)     2-0 (2-0),UCL 2013.txt,55
UCL_2013_0027,2013/14,2015-10-02,20:45,Group,Group C,Paris Saint-Germain,FRA,SL Benfica,POR,3,0,3,0,3,0,,,False,False,H,H,,20:45  Paris Saint-Germain (FRA) v SL Benfica (POR)         3-0 (3-0),UCL 2013.txt,57
UCL_2013_0028,2013/14,2015-10-02,,Group,Group C,RSC Anderlecht,BEL,Olympiakos Piraeus,GRE,0,3,0,3,0,1,,,False,False,A,A,,RSC Anderlecht (BEL)    v Olympiakos Piraeus (GRE)  0-3 (0-1),UCL 2013.txt,58
UCL_2013_0029,2013/14,2015-10-23,20:45,Group,Group C,RSC Anderlecht,BEL,Paris Saint-Germain,FRA,0,5,0,5,0,3,,,False,False,A,A,,20:45  RSC Anderlecht (BEL)    v Paris Saint-Germain (FRA)  0-5 (0-3),UCL 2013.txt,60
UCL_2013_0030,2013/14,2015-10-23,,Group,Group C,SL Benfica,POR,Olympiakos Piraeus,GRE,1,1,1,1,0,1,,,False,False,D,D,,SL Benfica (POR)        v Olympiakos Piraeus (GRE)  1-1 (0-1),UCL 2013.txt,61
UCL_2013_0031,2013/14,2015-11-05,20:45,Group,Group C,Paris Saint-Germain,FRA,RSC Anderlecht,BEL,1,1,1,1,0,0,,,False,False,D,D,,20:45  Paris Saint-Germain (FRA) v RSC Anderlecht (BEL)     1-1 (0-0),UCL 2013.txt,63
UCL_2013_0032,2013/14,2015-11-05,,Group,Group C,Olympiakos Piraeus,GRE,SL Benfica,POR,1,0,1,0,1,0,,,False,False,H,H,,Olympiakos Piraeus (GRE) v SL Benfica (POR)         1-0 (1-0),UCL 2013.txt,64
UCL_2013_0033,2013/14,2015-11-27,20:45,Group,Group C,RSC Anderlecht,BEL,SL Benfica,POR,2,3,2,3,1,1,,,False,False,A,A,,20:45  RSC Anderlecht (BEL)    v SL Benfica (POR)         2-3 (1-1),UCL 2013.txt,66
UCL_2013_0034,2013/14,2015-11-27,,Group,Group C,Paris Saint-Germain,FRA,Olympiakos Piraeus,GRE,2,1,2,1,1,0,,,False,False,H,H,,Paris Saint-Germain (FRA) v Olympiakos Piraeus (GRE)  2-1 (1-0),UCL 2013.txt,67
UCL_2013_0035,2013/14,2015-12-10,20:45,Group,Group C,SL Benfica,POR,Paris Saint-Germain,FRA,2,1,2,1,1,1,,,False,False,H,H,,20:45  SL Benfica (POR)        v Paris Saint-Germain (FRA)  2-1 (1-1),UCL 2013.txt,69
UCL_2013_0036,2013/14,2015-12-10,,Group,Group C,Olympiakos Piraeus,GRE,RSC Anderlecht,BEL,3,1,3,1,1,1,,,False,False,H,H,,Olympiakos Piraeus (GRE) v RSC Anderlecht (BEL)     3-1 (1-1),UCL 2013.txt,70
UCL_2013_0037,2013/14,2016-09-17,20:45,Group,Group D,Bayern München,GER,CSKA Moskva,RUS,3,0,3,0,2,0,,,False,False,H,H,,20:45  Bayern München (GER)    v CSKA Moskva (RUS)        3-0 (2-0),UCL 2013.txt,75
UCL_2013_0038,2013/14,2016-09-17,,Group,Group D,Viktoria Plzeň,CZE,Manchester City,ENG,0,3,0,3,0,0,,,False,False,A,A,,Viktoria Plzeň (CZE)    v Manchester City (ENG)    0-3 (0-0),UCL 2013.txt,76
UCL_2013_0039,2013/14,2016-10-02,18:00,Group,Group D,CSKA Moskva,RUS,Viktoria Plzeň,CZE,3,2,3,2,2,1,,,False,False,H,H,,18:00  CSKA Moskva (RUS)       v Viktoria Plzeň (CZE)     3-2 (2-1),UCL 2013.txt,78
UCL_2013_0040,2013/14,2016-10-02,20:45,Group,Group D,Manchester City,ENG,Bayern München,GER,1,3,1,3,0,1,,,False,False,A,A,,20:45  Manchester City (ENG)   v Bayern München (GER)     1-3 (0-1),UCL 2013.txt,79
UCL_2013_0041,2013/14,2016-10-23,18:00,Group,Group D,CSKA Moskva,RUS,Manchester City,ENG,1,2,1,2,1,2,,,False,False,A,A,,18:00  CSKA Moskva (RUS)       v Manchester City (ENG)    1-2 (1-2),UCL 2013.txt,81
UCL_2013_0042,2013/14,2016-10-23,20:45,Group,Group D,Bayern München,GER,Viktoria Plzeň,CZE,5,0,5,0,2,0,,,False,False,H,H,,20:45  Bayern München (GER)    v Viktoria Plzeň (CZE)     5-0 (2-0),UCL 2013.txt,82
UCL_2013_0043,2013/14,2016-11-05,20:45,Group,Group D,Manchester City,ENG,CSKA Moskva,RUS,5,2,5,2,3,1,,,False,False,H,H,,20:45  Manchester City (ENG)   v CSKA Moskva (RUS)        5-2 (3-1),UCL 2013.txt,84
UCL_2013_0044,2013/14,2016-11-05,,Group,Group D,Viktoria Plzeň,CZE,Bayern München,GER,0,1,0,1,0,0,,,False,False,A,A,,Viktoria Plzeň (CZE)    v Bayern München (GER)     0-1 (0-0),UCL 2013.txt,85
UCL_2013_0045,2013/14,2016-11-27,18:00,Group,Group D,CSKA Moskva,RUS,Bayern München,GER,1,3,1,3,0,1,,,False,False,A,A,,18:00  CSKA Moskva (RUS)       v Bayern München (GER)     1-3 (0-1),UCL 2013.txt,87
UCL_2013_0046,2013/14,2016-11-27,20:45,Group,Group D,Manchester City,ENG,Viktoria Plzeň,CZE,4,2,4,2,1,1,,,False,False,H,H,,20:45  Manchester City (ENG)   v Viktoria Plzeň (CZE)     4-2 (1-1),UCL 2013.txt,88
UCL_2013_0047,2013/14,2016-12-10,20:45,Group,Group D,Bayern München,GER,Manchester City,ENG,2,3,2,3,2,1,,,False,False,A,A,,20:45  Bayern München (GER)    v Manchester City (ENG)    2-3 (2-1),UCL 2013.txt,90
UCL_2013_0048,2013/14,2016-12-10,,Group,Group D,Viktoria Plzeň,CZE,CSKA Moskva,RUS,2,1,2,1,0,0,,,False,False,H,H,,Viktoria Plzeň (CZE)    v CSKA Moskva (RUS)        2-1 (0-0),UCL 2013.txt,91
UCL_2013_0049,2013/14,2017-09-18,20:45,Group,Group E,Chelsea FC,ENG,FC Basel 1893,SUI,1,2,1,2,1,0,,,False,False,A,A,,20:45  Chelsea FC (ENG)        v FC Basel 1893 (SUI)      1-2 (1-0),UCL 2013.txt,96
UCL_2013_0050,2013/14,2017-09-18,,Group,Group E,FC Schalke 04,GER,FC Steaua Bucureşti,ROU,3,0,3,0,0,0,,,False,False,H,H,,FC Schalke 04 (GER)     v FC Steaua Bucureşti (ROU)  3-0 (0-0),UCL 2013.txt,97
UCL_2013_0051,2013/14,2017-10-01,20:45,Group,Group E,FC Basel 1893,SUI,FC Schalke 04,GER,0,1,0,1,0,0,,,False,False,A,A,,20:45  FC Basel 1893 (SUI)     v FC Schalke 04 (GER)      0-1 (0-0),UCL 2013.txt,99
UCL_2013_0052,2013/14,2017-10-01,,Group,Group E,FC Steaua Bucureşti,ROU,Chelsea FC,ENG,0,4,0,4,0,2,,,False,False,A,A,,FC Steaua Bucureşti (ROU) v Chelsea FC (ENG)         0-4 (0-2),UCL 2013.txt,100
UCL_2013_0053,2013/14,2017-10-22,20:45,Group,Group E,FC Schalke 04,GER,Chelsea FC,ENG,0,3,0,3,0,1,,,False,False,A,A,,20:45  FC Schalke 04 (GER)     v Chelsea FC (ENG)         0-3 (0-1),UCL 2013.txt,102
UCL_2013_0054,2013/14,2017-10-22,,Group,Group E,FC Steaua Bucureşti,ROU,FC Basel 1893,SUI,1,1,1,1,0,0,,,False,False,D,D,,FC Steaua Bucureşti (ROU) v FC Basel 1893 (SUI)      1-1 (0-0),UCL 2013.txt,103
UCL_2013_0055,2013/14,2017-11-06,20:45,Group,Group E,Chelsea FC,ENG,FC Schalke 04,GER,3,0,3,0,1,0,,,False,False,H,H,,20:45  Chelsea FC (ENG)        v FC Schalke 04 (GER)      3-0 (1-0),UCL 2013.txt,105
UCL_2013_0056,2013/14,2017-11-06,,Group,Group E,FC Basel 1893,SUI,FC Steaua Bucureşti,ROU,1,1,1,1,0,1,,,False,False,D,D,,FC Basel 1893 (SUI)     v FC Steaua Bucureşti (ROU)  1-1 (0-1),UCL 2013.txt,106
UCL_2013_0057,2013/14,2017-11-26,20:45,Group,Group E,FC Basel 1893,SUI,Chelsea FC,ENG,1,0,1,0,0,0,,,False,False,H,H,,20:45  FC Basel 1893 (SUI)     v Chelsea FC (ENG)         1-0 (0-0),UCL 2013.txt,108
UCL_2013_0058,2013/14,2017-11-26,,Group,Group E,FC Steaua Bucureşti,ROU,FC Schalke 04,GER,0,0,0,0,,,,,False,False,D,D,,FC Steaua Bucureşti (ROU) v FC Schalke 04 (GER)      0-0,UCL 2013.txt,109
UCL_2013_0059,2013/14,2017-12-11,20:45,Group,Group E,FC Schalke 04,GER,FC Basel 1893,SUI,2,0,2,0,0,0,,,False,False,H,H,,20:45  FC Schalke 04 (GER)     v FC Basel 1893 (SUI)      2-0 (0-0),UCL 2013.txt,111
UCL_2013_0060,2013/14,2017-12-11,,Group,Group E,Chelsea FC,ENG,FC Steaua Bucureşti,ROU,1,0,1,0,1,0,,,False,False,H,H,,Chelsea FC (ENG)        v FC Steaua Bucureşti (ROU)  1-0 (1-0),UCL 2013.txt,112
UCL_2013_0061,2013/14,2018-09-18,20:45,Group,Group F,Olympique Marseille,FRA,Arsenal FC,ENG,1,2,1,2,0,0,,,False,False,A,A,,20:45  Olympique Marseille (FRA) v Arsenal FC (ENG)         1-2 (0-0),UCL 2013.txt,117
UCL_2013_0062,2013/14,2018-09-18,,Group,Group F,SSC Napoli,ITA,Borussia Dortmund,GER,2,1,2,1,1,0,,,False,False,H,H,,SSC Napoli (ITA)        v Borussia Dortmund (GER)  2-1 (1-0),UCL 2013.txt,118
UCL_2013_0063,2013/14,2018-10-01,20:45,Group,Group F,Borussia Dortmund,GER,Olympique Marseille,FRA,3,0,3,0,1,0,,,False,False,H,H,,20:45  Borussia Dortmund (GER) v Olympique Marseille (FRA)  3-0 (1-0),UCL 2013.txt,120
UCL_2013_0064,2013/14,2018-10-01,,Group,Group F,Arsenal FC,ENG,SSC Napoli,ITA,2,0,2,0,2,0,,,False,False,H,H,,Arsenal FC (ENG)        v SSC Napoli (ITA)         2-0 (2-0),UCL 2013.txt,121
UCL_2013_0065,2013/14,2018-10-22,20:45,Group,Group F,Arsenal FC,ENG,Borussia Dortmund,GER,1,2,1,2,1,1,,,False,False,A,A,,20:45  Arsenal FC (ENG)        v Borussia Dortmund (GER)  1-2 (1-1),UCL 2013.txt,123
UCL_2013_0066,2013/14,2018-10-22,,Group,Group F,Olympique Marseille,FRA,SSC Napoli,ITA,1,2,1,2,0,1,,,False,False,A,A,,Olympique Marseille (FRA) v SSC Napoli (ITA)         1-2 (0-1),UCL 2013.txt,124
UCL_2013_0067,2013/14,2018-11-06,20:45,Group,Group F,Borussia Dortmund,GER,Arsenal FC,ENG,0,1,0,1,0,0,,,False,False,A,A,,20:45  Borussia Dortmund (GER) v Arsenal FC (ENG)         0-1 (0-0),UCL 2013.txt,126
UCL_2013_0068,2013/14,2018-11-06,,Group,Group F,SSC Napoli,ITA,Olympique Marseille,FRA,3,2,3,2,2,1,,,False,False,H,H,,SSC Napoli (ITA)        v Olympique Marseille (FRA)  3-2 (2-1),UCL 2013.txt,127
UCL_2013_0069,2013/14,2018-11-26,20:45,Group,Group F,Arsenal FC,ENG,Olympique Marseille,FRA,2,0,2,0,1,0,,,False,False,H,H,,20:45  Arsenal FC (ENG)        v Olympique Marseille (FRA)  2-0 (1-0),UCL 2013.txt,129
UCL_2013_0070,2013/14,2018-11-26,,Group,Group F,Borussia Dortmund,GER,SSC Napoli,ITA,3,1,3,1,1,0,,,False,False,H,H,,Borussia Dortmund (GER) v SSC Napoli (ITA)         3-1 (1-0),UCL 2013.txt,130
UCL_2013_0071,2013/14,2018-12-11,20:45,Group,Group F,Olympique Marseille,FRA,Borussia Dortmund,GER,1,2,1,2,1,1,,,False,False,A,A,,20:45  Olympique Marseille (FRA) v Borussia Dortmund (GER)  1-2 (1-1),UCL 2013.txt,132
UCL_2013_0072,2013/14,2018-12-11,,Group,Group F,SSC Napoli,ITA,Arsenal FC,ENG,2,0,2,0,0,0,,,False,False,H,H,,SSC Napoli (ITA)        v Arsenal FC (ENG)         2-0 (0-0),UCL 2013.txt,133
UCL_2013_0073,2013/14,2019-09-18,20:45,Group,Group G,Atlético Madrid,ESP,Zenit St. Petersburg,RUS,3,1,3,1,1,0,,,False,False,H,H,,20:45  Atlético Madrid (ESP)   v Zenit St. Petersburg (RUS)  3-1 (1-0),UCL 2013.txt,138
UCL_2013_0074,2013/14,2019-09-18,,Group,Group G,Austria Wien,AUT,FC Porto,POR,0,1,0,1,0,0,,,False,False,A,A,,Austria Wien (AUT)      v FC Porto (POR)           0-1 (0-0),UCL 2013.txt,139
UCL_2013_0075,2013/14,2019-10-01,18:00,Group,Group G,Zenit St. Petersburg,RUS,Austria Wien,AUT,0,0,0,0,,,,,False,False,D,D,,18:00  Zenit St. Petersburg (RUS) v Austria Wien (AUT)       0-0,UCL 2013.txt,141
UCL_2013_0076,2013/14,2019-10-01,20:45,Group,Group G,FC Porto,POR,Atlético Madrid,ESP,1,2,1,2,1,0,,,False,False,A,A,,20:45  FC Porto (POR)          v Atlético Madrid (ESP)    1-2 (1-0),UCL 2013.txt,142
UCL_2013_0077,2013/14,2019-10-22,20:45,Group,Group G,FC Porto,POR,Zenit St. Petersburg,RUS,0,1,0,1,0,0,,,False,False,A,A,,20:45  FC Porto (POR)          v Zenit St. Petersburg (RUS)  0-1 (0-0),UCL 2013.txt,144
UCL_2013_0078,2013/14,2019-10-22,,Group,Group G,Austria Wien,AUT,Atlético Madrid,ESP,0,3,0,3,0,2,,,False,False,A,A,,Austria Wien (AUT)      v Atlético Madrid (ESP)    0-3 (0-2),UCL 2013.txt,145
UCL_2013_0079,2013/14,2019-11-06,18:00,Group,Group G,Zenit St. Petersburg,RUS,FC Porto,POR,1,1,1,1,1,1,,,False,False,D,D,,18:00  Zenit St. Petersburg (RUS) v FC Porto (POR)           1-1 (1-1),UCL 2013.txt,147
UCL_2013_0080,2013/14,2019-11-06,20:45,Group,Group G,Atlético Madrid,ESP,Austria Wien,AUT,4,0,4,0,3,0,,,False,False,H,H,,20:45  Atlético Madrid (ESP)   v Austria Wien (AUT)       4-0 (3-0),UCL 2013.txt,148
UCL_2013_0081,2013/14,2019-11-26,18:00,Group,Group G,Zenit St. Petersburg,RUS,Atlético Madrid,ESP,1,1,1,1,0,0,,,False,False,D,D,,18:00  Zenit St. Petersburg (RUS) v Atlético Madrid (ESP)    1-1 (0-0),UCL 2013.txt,150
UCL_2013_0082,2013/14,2019-11-26,20:45,Group,Group G,FC Porto,POR,Austria Wien,AUT,1,1,1,1,0,1,,,False,False,D,D,,20:45  FC Porto (POR)          v Austria Wien (AUT)       1-1 (0-1),UCL 2013.txt,151
UCL_2013_0083,2013/14,2019-12-11,20:45,Group,Group G,Atlético Madrid,ESP,FC Porto,POR,2,0,2,0,2,0,,,False,False,H,H,,20:45  Atlético Madrid (ESP)   v FC Porto (POR)           2-0 (2-0),UCL 2013.txt,153
UCL_2013_0084,2013/14,2019-12-11,,Group,Group G,Austria Wien,AUT,Zenit St. Petersburg,RUS,4,1,4,1,1,1,,,False,False,H,H,,Austria Wien (AUT)      v Zenit St. Petersburg (RUS)  4-1 (1-1),UCL 2013.txt,154
UCL_2013_0085,2013/14,2020-09-18,20:45,Group,Group H,FC Barcelona,ESP,AFC Ajax,NED,4,0,4,0,1,0,,,False,False,H,H,,20:45  FC Barcelona (ESP)      v AFC Ajax (NED)           4-0 (1-0),UCL 2013.txt,159
UCL_2013_0086,2013/14,2020-09-18,,Group,Group H,AC Milan,ITA,Celtic FC,SCO,2,0,2,0,0,0,,,False,False,H,H,,AC Milan (ITA)          v Celtic FC (SCO)          2-0 (0-0),UCL 2013.txt,160
UCL_2013_0087,2013/14,2020-10-01,20:45,Group,Group H,AFC Ajax,NED,AC Milan,ITA,1,1,1,1,0,0,,,False,False,D,D,,20:45  AFC Ajax (NED)          v AC Milan (ITA)           1-1 (0-0),UCL 2013.txt,162
UCL_2013_0088,2013/14,2020-10-01,,Group,Group H,Celtic FC,SCO,FC Barcelona,ESP,0,1,0,1,0,0,,,False,False,A,A,,Celtic FC (SCO)         v FC Barcelona (ESP)       0-1 (0-0),UCL 2013.txt,163
UCL_2013_0089,2013/14,2020-10-22,20:45,Group,Group H,AC Milan,ITA,FC Barcelona,ESP,1,1,1,1,1,1,,,False,False,D,D,,20:45  AC Milan (ITA)          v FC Barcelona (ESP)       1-1 (1-1),UCL 2013.txt,165
UCL_2013_0090,2013/14,2020-10-22,,Group,Group H,Celtic FC,SCO,AFC Ajax,NED,2,1,2,1,1,0,,,False,False,H,H,,Celtic FC (SCO)         v AFC Ajax (NED)           2-1 (1-0),UCL 2013.txt,166
UCL_2013_0091,2013/14,2020-11-06,20:45,Group,Group H,FC Barcelona,ESP,AC Milan,ITA,3,1,3,1,2,1,,,False,False,H,H,,20:45  FC Barcelona (ESP)      v AC Milan (ITA)           3-1 (2-1),UCL 2013.txt,168
UCL_2013_0092,2013/14,2020-11-06,,Group,Group H,AFC Ajax,NED,Celtic FC,SCO,1,0,1,0,0,0,,,False,False,H,H,,AFC Ajax (NED)          v Celtic FC (SCO)          1-0 (0-0),UCL 2013.txt,169
UCL_2013_0093,2013/14,2020-11-26,20:45,Group,Group H,AFC Ajax,NED,FC Barcelona,ESP,2,1,2,1,2,0,,,False,False,H,H,,20:45  AFC Ajax (NED)          v FC Barcelona (ESP)       2-1 (2-0),UCL 2013.txt,171
UCL_2013_0094,2013/14,2020-11-26,,Group,Group H,Celtic FC,SCO,AC Milan,ITA,0,3,0,3,0,1,,,False,False,A,A,,Celtic FC (SCO)         v AC Milan (ITA)           0-3 (0-1),UCL 2013.txt,172
UCL_2013_0095,2013/14,2020-12-11,20:45,Group,Group H,AC Milan,ITA,AFC Ajax,NED,0,0,0,0,,,,,False,False,D,D,,20:45  AC Milan (ITA)          v AFC Ajax (NED)           0-0,UCL 2013.txt,174
UCL_2013_0096,2013/14,2020-12-11,,Group,Group H,FC Barcelona,ESP,Celtic FC,SCO,6,1,6,1,3,0,,,False,False,H,H,,FC Barcelona (ESP)      v Celtic FC (SCO)          6-1 (3-0),UCL 2013.txt,175
UCL_2013_0097,2013/14,2014-02-18,20:45,Round of 16,Round of 16,Manchester City,ENG,FC Barcelona,ESP,0,2,0,2,0,0,,,False,False,A,A,,20:45  Manchester City (ENG)   v FC Barcelona (ESP)       0-2 (0-0),UCL 2013.txt,180
UCL_2013_0098,2013/14,2014-02-18,,Round of 16,Round of 16,Bayer Leverkusen,GER,Paris Saint-Germain,FRA,0,4,0,4,0,3,,,False,False,A,A,,Bayer Leverkusen (GER)  v Paris Saint-Germain (FRA)  0-4 (0-3),UCL 2013.txt,181
UCL_2013_0099,2013/14,2014-02-19,20:45,Round of 16,Round of 16,AC Milan,ITA,Atlético Madrid,ESP,0,1,0,1,0,0,,,False,False,A,A,,20:45  AC Milan (ITA)          v Atlético Madrid (ESP)    0-1 (0-0),UCL 2013.txt,183
UCL_2013_0100,2013/14,2014-02-19,,Round of 16,Round of 16,Arsenal FC,ENG,Bayern München,GER,0,2,0,2,0,0,,,False,False,A,A,,Arsenal FC (ENG)        v Bayern München (GER)     0-2 (0-0),UCL 2013.txt,184
UCL_2013_0101,2013/14,2014-02-25,18:00,Round of 16,Round of 16,Zenit St. Petersburg,RUS,Borussia Dortmund,GER,2,4,2,4,0,2,,,False,False,A,A,,18:00  Zenit St. Petersburg (RUS) v Borussia Dortmund (GER)  2-4 (0-2),UCL 2013.txt,186
UCL_2013_0102,2013/14,2014-02-25,20:45,Round of 16,Round of 16,Olympiakos Piraeus,GRE,Manchester United,ENG,2,0,2,0,1,0,,,False,False,H,H,,20:45  Olympiakos Piraeus (GRE) v Manchester United (ENG)  2-0 (1-0),UCL 2013.txt,187
UCL_2013_0103,2013/14,2014-02-26,20:45,Round of 16,Round of 16,Galatasaray,TUR,Chelsea FC,ENG,1,1,1,1,0,1,,,False,False,D,D,,20:45  Galatasaray (TUR)       v Chelsea FC (ENG)         1-1 (0-1),UCL 2013.txt,189
UCL_2013_0104,2013/14,2014-02-26,,Round of 16,Round of 16,FC Schalke 04,GER,Real Madrid,ESP,1,6,1,6,0,2,,,False,False,A,A,,FC Schalke 04 (GER)     v Real Madrid (ESP)        1-6 (0-2),UCL 2013.txt,190
UCL_2013_0105,2013/14,2014-03-11,20:45,Round of 16,Round of 16,Atlético Madrid,ESP,AC Milan,ITA,4,1,4,1,2,1,,,False,False,H,H,,20:45  Atlético Madrid (ESP)   v AC Milan (ITA)           4-1 (2-1),UCL 2013.txt,192
UCL_2013_0106,2013/14,2014-03-11,,Round of 16,Round of 16,Bayern München,GER,Arsenal FC,ENG,1,1,1,1,0,0,,,False,False,D,D,,Bayern München (GER)    v Arsenal FC (ENG)         1-1 (0-0),UCL 2013.txt,193
UCL_2013_0107,2013/14,2014-03-12,20:45,Round of 16,Round of 16,FC Barcelona,ESP,Manchester City,ENG,2,1,2,1,0,0,,,False,False,H,H,,20:45  FC Barcelona (ESP)      v Manchester City (ENG)    2-1 (0-0),UCL 2013.txt,195
UCL_2013_0108,2013/14,2014-03-12,,Round of 16,Round of 16,Paris Saint-Germain,FRA,Bayer Leverkusen,GER,2,1,2,1,1,1,,,False,False,H,H,,Paris Saint-Germain (FRA) v Bayer Leverkusen (GER)   2-1 (1-1),UCL 2013.txt,196
UCL_2013_0109,2013/14,2014-03-18,20:45,Round of 16,Round of 16,Chelsea FC,ENG,Galatasaray,TUR,2,0,2,0,2,0,,,False,False,H,H,,20:45  Chelsea FC (ENG)        v Galatasaray (TUR)        2-0 (2-0),UCL 2013.txt,198
UCL_2013_0110,2013/14,2014-03-18,,Round of 16,Round of 16,Real Madrid,ESP,FC Schalke 04,GER,3,1,3,1,1,1,,,False,False,H,H,,Real Madrid (ESP)       v FC Schalke 04 (GER)      3-1 (1-1),UCL 2013.txt,199
UCL_2013_0111,2013/14,2014-03-19,20:45,Round of 16,Round of 16,Manchester United,ENG,Olympiakos Piraeus,GRE,3,0,3,0,2,0,,,False,False,H,H,,20:45  Manchester United (ENG) v Olympiakos Piraeus (GRE)  3-0 (2-0),UCL 2013.txt,201
UCL_2013_0112,2013/14,2014-03-19,,Round of 16,Round of 16,Borussia Dortmund,GER,Zenit St. Petersburg,RUS,1,2,1,2,1,1,,,False,False,A,A,,Borussia Dortmund (GER) v Zenit St. Petersburg (RUS)  1-2 (1-1),UCL 2013.txt,202
UCL_2013_0113,2013/14,2014-04-01,20:45,Quarterfinals,Quarterfinals,FC Barcelona,ESP,Atlético Madrid,ESP,1,1,1,1,0,0,,,False,False,D,D,,20:45  FC Barcelona (ESP)      v Atlético Madrid (ESP)    1-1 (0-0),UCL 2013.txt,207
UCL_2013_0114,2013/14,2014-04-01,,Quarterfinals,Quarterfinals,Manchester United,ENG,Bayern München,GER,1,1,1,1,0,0,,,False,False,D,D,,Manchester United (ENG) v Bayern München (GER)     1-1 (0-0),UCL 2013.txt,208
UCL_2013_0115,2013/14,2014-04-02,20:45,Quarterfinals,Quarterfinals,Real Madrid,ESP,Borussia Dortmund,GER,3,0,3,0,2,0,,,False,False,H,H,,20:45  Real Madrid (ESP)       v Borussia Dortmund (GER)  3-0 (2-0),UCL 2013.txt,210
UCL_2013_0116,2013/14,2014-04-02,,Quarterfinals,Quarterfinals,Paris Saint-Germain,FRA,Chelsea FC,ENG,3,1,3,1,1,1,,,False,False,H,H,,Paris Saint-Germain (FRA) v Chelsea FC (ENG)         3-1 (1-1),UCL 2013.txt,211
UCL_2013_0117,2013/14,2014-04-08,20:45,Quarterfinals,Quarterfinals,Borussia Dortmund,GER,Real Madrid,ESP,2,0,2,0,2,0,,,False,False,H,H,,20:45  Borussia Dortmund (GER) v Real Madrid (ESP)        2-0 (2-0),UCL 2013.txt,213
UCL_2013_0118,2013/14,2014-04-08,,Quarterfinals,Quarterfinals,Chelsea FC,ENG,Paris Saint-Germain,FRA,2,0,2,0,1,0,,,False,False,H,H,,Chelsea FC (ENG)        v Paris Saint-Germain (FRA)  2-0 (1-0),UCL 2013.txt,214
UCL_2013_0119,2013/14,2014-04-09,20:45,Quarterfinals,Quarterfinals,Atlético Madrid,ESP,FC Barcelona,ESP,1,0,1,0,1,0,,,False,False,H,H,,20:45  Atlético Madrid (ESP)   v FC Barcelona (ESP)       1-0 (1-0),UCL 2013.txt,216
UCL_2013_0120,2013/14,2014-04-09,,Quarterfinals,Quarterfinals,Bayern München,GER,Manchester United,ENG,3,1,3,1,0,0,,,False,False,H,H,,Bayern München (GER)    v Manchester United (ENG)  3-1 (0-0),UCL 2013.txt,217
UCL_2013_0121,2013/14,2014-04-22,20:45,Semifinals,Semifinals,Atlético Madrid,ESP,Chelsea FC,ENG,0,0,0,0,,,,,False,False,D,D,,20:45  Atlético Madrid (ESP)   v Chelsea FC (ENG)         0-0,UCL 2013.txt,222
UCL_2013_0122,2013/14,2014-04-23,20:45,Semifinals,Semifinals,Real Madrid,ESP,Bayern München,GER,1,0,1,0,1,0,,,False,False,H,H,,20:45  Real Madrid (ESP)       v Bayern München (GER)     1-0 (1-0),UCL 2013.txt,224
UCL_2013_0123,2013/14,2014-04-29,20:45,Semifinals,Semifinals,Bayern München,GER,Real Madrid,ESP,0,4,0,4,0,3,,,False,False,A,A,,20:45  Bayern München (GER)    v Real Madrid (ESP)        0-4 (0-3),UCL 2013.txt,226
UCL_2013_0124,2013/14,2014-04-30,20:45,Semifinals,Semifinals,Chelsea FC,ENG,Atlético Madrid,ESP,1,3,1,3,1,1,,,False,False,A,A,,20:45  Chelsea FC (ENG)        v Atlético Madrid (ESP)    1-3 (1-1),UCL 2013.txt,228
UCL_2013_0125,2013/14,2014-05-24,20:45,Final,Final,Real Madrid,ESP,Atlético Madrid,ESP,4,1,1,1,0,1,,,True,False,D,H,,"20:45  Real Madrid (ESP)       v Atlético Madrid (ESP)    4-1 a.e.t. (1-1, 0-1)",UCL 2013.txt,233
UCL_2014_0001,2014/15,2014-09-16,20:45,Group,Group A,Olympiakos Piraeus,GRE,Atlético Madrid,ESP,3,2,3,2,2,1,,,False,False,H,H,,20:45  Olympiakos Piraeus (GRE) v Atlético Madrid (ESP)    3-2 (2-1),UCL 2014.txt,11
UCL_2014_0002,2014/15,2014-09-16,,Group,Group A,Juventus,ITA,Malmö FF,SWE,2,0,2,0,0,0,,,False,False,H,H,,Juventus (ITA)          v Malmö FF (SWE)           2-0 (0-0),UCL 2014.txt,12
UCL_2014_0003,2014/15,2014-10-01,20:45,Group,Group A,Atlético Madrid,ESP,Juventus,ITA,1,0,1,0,0,0,,,False,False,H,H,,20:45  Atlético Madrid (ESP)   v Juventus (ITA)           1-0 (0-0),UCL 2014.txt,14
UCL_2014_0004,2014/15,2014-10-01,,Group,Group A,Malmö FF,SWE,Olympiakos Piraeus,GRE,2,0,2,0,1,0,,,False,False,H,H,,Malmö FF (SWE)          v Olympiakos Piraeus (GRE)  2-0 (1-0),UCL 2014.txt,15
UCL_2014_0005,2014/15,2014-10-22,20:45,Group,Group A,Atlético Madrid,ESP,Malmö FF,SWE,5,0,5,0,0,0,,,False,False,H,H,,20:45  Atlético Madrid (ESP)   v Malmö FF (SWE)           5-0 (0-0),UCL 2014.txt,17
UCL_2014_0006,2014/15,2014-10-22,,Group,Group A,Olympiakos Piraeus,GRE,Juventus,ITA,1,0,1,0,1,0,,,False,False,H,H,,Olympiakos Piraeus (GRE) v Juventus (ITA)           1-0 (1-0),UCL 2014.txt,18
UCL_2014_0007,2014/15,2014-11-04,20:45,Group,Group A,Malmö FF,SWE,Atlético Madrid,ESP,0,2,0,2,0,1,,,False,False,A,A,,20:45  Malmö FF (SWE)          v Atlético Madrid (ESP)    0-2 (0-1),UCL 2014.txt,20
UCL_2014_0008,2014/15,2014-11-04,,Group,Group A,Juventus,ITA,Olympiakos Piraeus,GRE,3,2,3,2,1,1,,,False,False,H,H,,Juventus (ITA)          v Olympiakos Piraeus (GRE)  3-2 (1-1),UCL 2014.txt,21
UCL_2014_0009,2014/15,2014-11-26,20:45,Group,Group A,Atlético Madrid,ESP,Olympiakos Piraeus,GRE,4,0,4,0,2,0,,,False,False,H,H,,20:45  Atlético Madrid (ESP)   v Olympiakos Piraeus (GRE)  4-0 (2-0),UCL 2014.txt,23
UCL_2014_0010,2014/15,2014-11-26,,Group,Group A,Malmö FF,SWE,Juventus,ITA,0,2,0,2,0,0,,,False,False,A,A,,Malmö FF (SWE)          v Juventus (ITA)           0-2 (0-0),UCL 2014.txt,24
UCL_2014_0011,2014/15,2014-12-09,20:45,Group,Group A,Juventus,ITA,Atlético Madrid,ESP,0,0,0,0,,,,,False,False,D,D,,20:45  Juventus (ITA)          v Atlético Madrid (ESP)    0-0,UCL 2014.txt,26
UCL_2014_0012,2014/15,2014-12-09,,Group,Group A,Olympiakos Piraeus,GRE,Malmö FF,SWE,4,2,4,2,1,0,,,False,False,H,H,,Olympiakos Piraeus (GRE) v Malmö FF (SWE)           4-2 (1-0),UCL 2014.txt,27
UCL_2014_0013,2014/15,2015-09-16,20:45,Group,Group B,Real Madrid,ESP,FC Basel 1893,SUI,5,1,5,1,4,1,,,False,False,H,H,,20:45  Real Madrid (ESP)       v FC Basel 1893 (SUI)      5-1 (4-1),UCL 2014.txt,32
UCL_2014_0014,2014/15,2015-09-16,,Group,Group B,Liverpool FC,ENG,PFC Ludogorets Razgrad,BUL,2,1,2,1,0,0,,,False,False,H,H,,Liverpool FC (ENG)      v PFC Ludogorets Razgrad (BUL)  2-1 (0-0),UCL 2014.txt,33
UCL_2014_0015,2014/15,2015-10-01,20:45,Group,Group B,FC Basel 1893,SUI,Liverpool FC,ENG,1,0,1,0,0,0,,,False,False,H,H,,20:45  FC Basel 1893 (SUI)     v Liverpool FC (ENG)       1-0 (0-0),UCL 2014.txt,35
UCL_2014_0016,2014/15,2015-10-01,,Group,Group B,PFC Ludogorets Razgrad,BUL,Real Madrid,ESP,1,2,1,2,1,1,,,False,False,A,A,,PFC Ludogorets Razgrad (BUL) v Real Madrid (ESP)        1-2 (1-1),UCL 2014.txt,36
UCL_2014_0017,2014/15,2015-10-22,20:45,Group,Group B,PFC Ludogorets Razgrad,BUL,FC Basel 1893,SUI,1,0,1,0,0,0,,,False,False,H,H,,20:45  PFC Ludogorets Razgrad (BUL) v FC Basel 1893 (SUI)      1-0 (0-0),UCL 2014.txt,38
UCL_2014_0018,2014/15,2015-10-22,,Group,Group B,Liverpool FC,ENG,Real Madrid,ESP,0,3,0,3,0,3,,,False,False,A,A,,Liverpool FC (ENG)      v Real Madrid (ESP)        0-3 (0-3),UCL 2014.txt,39
UCL_2014_0019,2014/15,2015-11-04,20:45,Group,Group B,FC Basel 1893,SUI,PFC Ludogorets Razgrad,BUL,4,0,4,0,2,0,,,False,False,H,H,,20:45  FC Basel 1893 (SUI)     v PFC Ludogorets Razgrad (BUL)  4-0 (2-0),UCL 2014.txt,41
UCL_2014_0020,2014/15,2015-11-04,,Group,Group B,Real Madrid,ESP,Liverpool FC,ENG,1,0,1,0,1,0,,,False,False,H,H,,Real Madrid (ESP)       v Liverpool FC (ENG)       1-0 (1-0),UCL 2014.txt,42
UCL_2014_0021,2014/15,2015-11-26,20:45,Group,Group B,FC Basel 1893,SUI,Real Madrid,ESP,0,1,0,1,0,1,,,False,False,A,A,,20:45  FC Basel 1893 (SUI)     v Real Madrid (ESP)        0-1 (0-1),UCL 2014.txt,44
UCL_2014_0022,2014/15,2015-11-26,,Group,Group B,PFC Ludogorets Razgrad,BUL,Liverpool FC,ENG,2,2,2,2,1,2,,,False,False,D,D,,PFC Ludogorets Razgrad (BUL) v Liverpool FC (ENG)       2-2 (1-2),UCL 2014.txt,45
UCL_2014_0023,2014/15,2015-12-09,20:45,Group,Group B,Liverpool FC,ENG,FC Basel 1893,SUI,1,1,1,1,0,1,,,False,False,D,D,,20:45  Liverpool FC (ENG)      v FC Basel 1893 (SUI)      1-1 (0-1),UCL 2014.txt,47
UCL_2014_0024,2014/15,2015-12-09,,Group,Group B,Real Madrid,ESP,PFC Ludogorets Razgrad,BUL,4,0,4,0,2,0,,,False,False,H,H,,Real Madrid (ESP)       v PFC Ludogorets Razgrad (BUL)  4-0 (2-0),UCL 2014.txt,48
UCL_2014_0025,2014/15,2016-09-16,20:45,Group,Group C,AS Monaco,FRA,Bayer Leverkusen,GER,1,0,1,0,0,0,,,False,False,H,H,,20:45  AS Monaco (FRA)         v Bayer Leverkusen (GER)   1-0 (0-0),UCL 2014.txt,53
UCL_2014_0026,2014/15,2016-09-16,,Group,Group C,SL Benfica,POR,Zenit St. Petersburg,RUS,0,2,0,2,0,2,,,False,False,A,A,,SL Benfica (POR)        v Zenit St. Petersburg (RUS)  0-2 (0-2),UCL 2014.txt,54
UCL_2014_0027,2014/15,2016-10-01,18:00,Group,Group C,Zenit St. Petersburg,RUS,AS Monaco,FRA,0,0,0,0,,,,,False,False,D,D,,18:00  Zenit St. Petersburg (RUS) v AS Monaco (FRA)          0-0,UCL 2014.txt,56
UCL_2014_0028,2014/15,2016-10-01,20:45,Group,Group C,Bayer Leverkusen,GER,SL Benfica,POR,3,1,3,1,2,0,,,False,False,H,H,,20:45  Bayer Leverkusen (GER)  v SL Benfica (POR)         3-1 (2-0),UCL 2014.txt,57
UCL_2014_0029,2014/15,2016-10-22,20:45,Group,Group C,AS Monaco,FRA,SL Benfica,POR,0,0,0,0,,,,,False,False,D,D,,20:45  AS Monaco (FRA)         v SL Benfica (POR)         0-0,UCL 2014.txt,59
UCL_2014_0030,2014/15,2016-10-22,,Group,Group C,Bayer Leverkusen,GER,Zenit St. Petersburg,RUS,2,0,2,0,0,0,,,False,False,H,H,,Bayer Leverkusen (GER)  v Zenit St. Petersburg (RUS)  2-0 (0-0),UCL 2014.txt,60
UCL_2014_0031,2014/15,2016-11-04,18:00,Group,Group C,Zenit St. Petersburg,RUS,Bayer Leverkusen,GER,1,2,1,2,0,0,,,False,False,A,A,,18:00  Zenit St. Petersburg (RUS) v Bayer Leverkusen (GER)   1-2 (0-0),UCL 2014.txt,62
UCL_2014_0032,2014/15,2016-11-04,20:45,Group,Group C,SL Benfica,POR,AS Monaco,FRA,1,0,1,0,0,0,,,False,False,H,H,,20:45  SL Benfica (POR)        v AS Monaco (FRA)          1-0 (0-0),UCL 2014.txt,63
UCL_2014_0033,2014/15,2016-11-26,18:00,Group,Group C,Zenit St. Petersburg,RUS,SL Benfica,POR,1,0,1,0,0,0,,,False,False,H,H,,18:00  Zenit St. Petersburg (RUS) v SL Benfica (POR)         1-0 (0-0),UCL 2014.txt,65
UCL_2014_0034,2014/15,2016-11-26,20:45,Group,Group C,Bayer Leverkusen,GER,AS Monaco,FRA,0,1,0,1,0,0,,,False,False,A,A,,20:45  Bayer Leverkusen (GER)  v AS Monaco (FRA)          0-1 (0-0),UCL 2014.txt,66
UCL_2014_0035,2014/15,2016-12-09,20:45,Group,Group C,AS Monaco,FRA,Zenit St. Petersburg,RUS,2,0,2,0,0,0,,,False,False,H,H,,20:45  AS Monaco (FRA)         v Zenit St. Petersburg (RUS)  2-0 (0-0),UCL 2014.txt,68
UCL_2014_0036,2014/15,2016-12-09,,Group,Group C,SL Benfica,POR,Bayer Leverkusen,GER,0,0,0,0,,,,,False,False,D,D,,SL Benfica (POR)        v Bayer Leverkusen (GER)   0-0,UCL 2014.txt,69
UCL_2014_0037,2014/15,2017-09-16,20:45,Group,Group D,Borussia Dortmund,GER,Arsenal FC,ENG,2,0,2,0,1,0,,,False,False,H,H,,20:45  Borussia Dortmund (GER) v Arsenal FC (ENG)         2-0 (1-0),UCL 2014.txt,74
UCL_2014_0038,2014/15,2017-09-16,,Group,Group D,Galatasaray,TUR,RSC Anderlecht,BEL,1,1,1,1,0,0,,,False,False,D,D,,Galatasaray (TUR)       v RSC Anderlecht (BEL)     1-1 (0-0),UCL 2014.txt,75
UCL_2014_0039,2014/15,2017-10-01,20:45,Group,Group D,Arsenal FC,ENG,Galatasaray,TUR,4,1,4,1,3,0,,,False,False,H,H,,20:45  Arsenal FC (ENG)        v Galatasaray (TUR)        4-1 (3-0),UCL 2014.txt,77
UCL_2014_0040,2014/15,2017-10-01,,Group,Group D,RSC Anderlecht,BEL,Borussia Dortmund,GER,0,3,0,3,0,1,,,False,False,A,A,,RSC Anderlecht (BEL)    v Borussia Dortmund (GER)  0-3 (0-1),UCL 2014.txt,78
UCL_2014_0041,2014/15,2017-10-22,20:45,Group,Group D,RSC Anderlecht,BEL,Arsenal FC,ENG,1,2,1,2,0,0,,,False,False,A,A,,20:45  RSC Anderlecht (BEL)    v Arsenal FC (ENG)         1-2 (0-0),UCL 2014.txt,80
UCL_2014_0042,2014/15,2017-10-22,,Group,Group D,Galatasaray,TUR,Borussia Dortmund,GER,0,4,0,4,0,3,,,False,False,A,A,,Galatasaray (TUR)       v Borussia Dortmund (GER)  0-4 (0-3),UCL 2014.txt,81
UCL_2014_0043,2014/15,2017-11-04,20:45,Group,Group D,Arsenal FC,ENG,RSC Anderlecht,BEL,3,3,3,3,2,0,,,False,False,D,D,,20:45  Arsenal FC (ENG)        v RSC Anderlecht (BEL)     3-3 (2-0),UCL 2014.txt,83
UCL_2014_0044,2014/15,2017-11-04,,Group,Group D,Borussia Dortmund,GER,Galatasaray,TUR,4,1,4,1,1,0,,,False,False,H,H,,Borussia Dortmund (GER) v Galatasaray (TUR)        4-1 (1-0),UCL 2014.txt,84
UCL_2014_0045,2014/15,2017-11-26,20:45,Group,Group D,Arsenal FC,ENG,Borussia Dortmund,GER,2,0,2,0,1,0,,,False,False,H,H,,20:45  Arsenal FC (ENG)        v Borussia Dortmund (GER)  2-0 (1-0),UCL 2014.txt,86
UCL_2014_0046,2014/15,2017-11-26,,Group,Group D,RSC Anderlecht,BEL,Galatasaray,TUR,2,0,2,0,1,0,,,False,False,H,H,,RSC Anderlecht (BEL)    v Galatasaray (TUR)        2-0 (1-0),UCL 2014.txt,87
UCL_2014_0047,2014/15,2017-12-09,20:45,Group,Group D,Galatasaray,TUR,Arsenal FC,ENG,1,4,1,4,0,3,,,False,False,A,A,,20:45  Galatasaray (TUR)       v Arsenal FC (ENG)         1-4 (0-3),UCL 2014.txt,89
UCL_2014_0048,2014/15,2017-12-09,,Group,Group D,Borussia Dortmund,GER,RSC Anderlecht,BEL,1,1,1,1,0,0,,,False,False,D,D,,Borussia Dortmund (GER) v RSC Anderlecht (BEL)     1-1 (0-0),UCL 2014.txt,90
UCL_2014_0049,2014/15,2018-09-17,20:45,Group,Group E,AS Roma,ITA,CSKA Moskva,RUS,5,1,5,1,4,0,,,False,False,H,H,,20:45  AS Roma (ITA)           v CSKA Moskva (RUS)        5-1 (4-0),UCL 2014.txt,95
UCL_2014_0050,2014/15,2018-09-17,,Group,Group E,Bayern München,GER,Manchester City,ENG,1,0,1,0,0,0,,,False,False,H,H,,Bayern München (GER)    v Manchester City (ENG)    1-0 (0-0),UCL 2014.txt,96
UCL_2014_0051,2014/15,2018-09-30,18:00,Group,Group E,CSKA Moskva,RUS,Bayern München,GER,0,1,0,1,0,1,,,False,False,A,A,,18:00  CSKA Moskva (RUS)       v Bayern München (GER)     0-1 (0-1),UCL 2014.txt,98
UCL_2014_0052,2014/15,2018-09-30,20:45,Group,Group E,Manchester City,ENG,AS Roma,ITA,1,1,1,1,1,1,,,False,False,D,D,,20:45  Manchester City (ENG)   v AS Roma (ITA)            1-1 (1-1),UCL 2014.txt,99
UCL_2014_0053,2014/15,2018-10-21,18:00,Group,Group E,CSKA Moskva,RUS,Manchester City,ENG,2,2,2,2,0,2,,,False,False,D,D,,18:00  CSKA Moskva (RUS)       v Manchester City (ENG)    2-2 (0-2),UCL 2014.txt,101
UCL_2014_0054,2014/15,2018-10-21,20:45,Group,Group E,AS Roma,ITA,Bayern München,GER,1,7,1,7,0,5,,,False,False,A,A,,20:45  AS Roma (ITA)           v Bayern München (GER)     1-7 (0-5),UCL 2014.txt,102
UCL_2014_0055,2014/15,2018-11-05,20:45,Group,Group E,Bayern München,GER,AS Roma,ITA,2,0,2,0,1,0,,,False,False,H,H,,20:45  Bayern München (GER)    v AS Roma (ITA)            2-0 (1-0),UCL 2014.txt,104
UCL_2014_0056,2014/15,2018-11-05,,Group,Group E,Manchester City,ENG,CSKA Moskva,RUS,1,2,1,2,1,2,,,False,False,A,A,,Manchester City (ENG)   v CSKA Moskva (RUS)        1-2 (1-2),UCL 2014.txt,105
UCL_2014_0057,2014/15,2018-11-25,18:00,Group,Group E,CSKA Moskva,RUS,AS Roma,ITA,1,1,1,1,0,1,,,False,False,D,D,,18:00  CSKA Moskva (RUS)       v AS Roma (ITA)            1-1 (0-1),UCL 2014.txt,107
UCL_2014_0058,2014/15,2018-11-25,20:45,Group,Group E,Manchester City,ENG,Bayern München,GER,3,2,3,2,1,2,,,False,False,H,H,,20:45  Manchester City (ENG)   v Bayern München (GER)     3-2 (1-2),UCL 2014.txt,108
UCL_2014_0059,2014/15,2018-12-10,20:45,Group,Group E,AS Roma,ITA,Manchester City,ENG,0,2,0,2,0,0,,,False,False,A,A,,20:45  AS Roma (ITA)           v Manchester City (ENG)    0-2 (0-0),UCL 2014.txt,110
UCL_2014_0060,2014/15,2018-12-10,,Group,Group E,Bayern München,GER,CSKA Moskva,RUS,3,0,3,0,1,0,,,False,False,H,H,,Bayern München (GER)    v CSKA Moskva (RUS)        3-0 (1-0),UCL 2014.txt,111
UCL_2014_0061,2014/15,2019-09-17,20:45,Group,Group F,AFC Ajax,NED,Paris Saint-Germain,FRA,1,1,1,1,0,1,,,False,False,D,D,,20:45  AFC Ajax (NED)          v Paris Saint-Germain (FRA)  1-1 (0-1),UCL 2014.txt,116
UCL_2014_0062,2014/15,2019-09-17,,Group,Group F,FC Barcelona,ESP,APOEL Nikosia,CYP,1,0,1,0,1,0,,,False,False,H,H,,FC Barcelona (ESP)      v APOEL Nikosia (CYP)      1-0 (1-0),UCL 2014.txt,117
UCL_2014_0063,2014/15,2019-09-30,20:45,Group,Group F,APOEL Nikosia,CYP,AFC Ajax,NED,1,1,1,1,1,1,,,False,False,D,D,,20:45  APOEL Nikosia (CYP)     v AFC Ajax (NED)           1-1 (1-1),UCL 2014.txt,119
UCL_2014_0064,2014/15,2019-09-30,,Group,Group F,Paris Saint-Germain,FRA,FC Barcelona,ESP,3,2,3,2,2,1,,,False,False,H,H,,Paris Saint-Germain (FRA) v FC Barcelona (ESP)       3-2 (2-1),UCL 2014.txt,120
UCL_2014_0065,2014/15,2019-10-21,20:45,Group,Group F,FC Barcelona,ESP,AFC Ajax,NED,3,1,3,1,2,0,,,False,False,H,H,,20:45  FC Barcelona (ESP)      v AFC Ajax (NED)           3-1 (2-0),UCL 2014.txt,122
UCL_2014_0066,2014/15,2019-10-21,,Group,Group F,APOEL Nikosia,CYP,Paris Saint-Germain,FRA,0,1,0,1,0,0,,,False,False,A,A,,APOEL Nikosia (CYP)     v Paris Saint-Germain (FRA)  0-1 (0-0),UCL 2014.txt,123
UCL_2014_0067,2014/15,2019-11-05,20:45,Group,Group F,AFC Ajax,NED,FC Barcelona,ESP,0,2,0,2,0,1,,,False,False,A,A,,20:45  AFC Ajax (NED)          v FC Barcelona (ESP)       0-2 (0-1),UCL 2014.txt,125
UCL_2014_0068,2014/15,2019-11-05,,Group,Group F,Paris Saint-Germain,FRA,APOEL Nikosia,CYP,1,0,1,0,1,0,,,False,False,H,H,,Paris Saint-Germain (FRA) v APOEL Nikosia (CYP)      1-0 (1-0),UCL 2014.txt,126
UCL_2014_0069,2014/15,2019-11-25,20:45,Group,Group F,Paris Saint-Germain,FRA,AFC Ajax,NED,3,1,3,1,1,0,,,False,False,H,H,,20:45  Paris Saint-Germain (FRA) v AFC Ajax (NED)           3-1 (1-0),UCL 2014.txt,128
UCL_2014_0070,2014/15,2019-11-25,,Group,Group F,APOEL Nikosia,CYP,FC Barcelona,ESP,0,4,0,4,0,2,,,False,False,A,A,,APOEL Nikosia (CYP)     v FC Barcelona (ESP)       0-4 (0-2),UCL 2014.txt,129
UCL_2014_0071,2014/15,2019-12-10,20:45,Group,Group F,AFC Ajax,NED,APOEL Nikosia,CYP,4,0,4,0,1,0,,,False,False,H,H,,20:45  AFC Ajax (NED)          v APOEL Nikosia (CYP)      4-0 (1-0),UCL 2014.txt,131
UCL_2014_0072,2014/15,2019-12-10,,Group,Group F,FC Barcelona,ESP,Paris Saint-Germain,FRA,3,1,3,1,2,1,,,False,False,H,H,,FC Barcelona (ESP)      v Paris Saint-Germain (FRA)  3-1 (2-1),UCL 2014.txt,132
UCL_2014_0073,2014/15,2020-09-17,20:45,Group,Group G,Chelsea FC,ENG,FC Schalke 04,GER,1,1,1,1,1,0,,,False,False,D,D,,20:45  Chelsea FC (ENG)        v FC Schalke 04 (GER)      1-1 (1-0),UCL 2014.txt,137
UCL_2014_0074,2014/15,2020-09-17,,Group,Group G,NK Maribor,SVN,Sporting CP,POR,1,1,1,1,0,0,,,False,False,D,D,,NK Maribor (SVN)        v Sporting CP (POR)        1-1 (0-0),UCL 2014.txt,138
UCL_2014_0075,2014/15,2020-09-30,20:45,Group,Group G,Sporting CP,POR,Chelsea FC,ENG,0,1,0,1,0,1,,,False,False,A,A,,20:45  Sporting CP (POR)       v Chelsea FC (ENG)         0-1 (0-1),UCL 2014.txt,140
UCL_2014_0076,2014/15,2020-09-30,,Group,Group G,FC Schalke 04,GER,NK Maribor,SVN,1,1,1,1,0,1,,,False,False,D,D,,FC Schalke 04 (GER)     v NK Maribor (SVN)         1-1 (0-1),UCL 2014.txt,141
UCL_2014_0077,2014/15,2020-10-21,20:45,Group,Group G,Chelsea FC,ENG,NK Maribor,SVN,6,0,6,0,3,0,,,False,False,H,H,,20:45  Chelsea FC (ENG)        v NK Maribor (SVN)         6-0 (3-0),UCL 2014.txt,143
UCL_2014_0078,2014/15,2020-10-21,,Group,Group G,FC Schalke 04,GER,Sporting CP,POR,4,3,4,3,1,1,,,False,False,H,H,,FC Schalke 04 (GER)     v Sporting CP (POR)        4-3 (1-1),UCL 2014.txt,144
UCL_2014_0079,2014/15,2020-11-05,20:45,Group,Group G,NK Maribor,SVN,Chelsea FC,ENG,1,1,1,1,0,0,,,False,False,D,D,,20:45  NK Maribor (SVN)        v Chelsea FC (ENG)         1-1 (0-0),UCL 2014.txt,146
UCL_2014_0080,2014/15,2020-11-05,,Group,Group G,Sporting CP,POR,FC Schalke 04,GER,4,2,4,2,1,1,,,False,False,H,H,,Sporting CP (POR)       v FC Schalke 04 (GER)      4-2 (1-1),UCL 2014.txt,147
UCL_2014_0081,2014/15,2020-11-25,20:45,Group,Group G,FC Schalke 04,GER,Chelsea FC,ENG,0,5,0,5,0,3,,,False,False,A,A,,20:45  FC Schalke 04 (GER)     v Chelsea FC (ENG)         0-5 (0-3),UCL 2014.txt,149
UCL_2014_0082,2014/15,2020-11-25,,Group,Group G,Sporting CP,POR,NK Maribor,SVN,3,1,3,1,2,1,,,False,False,H,H,,Sporting CP (POR)       v NK Maribor (SVN)         3-1 (2-1),UCL 2014.txt,150
UCL_2014_0083,2014/15,2020-12-10,20:45,Group,Group G,Chelsea FC,ENG,Sporting CP,POR,3,1,3,1,2,0,,,False,False,H,H,,20:45  Chelsea FC (ENG)        v Sporting CP (POR)        3-1 (2-0),UCL 2014.txt,152
UCL_2014_0084,2014/15,2020-12-10,,Group,Group G,NK Maribor,SVN,FC Schalke 04,GER,0,1,0,1,0,0,,,False,False,A,A,,NK Maribor (SVN)        v FC Schalke 04 (GER)      0-1 (0-0),UCL 2014.txt,153
UCL_2014_0085,2014/15,2021-09-17,20:45,Group,Group H,Athletic Club,ESP,Shakhtar Donetsk,UKR,0,0,0,0,,,,,False,False,D,D,,20:45  Athletic Club (ESP)     v Shakhtar Donetsk (UKR)   0-0,UCL 2014.txt,158
UCL_2014_0086,2014/15,2021-09-17,,Group,Group H,FC Porto,POR,BATE Borisov,BLR,6,0,6,0,3,0,,,False,False,H,H,,FC Porto (POR)          v BATE Borisov (BLR)       6-0 (3-0),UCL 2014.txt,159
UCL_2014_0087,2014/15,2021-09-30,20:45,Group,Group H,BATE Borisov,BLR,Athletic Club,ESP,2,1,2,1,2,1,,,False,False,H,H,,20:45  BATE Borisov (BLR)      v Athletic Club (ESP)      2-1 (2-1),UCL 2014.txt,161
UCL_2014_0088,2014/15,2021-09-30,,Group,Group H,Shakhtar Donetsk,UKR,FC Porto,POR,2,2,2,2,0,0,,,False,False,D,D,,Shakhtar Donetsk (UKR)  v FC Porto (POR)           2-2 (0-0),UCL 2014.txt,162
UCL_2014_0089,2014/15,2021-10-21,20:45,Group,Group H,FC Porto,POR,Athletic Club,ESP,2,1,2,1,1,0,,,False,False,H,H,,20:45  FC Porto (POR)          v Athletic Club (ESP)      2-1 (1-0),UCL 2014.txt,164
UCL_2014_0090,2014/15,2021-10-21,,Group,Group H,BATE Borisov,BLR,Shakhtar Donetsk,UKR,0,7,0,7,0,6,,,False,False,A,A,,BATE Borisov (BLR)      v Shakhtar Donetsk (UKR)   0-7 (0-6),UCL 2014.txt,165
UCL_2014_0091,2014/15,2021-11-05,20:45,Group,Group H,Athletic Club,ESP,FC Porto,POR,0,2,0,2,0,0,,,False,False,A,A,,20:45  Athletic Club (ESP)     v FC Porto (POR)           0-2 (0-0),UCL 2014.txt,167
UCL_2014_0092,2014/15,2021-11-05,,Group,Group H,Shakhtar Donetsk,UKR,BATE Borisov,BLR,5,0,5,0,1,0,,,False,False,H,H,,Shakhtar Donetsk (UKR)  v BATE Borisov (BLR)       5-0 (1-0),UCL 2014.txt,168
UCL_2014_0093,2014/15,2021-11-25,18:00,Group,Group H,BATE Borisov,BLR,FC Porto,POR,0,3,0,3,0,0,,,False,False,A,A,,18:00  BATE Borisov (BLR)      v FC Porto (POR)           0-3 (0-0),UCL 2014.txt,170
UCL_2014_0094,2014/15,2021-11-25,20:45,Group,Group H,Shakhtar Donetsk,UKR,Athletic Club,ESP,0,1,0,1,0,0,,,False,False,A,A,,20:45  Shakhtar Donetsk (UKR)  v Athletic Club (ESP)      0-1 (0-0),UCL 2014.txt,171
UCL_2014_0095,2014/15,2021-12-10,20:45,Group,Group H,Athletic Club,ESP,BATE Borisov,BLR,2,0,2,0,0,0,,,False,False,H,H,,20:45  Athletic Club (ESP)     v BATE Borisov (BLR)       2-0 (0-0),UCL 2014.txt,173
UCL_2014_0096,2014/15,2021-12-10,,Group,Group H,FC Porto,POR,Shakhtar Donetsk,UKR,1,1,1,1,0,0,,,False,False,D,D,,FC Porto (POR)          v Shakhtar Donetsk (UKR)   1-1 (0-0),UCL 2014.txt,174
UCL_2014_0097,2014/15,2015-02-17,20:45,Round of 16,Round of 16,Paris Saint-Germain,FRA,Chelsea FC,ENG,1,1,1,1,0,1,,,False,False,D,D,,20:45  Paris Saint-Germain (FRA) v Chelsea FC (ENG)         1-1 (0-1),UCL 2014.txt,179
UCL_2014_0098,2014/15,2015-02-17,,Round of 16,Round of 16,Shakhtar Donetsk,UKR,Bayern München,GER,0,0,0,0,,,,,False,False,D,D,,Shakhtar Donetsk (UKR)  v Bayern München (GER)     0-0,UCL 2014.txt,180
UCL_2014_0099,2014/15,2015-02-18,20:45,Round of 16,Round of 16,FC Schalke 04,GER,Real Madrid,ESP,0,2,0,2,0,1,,,False,False,A,A,,20:45  FC Schalke 04 (GER)     v Real Madrid (ESP)        0-2 (0-1),UCL 2014.txt,182
UCL_2014_0100,2014/15,2015-02-18,,Round of 16,Round of 16,FC Basel 1893,SUI,FC Porto,POR,1,1,1,1,1,0,,,False,False,D,D,,FC Basel 1893 (SUI)     v FC Porto (POR)           1-1 (1-0),UCL 2014.txt,183
UCL_2014_0101,2014/15,2015-02-24,20:45,Round of 16,Round of 16,Manchester City,ENG,FC Barcelona,ESP,1,2,1,2,0,2,,,False,False,A,A,,20:45  Manchester City (ENG)   v FC Barcelona (ESP)       1-2 (0-2),UCL 2014.txt,185
UCL_2014_0102,2014/15,2015-02-24,,Round of 16,Round of 16,Juventus,ITA,Borussia Dortmund,GER,2,1,2,1,2,1,,,False,False,H,H,,Juventus (ITA)          v Borussia Dortmund (GER)  2-1 (2-1),UCL 2014.txt,186
UCL_2014_0103,2014/15,2015-02-25,20:45,Round of 16,Round of 16,Bayer Leverkusen,GER,Atlético Madrid,ESP,1,0,1,0,0,0,,,False,False,H,H,,20:45  Bayer Leverkusen (GER)  v Atlético Madrid (ESP)    1-0 (0-0),UCL 2014.txt,188
UCL_2014_0104,2014/15,2015-02-25,,Round of 16,Round of 16,Arsenal FC,ENG,AS Monaco,FRA,1,3,1,3,0,1,,,False,False,A,A,,Arsenal FC (ENG)        v AS Monaco (FRA)          1-3 (0-1),UCL 2014.txt,189
UCL_2014_0105,2014/15,2015-03-10,20:45,Round of 16,Round of 16,Real Madrid,ESP,FC Schalke 04,GER,3,4,3,4,2,2,,,False,False,A,A,,20:45  Real Madrid (ESP)       v FC Schalke 04 (GER)      3-4 (2-2),UCL 2014.txt,191
UCL_2014_0106,2014/15,2015-03-10,,Round of 16,Round of 16,FC Porto,POR,FC Basel 1893,SUI,4,0,4,0,1,0,,,False,False,H,H,,FC Porto (POR)          v FC Basel 1893 (SUI)      4-0 (1-0),UCL 2014.txt,192
UCL_2014_0107,2014/15,2015-03-11,20:45,Round of 16,Round of 16,Chelsea FC,ENG,Paris Saint-Germain,FRA,2,2,1,1,0,0,,,True,False,D,D,,"20:45  Chelsea FC (ENG)        v Paris Saint-Germain (FRA)  2-2 a.e.t. (1-1, 0-0)",UCL 2014.txt,194
UCL_2014_0108,2014/15,2015-03-11,,Round of 16,Round of 16,Bayern München,GER,Shakhtar Donetsk,UKR,7,0,7,0,2,0,,,False,False,H,H,,Bayern München (GER)    v Shakhtar Donetsk (UKR)   7-0 (2-0),UCL 2014.txt,195
UCL_2014_0109,2014/15,2015-03-17,20:45,Round of 16,Round of 16,Atlético Madrid,ESP,Bayer Leverkusen,GER,3,2,1,0,1,0,1,0,True,True,H,H,H,"20:45  Atlético Madrid (ESP)   v Bayer Leverkusen (GER)   3-2 pen. 1-0 a.e.t. (1-0, 1-0)",UCL 2014.txt,197
UCL_2014_0110,2014/15,2015-03-17,,Round of 16,Round of 16,AS Monaco,FRA,Arsenal FC,ENG,0,2,0,2,0,1,,,False,False,A,A,,AS Monaco (FRA)         v Arsenal FC (ENG)         0-2 (0-1),UCL 2014.txt,198
UCL_2014_0111,2014/15,2015-03-18,20:45,Round of 16,Round of 16,FC Barcelona,ESP,Manchester City,ENG,1,0,1,0,1,0,,,False,False,H,H,,20:45  FC Barcelona (ESP)      v Manchester City (ENG)    1-0 (1-0),UCL 2014.txt,200
UCL_2014_0112,2014/15,2015-03-18,,Round of 16,Round of 16,Borussia Dortmund,GER,Juventus,ITA,0,3,0,3,0,1,,,False,False,A,A,,Borussia Dortmund (GER) v Juventus (ITA)           0-3 (0-1),UCL 2014.txt,201
UCL_2014_0113,2014/15,2015-04-14,20:45,Quarterfinals,Quarterfinals,Atlético Madrid,ESP,Real Madrid,ESP,0,0,0,0,,,,,False,False,D,D,,20:45  Atlético Madrid (ESP)   v Real Madrid (ESP)        0-0,UCL 2014.txt,206
UCL_2014_0114,2014/15,2015-04-14,,Quarterfinals,Quarterfinals,Juventus,ITA,AS Monaco,FRA,1,0,1,0,0,0,,,False,False,H,H,,Juventus (ITA)          v AS Monaco (FRA)          1-0 (0-0),UCL 2014.txt,207
UCL_2014_0115,2014/15,2015-04-15,20:45,Quarterfinals,Quarterfinals,Paris Saint-Germain,FRA,FC Barcelona,ESP,1,3,1,3,0,1,,,False,False,A,A,,20:45  Paris Saint-Germain (FRA) v FC Barcelona (ESP)       1-3 (0-1),UCL 2014.txt,209
UCL_2014_0116,2014/15,2015-04-15,,Quarterfinals,Quarterfinals,FC Porto,POR,Bayern München,GER,3,1,3,1,2,1,,,False,False,H,H,,FC Porto (POR)          v Bayern München (GER)     3-1 (2-1),UCL 2014.txt,210
UCL_2014_0117,2014/15,2015-04-21,20:45,Quarterfinals,Quarterfinals,FC Barcelona,ESP,Paris Saint-Germain,FRA,2,0,2,0,2,0,,,False,False,H,H,,20:45  FC Barcelona (ESP)      v Paris Saint-Germain (FRA)  2-0 (2-0),UCL 2014.txt,212
UCL_2014_0118,2014/15,2015-04-21,,Quarterfinals,Quarterfinals,Bayern München,GER,FC Porto,POR,6,1,6,1,5,0,,,False,False,H,H,,Bayern München (GER)    v FC Porto (POR)           6-1 (5-0),UCL 2014.txt,213
UCL_2014_0119,2014/15,2015-04-22,20:45,Quarterfinals,Quarterfinals,Real Madrid,ESP,Atlético Madrid,ESP,1,0,1,0,0,0,,,False,False,H,H,,20:45  Real Madrid (ESP)       v Atlético Madrid (ESP)    1-0 (0-0),UCL 2014.txt,215
UCL_2014_0120,2014/15,2015-04-22,,Quarterfinals,Quarterfinals,AS Monaco,FRA,Juventus,ITA,0,0,0,0,,,,,False,False,D,D,,AS Monaco (FRA)         v Juventus (ITA)           0-0,UCL 2014.txt,216
UCL_2014_0121,2014/15,2015-05-05,20:45,Semifinals,Semifinals,Juventus,ITA,Real Madrid,ESP,2,1,2,1,1,1,,,False,False,H,H,,20:45  Juventus (ITA)          v Real Madrid (ESP)        2-1 (1-1),UCL 2014.txt,221
UCL_2014_0122,2014/15,2015-05-06,20:45,Semifinals,Semifinals,FC Barcelona,ESP,Bayern München,GER,3,0,3,0,0,0,,,False,False,H,H,,20:45  FC Barcelona (ESP)      v Bayern München (GER)     3-0 (0-0),UCL 2014.txt,223
UCL_2014_0123,2014/15,2015-05-12,20:45,Semifinals,Semifinals,Bayern München,GER,FC Barcelona,ESP,3,2,3,2,1,2,,,False,False,H,H,,20:45  Bayern München (GER)    v FC Barcelona (ESP)       3-2 (1-2),UCL 2014.txt,225
UCL_2014_0124,2014/15,2015-05-13,20:45,Semifinals,Semifinals,Real Madrid,ESP,Juventus,ITA,1,1,1,1,1,0,,,False,False,D,D,,20:45  Real Madrid (ESP)       v Juventus (ITA)           1-1 (1-0),UCL 2014.txt,227
UCL_2014_0125,2014/15,2015-06-06,20:45,Final,Final,Juventus,ITA,FC Barcelona,ESP,1,3,1,3,0,1,,,False,False,A,A,,20:45  Juventus (ITA)          v FC Barcelona (ESP)       1-3 (0-1),UCL 2014.txt,232
UCL_2015_0001,2015/16,2015-09-15,20:45,Group,Group A,Real Madrid,ESP,Shakhtar Donetsk,UKR,4,0,4,0,1,0,,,False,False,H,H,,20:45  Real Madrid (ESP)       v Shakhtar Donetsk (UKR)   4-0 (1-0),UCL 2015.txt,11
UCL_2015_0002,2015/16,2015-09-15,,Group,Group A,Paris Saint-Germain,FRA,Malmö FF,SWE,2,0,2,0,1,0,,,False,False,H,H,,Paris Saint-Germain (FRA) v Malmö FF (SWE)           2-0 (1-0),UCL 2015.txt,12
UCL_2015_0003,2015/16,2015-09-30,20:45,Group,Group A,Malmö FF,SWE,Real Madrid,ESP,0,2,0,2,0,1,,,False,False,A,A,,20:45  Malmö FF (SWE)          v Real Madrid (ESP)        0-2 (0-1),UCL 2015.txt,14
UCL_2015_0004,2015/16,2015-09-30,,Group,Group A,Shakhtar Donetsk,UKR,Paris Saint-Germain,FRA,0,3,0,3,0,2,,,False,False,A,A,,Shakhtar Donetsk (UKR)  v Paris Saint-Germain (FRA)  0-3 (0-2),UCL 2015.txt,15
UCL_2015_0005,2015/16,2015-10-21,20:45,Group,Group A,Paris Saint-Germain,FRA,Real Madrid,ESP,0,0,0,0,,,,,False,False,D,D,,20:45  Paris Saint-Germain (FRA) v Real Madrid (ESP)        0-0,UCL 2015.txt,17
UCL_2015_0006,2015/16,2015-10-21,,Group,Group A,Malmö FF,SWE,Shakhtar Donetsk,UKR,1,0,1,0,1,0,,,False,False,H,H,,Malmö FF (SWE)          v Shakhtar Donetsk (UKR)   1-0 (1-0),UCL 2015.txt,18
UCL_2015_0007,2015/16,2015-11-03,20:45,Group,Group A,Real Madrid,ESP,Paris Saint-Germain,FRA,1,0,1,0,1,0,,,False,False,H,H,,20:45  Real Madrid (ESP)       v Paris Saint-Germain (FRA)  1-0 (1-0),UCL 2015.txt,20
UCL_2015_0008,2015/16,2015-11-03,,Group,Group A,Shakhtar Donetsk,UKR,Malmö FF,SWE,4,0,4,0,1,0,,,False,False,H,H,,Shakhtar Donetsk (UKR)  v Malmö FF (SWE)           4-0 (1-0),UCL 2015.txt,21
UCL_2015_0009,2015/16,2015-11-25,20:45,Group,Group A,Malmö FF,SWE,Paris Saint-Germain,FRA,0,5,0,5,0,2,,,False,False,A,A,,20:45  Malmö FF (SWE)          v Paris Saint-Germain (FRA)  0-5 (0-2),UCL 2015.txt,23
UCL_2015_0010,2015/16,2015-11-25,,Group,Group A,Shakhtar Donetsk,UKR,Real Madrid,ESP,3,4,3,4,0,1,,,False,False,A,A,,Shakhtar Donetsk (UKR)  v Real Madrid (ESP)        3-4 (0-1),UCL 2015.txt,24
UCL_2015_0011,2015/16,2015-12-08,20:45,Group,Group A,Paris Saint-Germain,FRA,Shakhtar Donetsk,UKR,2,0,2,0,0,0,,,False,False,H,H,,20:45  Paris Saint-Germain (FRA) v Shakhtar Donetsk (UKR)   2-0 (0-0),UCL 2015.txt,26
UCL_2015_0012,2015/16,2015-12-08,,Group,Group A,Real Madrid,ESP,Malmö FF,SWE,8,0,8,0,3,0,,,False,False,H,H,,Real Madrid (ESP)       v Malmö FF (SWE)           8-0 (3-0),UCL 2015.txt,27
UCL_2015_0013,2015/16,2016-09-15,20:45,Group,Group B,VfL Wolfsburg,GER,CSKA Moskva,RUS,1,0,1,0,1,0,,,False,False,H,H,,20:45  VfL Wolfsburg (GER)     v CSKA Moskva (RUS)        1-0 (1-0),UCL 2015.txt,32
UCL_2015_0014,2015/16,2016-09-15,,Group,Group B,PSV Eindhoven,NED,Manchester United,ENG,2,1,2,1,1,1,,,False,False,H,H,,PSV Eindhoven (NED)     v Manchester United (ENG)  2-1 (1-1),UCL 2015.txt,33
UCL_2015_0015,2015/16,2016-09-30,20:45,Group,Group B,CSKA Moskva,RUS,PSV Eindhoven,NED,3,2,3,2,3,0,,,False,False,H,H,,20:45  CSKA Moskva (RUS)       v PSV Eindhoven (NED)      3-2 (3-0),UCL 2015.txt,35
UCL_2015_0016,2015/16,2016-09-30,,Group,Group B,Manchester United,ENG,VfL Wolfsburg,GER,2,1,2,1,1,1,,,False,False,H,H,,Manchester United (ENG) v VfL Wolfsburg (GER)      2-1 (1-1),UCL 2015.txt,36
UCL_2015_0017,2015/16,2016-10-21,20:45,Group,Group B,CSKA Moskva,RUS,Manchester United,ENG,1,1,1,1,1,0,,,False,False,D,D,,20:45  CSKA Moskva (RUS)       v Manchester United (ENG)  1-1 (1-0),UCL 2015.txt,38
UCL_2015_0018,2015/16,2016-10-21,,Group,Group B,VfL Wolfsburg,GER,PSV Eindhoven,NED,2,0,2,0,0,0,,,False,False,H,H,,VfL Wolfsburg (GER)     v PSV Eindhoven (NED)      2-0 (0-0),UCL 2015.txt,39
UCL_2015_0019,2015/16,2016-11-03,20:45,Group,Group B,PSV Eindhoven,NED,VfL Wolfsburg,GER,2,0,2,0,0,0,,,False,False,H,H,,20:45  PSV Eindhoven (NED)     v VfL Wolfsburg (GER)      2-0 (0-0),UCL 2015.txt,41
UCL_2015_0020,2015/16,2016-11-03,,Group,Group B,Manchester United,ENG,CSKA Moskva,RUS,1,0,1,0,0,0,,,False,False,H,H,,Manchester United (ENG) v CSKA Moskva (RUS)        1-0 (0-0),UCL 2015.txt,42
UCL_2015_0021,2015/16,2016-11-25,18:00,Group,Group B,CSKA Moskva,RUS,VfL Wolfsburg,GER,0,2,0,2,0,0,,,False,False,A,A,,18:00  CSKA Moskva (RUS)       v VfL Wolfsburg (GER)      0-2 (0-0),UCL 2015.txt,44
UCL_2015_0022,2015/16,2016-11-25,20:45,Group,Group B,Manchester United,ENG,PSV Eindhoven,NED,0,0,0,0,,,,,False,False,D,D,,20:45  Manchester United (ENG) v PSV Eindhoven (NED)      0-0,UCL 2015.txt,45
UCL_2015_0023,2015/16,2016-12-08,20:45,Group,Group B,VfL Wolfsburg,GER,Manchester United,ENG,3,2,3,2,2,1,,,False,False,H,H,,20:45  VfL Wolfsburg (GER)     v Manchester United (ENG)  3-2 (2-1),UCL 2015.txt,47
UCL_2015_0024,2015/16,2016-12-08,,Group,Group B,PSV Eindhoven,NED,CSKA Moskva,RUS,2,1,2,1,0,0,,,False,False,H,H,,PSV Eindhoven (NED)     v CSKA Moskva (RUS)        2-1 (0-0),UCL 2015.txt,48
UCL_2015_0025,2015/16,2017-09-15,20:45,Group,Group C,SL Benfica,POR,FK Astana,KAZ,2,0,2,0,0,0,,,False,False,H,H,,20:45  SL Benfica (POR)        v FK Astana (KAZ)          2-0 (0-0),UCL 2015.txt,53
UCL_2015_0026,2015/16,2017-09-15,,Group,Group C,Galatasaray,TUR,Atlético Madrid,ESP,0,2,0,2,0,2,,,False,False,A,A,,Galatasaray (TUR)       v Atlético Madrid (ESP)    0-2 (0-2),UCL 2015.txt,54
UCL_2015_0027,2015/16,2017-09-30,18:00,Group,Group C,FK Astana,KAZ,Galatasaray,TUR,2,2,2,2,0,1,,,False,False,D,D,,18:00  FK Astana (KAZ)         v Galatasaray (TUR)        2-2 (0-1),UCL 2015.txt,56
UCL_2015_0028,2015/16,2017-09-30,20:45,Group,Group C,Atlético Madrid,ESP,SL Benfica,POR,1,2,1,2,1,1,,,False,False,A,A,,20:45  Atlético Madrid (ESP)   v SL Benfica (POR)         1-2 (1-1),UCL 2015.txt,57
UCL_2015_0029,2015/16,2017-10-21,20:45,Group,Group C,Galatasaray,TUR,SL Benfica,POR,2,1,2,1,2,1,,,False,False,H,H,,20:45  Galatasaray (TUR)       v SL Benfica (POR)         2-1 (2-1),UCL 2015.txt,59
UCL_2015_0030,2015/16,2017-10-21,,Group,Group C,Atlético Madrid,ESP,FK Astana,KAZ,4,0,4,0,2,0,,,False,False,H,H,,Atlético Madrid (ESP)   v FK Astana (KAZ)          4-0 (2-0),UCL 2015.txt,60
UCL_2015_0031,2015/16,2017-11-03,16:00,Group,Group C,FK Astana,KAZ,Atlético Madrid,ESP,0,0,0,0,,,,,False,False,D,D,,16:00  FK Astana (KAZ)         v Atlético Madrid (ESP)    0-0,UCL 2015.txt,62
UCL_2015_0032,2015/16,2017-11-03,20:45,Group,Group C,SL Benfica,POR,Galatasaray,TUR,2,1,2,1,0,0,,,False,False,H,H,,20:45  SL Benfica (POR)        v Galatasaray (TUR)        2-1 (0-0),UCL 2015.txt,63
UCL_2015_0033,2015/16,2017-11-25,16:00,Group,Group C,FK Astana,KAZ,SL Benfica,POR,2,2,2,2,2,1,,,False,False,D,D,,16:00  FK Astana (KAZ)         v SL Benfica (POR)         2-2 (2-1),UCL 2015.txt,65
UCL_2015_0034,2015/16,2017-11-25,20:45,Group,Group C,Atlético Madrid,ESP,Galatasaray,TUR,2,0,2,0,1,0,,,False,False,H,H,,20:45  Atlético Madrid (ESP)   v Galatasaray (TUR)        2-0 (1-0),UCL 2015.txt,66
UCL_2015_0035,2015/16,2017-12-08,20:45,Group,Group C,Galatasaray,TUR,FK Astana,KAZ,1,1,1,1,0,0,,,False,False,D,D,,20:45  Galatasaray (TUR)       v FK Astana (KAZ)          1-1 (0-0),UCL 2015.txt,68
UCL_2015_0036,2015/16,2017-12-08,,Group,Group C,SL Benfica,POR,Atlético Madrid,ESP,1,2,1,2,0,1,,,False,False,A,A,,SL Benfica (POR)        v Atlético Madrid (ESP)    1-2 (0-1),UCL 2015.txt,69
UCL_2015_0037,2015/16,2018-09-15,20:45,Group,Group D,Sevilla FC,ESP,Bor. Mönchengladbach,GER,3,0,3,0,0,0,,,False,False,H,H,,20:45  Sevilla FC (ESP)        v Bor. Mönchengladbach (GER)  3-0 (0-0),UCL 2015.txt,74
UCL_2015_0038,2015/16,2018-09-15,,Group,Group D,Manchester City,ENG,Juventus,ITA,1,2,1,2,0,0,,,False,False,A,A,,Manchester City (ENG)   v Juventus (ITA)           1-2 (0-0),UCL 2015.txt,75
UCL_2015_0039,2015/16,2018-09-30,20:45,Group,Group D,Juventus,ITA,Sevilla FC,ESP,2,0,2,0,1,0,,,False,False,H,H,,20:45  Juventus (ITA)          v Sevilla FC (ESP)         2-0 (1-0),UCL 2015.txt,77
UCL_2015_0040,2015/16,2018-09-30,,Group,Group D,Bor. Mönchengladbach,GER,Manchester City,ENG,1,2,1,2,0,0,,,False,False,A,A,,Bor. Mönchengladbach (GER) v Manchester City (ENG)    1-2 (0-0),UCL 2015.txt,78
UCL_2015_0041,2015/16,2018-10-21,20:45,Group,Group D,Manchester City,ENG,Sevilla FC,ESP,2,1,2,1,1,1,,,False,False,H,H,,20:45  Manchester City (ENG)   v Sevilla FC (ESP)         2-1 (1-1),UCL 2015.txt,80
UCL_2015_0042,2015/16,2018-10-21,,Group,Group D,Juventus,ITA,Bor. Mönchengladbach,GER,0,0,0,0,,,,,False,False,D,D,,Juventus (ITA)          v Bor. Mönchengladbach (GER)  0-0,UCL 2015.txt,81
UCL_2015_0043,2015/16,2018-11-03,20:45,Group,Group D,Bor. Mönchengladbach,GER,Juventus,ITA,1,1,1,1,1,1,,,False,False,D,D,,20:45  Bor. Mönchengladbach (GER) v Juventus (ITA)           1-1 (1-1),UCL 2015.txt,83
UCL_2015_0044,2015/16,2018-11-03,,Group,Group D,Sevilla FC,ESP,Manchester City,ENG,1,3,1,3,1,3,,,False,False,A,A,,Sevilla FC (ESP)        v Manchester City (ENG)    1-3 (1-3),UCL 2015.txt,84
UCL_2015_0045,2015/16,2018-11-25,20:45,Group,Group D,Juventus,ITA,Manchester City,ENG,1,0,1,0,1,0,,,False,False,H,H,,20:45  Juventus (ITA)          v Manchester City (ENG)    1-0 (1-0),UCL 2015.txt,86
UCL_2015_0046,2015/16,2018-11-25,,Group,Group D,Bor. Mönchengladbach,GER,Sevilla FC,ESP,4,2,4,2,1,0,,,False,False,H,H,,Bor. Mönchengladbach (GER) v Sevilla FC (ESP)         4-2 (1-0),UCL 2015.txt,87
UCL_2015_0047,2015/16,2018-12-08,20:45,Group,Group D,Manchester City,ENG,Bor. Mönchengladbach,GER,4,2,4,2,1,2,,,False,False,H,H,,20:45  Manchester City (ENG)   v Bor. Mönchengladbach (GER)  4-2 (1-2),UCL 2015.txt,89
UCL_2015_0048,2015/16,2018-12-08,,Group,Group D,Sevilla FC,ESP,Juventus,ITA,1,0,1,0,0,0,,,False,False,H,H,,Sevilla FC (ESP)        v Juventus (ITA)           1-0 (0-0),UCL 2015.txt,90
UCL_2015_0049,2015/16,2019-09-16,20:45,Group,Group E,AS Roma,ITA,FC Barcelona,ESP,1,1,1,1,1,1,,,False,False,D,D,,20:45  AS Roma (ITA)           v FC Barcelona (ESP)       1-1 (1-1),UCL 2015.txt,95
UCL_2015_0050,2015/16,2019-09-16,,Group,Group E,Bayer Leverkusen,GER,BATE Borisov,BLR,4,1,4,1,1,1,,,False,False,H,H,,Bayer Leverkusen (GER)  v BATE Borisov (BLR)       4-1 (1-1),UCL 2015.txt,96
UCL_2015_0051,2015/16,2019-09-29,20:45,Group,Group E,FC Barcelona,ESP,Bayer Leverkusen,GER,2,1,2,1,0,1,,,False,False,H,H,,20:45  FC Barcelona (ESP)      v Bayer Leverkusen (GER)   2-1 (0-1),UCL 2015.txt,98
UCL_2015_0052,2015/16,2019-09-29,,Group,Group E,BATE Borisov,BLR,AS Roma,ITA,3,2,3,2,3,0,,,False,False,H,H,,BATE Borisov (BLR)      v AS Roma (ITA)            3-2 (3-0),UCL 2015.txt,99
UCL_2015_0053,2015/16,2019-10-20,20:45,Group,Group E,BATE Borisov,BLR,FC Barcelona,ESP,0,2,0,2,0,0,,,False,False,A,A,,20:45  BATE Borisov (BLR)      v FC Barcelona (ESP)       0-2 (0-0),UCL 2015.txt,101
UCL_2015_0054,2015/16,2019-10-20,,Group,Group E,Bayer Leverkusen,GER,AS Roma,ITA,4,4,4,4,2,2,,,False,False,D,D,,Bayer Leverkusen (GER)  v AS Roma (ITA)            4-4 (2-2),UCL 2015.txt,102
UCL_2015_0055,2015/16,2019-11-04,20:45,Group,Group E,AS Roma,ITA,Bayer Leverkusen,GER,3,2,3,2,2,0,,,False,False,H,H,,20:45  AS Roma (ITA)           v Bayer Leverkusen (GER)   3-2 (2-0),UCL 2015.txt,104
UCL_2015_0056,2015/16,2019-11-04,,Group,Group E,FC Barcelona,ESP,BATE Borisov,BLR,3,0,3,0,1,0,,,False,False,H,H,,FC Barcelona (ESP)      v BATE Borisov (BLR)       3-0 (1-0),UCL 2015.txt,105
UCL_2015_0057,2015/16,2019-11-24,18:00,Group,Group E,BATE Borisov,BLR,Bayer Leverkusen,GER,1,1,1,1,1,0,,,False,False,D,D,,18:00  BATE Borisov (BLR)      v Bayer Leverkusen (GER)   1-1 (1-0),UCL 2015.txt,107
UCL_2015_0058,2015/16,2019-11-24,20:45,Group,Group E,FC Barcelona,ESP,AS Roma,ITA,6,1,6,1,3,0,,,False,False,H,H,,20:45  FC Barcelona (ESP)      v AS Roma (ITA)            6-1 (3-0),UCL 2015.txt,108
UCL_2015_0059,2015/16,2019-12-09,20:45,Group,Group E,Bayer Leverkusen,GER,FC Barcelona,ESP,1,1,1,1,1,1,,,False,False,D,D,,20:45  Bayer Leverkusen (GER)  v FC Barcelona (ESP)       1-1 (1-1),UCL 2015.txt,110
UCL_2015_0060,2015/16,2019-12-09,,Group,Group E,AS Roma,ITA,BATE Borisov,BLR,0,0,0,0,,,,,False,False,D,D,,AS Roma (ITA)           v BATE Borisov (BLR)       0-0,UCL 2015.txt,111
UCL_2015_0061,2015/16,2020-09-16,20:45,Group,Group F,Olympiakos Piraeus,GRE,Bayern München,GER,0,3,0,3,0,0,,,False,False,A,A,,20:45  Olympiakos Piraeus (GRE) v Bayern München (GER)     0-3 (0-0),UCL 2015.txt,116
UCL_2015_0062,2015/16,2020-09-16,,Group,Group F,Dinamo Zagreb,CRO,Arsenal FC,ENG,2,1,2,1,1,0,,,False,False,H,H,,Dinamo Zagreb (CRO)     v Arsenal FC (ENG)         2-1 (1-0),UCL 2015.txt,117
UCL_2015_0063,2015/16,2020-09-29,20:45,Group,Group F,Arsenal FC,ENG,Olympiakos Piraeus,GRE,2,3,2,3,1,2,,,False,False,A,A,,20:45  Arsenal FC (ENG)        v Olympiakos Piraeus (GRE)  2-3 (1-2),UCL 2015.txt,119
UCL_2015_0064,2015/16,2020-09-29,,Group,Group F,Bayern München,GER,Dinamo Zagreb,CRO,5,0,5,0,4,0,,,False,False,H,H,,Bayern München (GER)    v Dinamo Zagreb (CRO)      5-0 (4-0),UCL 2015.txt,120
UCL_2015_0065,2015/16,2020-10-20,20:45,Group,Group F,Arsenal FC,ENG,Bayern München,GER,2,0,2,0,0,0,,,False,False,H,H,,20:45  Arsenal FC (ENG)        v Bayern München (GER)     2-0 (0-0),UCL 2015.txt,122
UCL_2015_0066,2015/16,2020-10-20,,Group,Group F,Dinamo Zagreb,CRO,Olympiakos Piraeus,GRE,0,1,0,1,0,0,,,False,False,A,A,,Dinamo Zagreb (CRO)     v Olympiakos Piraeus (GRE)  0-1 (0-0),UCL 2015.txt,123
UCL_2015_0067,2015/16,2020-11-04,20:45,Group,Group F,Bayern München,GER,Arsenal FC,ENG,5,1,5,1,3,0,,,False,False,H,H,,20:45  Bayern München (GER)    v Arsenal FC (ENG)         5-1 (3-0),UCL 2015.txt,125
UCL_2015_0068,2015/16,2020-11-04,,Group,Group F,Olympiakos Piraeus,GRE,Dinamo Zagreb,CRO,2,1,2,1,0,1,,,False,False,H,H,,Olympiakos Piraeus (GRE) v Dinamo Zagreb (CRO)      2-1 (0-1),UCL 2015.txt,126
UCL_2015_0069,2015/16,2020-11-24,20:45,Group,Group F,Bayern München,GER,Olympiakos Piraeus,GRE,4,0,4,0,3,0,,,False,False,H,H,,20:45  Bayern München (GER)    v Olympiakos Piraeus (GRE)  4-0 (3-0),UCL 2015.txt,128
UCL_2015_0070,2015/16,2020-11-24,,Group,Group F,Arsenal FC,ENG,Dinamo Zagreb,CRO,3,0,3,0,2,0,,,False,False,H,H,,Arsenal FC (ENG)        v Dinamo Zagreb (CRO)      3-0 (2-0),UCL 2015.txt,129
UCL_2015_0071,2015/16,2020-12-09,20:45,Group,Group F,Dinamo Zagreb,CRO,Bayern München,GER,0,2,0,2,0,0,,,False,False,A,A,,20:45  Dinamo Zagreb (CRO)     v Bayern München (GER)     0-2 (0-0),UCL 2015.txt,131
UCL_2015_0072,2015/16,2020-12-09,,Group,Group F,Olympiakos Piraeus,GRE,Arsenal FC,ENG,0,3,0,3,0,1,,,False,False,A,A,,Olympiakos Piraeus (GRE) v Arsenal FC (ENG)         0-3 (0-1),UCL 2015.txt,132
UCL_2015_0073,2015/16,2021-09-16,20:45,Group,Group G,Dinamo Kiev,UKR,FC Porto,POR,2,2,2,2,1,1,,,False,False,D,D,,20:45  Dinamo Kiev (UKR)       v FC Porto (POR)           2-2 (1-1),UCL 2015.txt,137
UCL_2015_0074,2015/16,2021-09-16,,Group,Group G,Chelsea FC,ENG,Maccabi Tel Aviv,ISR,4,0,4,0,2,0,,,False,False,H,H,,Chelsea FC (ENG)        v Maccabi Tel Aviv (ISR)   4-0 (2-0),UCL 2015.txt,138
UCL_2015_0075,2015/16,2021-09-29,20:45,Group,Group G,FC Porto,POR,Chelsea FC,ENG,2,1,2,1,1,1,,,False,False,H,H,,20:45  FC Porto (POR)          v Chelsea FC (ENG)         2-1 (1-1),UCL 2015.txt,140
UCL_2015_0076,2015/16,2021-09-29,,Group,Group G,Maccabi Tel Aviv,ISR,Dinamo Kiev,UKR,0,2,0,2,0,1,,,False,False,A,A,,Maccabi Tel Aviv (ISR)  v Dinamo Kiev (UKR)        0-2 (0-1),UCL 2015.txt,141
UCL_2015_0077,2015/16,2021-10-20,20:45,Group,Group G,FC Porto,POR,Maccabi Tel Aviv,ISR,2,0,2,0,2,0,,,False,False,H,H,,20:45  FC Porto (POR)          v Maccabi Tel Aviv (ISR)   2-0 (2-0),UCL 2015.txt,143
UCL_2015_0078,2015/16,2021-10-20,,Group,Group G,Dinamo Kiev,UKR,Chelsea FC,ENG,0,0,0,0,,,,,False,False,D,D,,Dinamo Kiev (UKR)       v Chelsea FC (ENG)         0-0,UCL 2015.txt,144
UCL_2015_0079,2015/16,2021-11-04,20:45,Group,Group G,Chelsea FC,ENG,Dinamo Kiev,UKR,2,1,2,1,1,0,,,False,False,H,H,,20:45  Chelsea FC (ENG)        v Dinamo Kiev (UKR)        2-1 (1-0),UCL 2015.txt,146
UCL_2015_0080,2015/16,2021-11-04,,Group,Group G,Maccabi Tel Aviv,ISR,FC Porto,POR,1,3,1,3,0,1,,,False,False,A,A,,Maccabi Tel Aviv (ISR)  v FC Porto (POR)           1-3 (0-1),UCL 2015.txt,147
UCL_2015_0081,2015/16,2021-11-24,20:45,Group,Group G,Maccabi Tel Aviv,ISR,Chelsea FC,ENG,0,4,0,4,0,1,,,False,False,A,A,,20:45  Maccabi Tel Aviv (ISR)  v Chelsea FC (ENG)         0-4 (0-1),UCL 2015.txt,149
UCL_2015_0082,2015/16,2021-11-24,,Group,Group G,FC Porto,POR,Dinamo Kiev,UKR,0,2,0,2,0,1,,,False,False,A,A,,FC Porto (POR)          v Dinamo Kiev (UKR)        0-2 (0-1),UCL 2015.txt,150
UCL_2015_0083,2015/16,2021-12-09,20:45,Group,Group G,Chelsea FC,ENG,FC Porto,POR,2,0,2,0,1,0,,,False,False,H,H,,20:45  Chelsea FC (ENG)        v FC Porto (POR)           2-0 (1-0),UCL 2015.txt,152
UCL_2015_0084,2015/16,2021-12-09,,Group,Group G,Dinamo Kiev,UKR,Maccabi Tel Aviv,ISR,1,0,1,0,1,0,,,False,False,H,H,,Dinamo Kiev (UKR)       v Maccabi Tel Aviv (ISR)   1-0 (1-0),UCL 2015.txt,153
UCL_2015_0085,2015/16,2022-09-16,20:45,Group,Group H,Valencia CF,ESP,Zenit St. Petersburg,RUS,2,3,2,3,0,2,,,False,False,A,A,,20:45  Valencia CF (ESP)       v Zenit St. Petersburg (RUS)  2-3 (0-2),UCL 2015.txt,158
UCL_2015_0086,2015/16,2022-09-16,,Group,Group H,KAA Gent,BEL,Olympique Lyonnais,FRA,1,1,1,1,0,0,,,False,False,D,D,,KAA Gent (BEL)          v Olympique Lyonnais (FRA)  1-1 (0-0),UCL 2015.txt,159
UCL_2015_0087,2015/16,2022-09-29,20:45,Group,Group H,Olympique Lyonnais,FRA,Valencia CF,ESP,0,1,0,1,0,1,,,False,False,A,A,,20:45  Olympique Lyonnais (FRA) v Valencia CF (ESP)        0-1 (0-1),UCL 2015.txt,161
UCL_2015_0088,2015/16,2022-09-29,,Group,Group H,Zenit St. Petersburg,RUS,KAA Gent,BEL,2,1,2,1,1,0,,,False,False,H,H,,Zenit St. Petersburg (RUS) v KAA Gent (BEL)           2-1 (1-0),UCL 2015.txt,162
UCL_2015_0089,2015/16,2022-10-20,20:45,Group,Group H,Valencia CF,ESP,KAA Gent,BEL,2,1,2,1,1,1,,,False,False,H,H,,20:45  Valencia CF (ESP)       v KAA Gent (BEL)           2-1 (1-1),UCL 2015.txt,164
UCL_2015_0090,2015/16,2022-10-20,,Group,Group H,Zenit St. Petersburg,RUS,Olympique Lyonnais,FRA,3,1,3,1,1,0,,,False,False,H,H,,Zenit St. Petersburg (RUS) v Olympique Lyonnais (FRA)  3-1 (1-0),UCL 2015.txt,165
UCL_2015_0091,2015/16,2022-11-04,20:45,Group,Group H,Olympique Lyonnais,FRA,Zenit St. Petersburg,RUS,0,2,0,2,0,1,,,False,False,A,A,,20:45  Olympique Lyonnais (FRA) v Zenit St. Petersburg (RUS)  0-2 (0-1),UCL 2015.txt,167
UCL_2015_0092,2015/16,2022-11-04,,Group,Group H,KAA Gent,BEL,Valencia CF,ESP,1,0,1,0,0,0,,,False,False,H,H,,KAA Gent (BEL)          v Valencia CF (ESP)        1-0 (0-0),UCL 2015.txt,168
UCL_2015_0093,2015/16,2022-11-24,18:00,Group,Group H,Zenit St. Petersburg,RUS,Valencia CF,ESP,2,0,2,0,1,0,,,False,False,H,H,,18:00  Zenit St. Petersburg (RUS) v Valencia CF (ESP)        2-0 (1-0),UCL 2015.txt,170
UCL_2015_0094,2015/16,2022-11-24,20:45,Group,Group H,Olympique Lyonnais,FRA,KAA Gent,BEL,1,2,1,2,1,1,,,False,False,A,A,,20:45  Olympique Lyonnais (FRA) v KAA Gent (BEL)           1-2 (1-1),UCL 2015.txt,171
UCL_2015_0095,2015/16,2022-12-09,20:45,Group,Group H,Valencia CF,ESP,Olympique Lyonnais,FRA,0,2,0,2,0,1,,,False,False,A,A,,20:45  Valencia CF (ESP)       v Olympique Lyonnais (FRA)  0-2 (0-1),UCL 2015.txt,173
UCL_2015_0096,2015/16,2022-12-09,,Group,Group H,KAA Gent,BEL,Zenit St. Petersburg,RUS,2,1,2,1,1,0,,,False,False,H,H,,KAA Gent (BEL)          v Zenit St. Petersburg (RUS)  2-1 (1-0),UCL 2015.txt,174
UCL_2015_0097,2015/16,2016-02-16,20:45,Round of 16,Round of 16,Paris Saint-Germain,FRA,Chelsea FC,ENG,2,1,2,1,1,1,,,False,False,H,H,,20:45  Paris Saint-Germain (FRA) v Chelsea FC (ENG)         2-1 (1-1),UCL 2015.txt,179
UCL_2015_0098,2015/16,2016-02-16,,Round of 16,Round of 16,SL Benfica,POR,Zenit St. Petersburg,RUS,1,0,1,0,0,0,,,False,False,H,H,,SL Benfica (POR)        v Zenit St. Petersburg (RUS)  1-0 (0-0),UCL 2015.txt,180
UCL_2015_0099,2015/16,2016-02-17,20:45,Round of 16,Round of 16,KAA Gent,BEL,VfL Wolfsburg,GER,2,3,2,3,0,1,,,False,False,A,A,,20:45  KAA Gent (BEL)          v VfL Wolfsburg (GER)      2-3 (0-1),UCL 2015.txt,182
UCL_2015_0100,2015/16,2016-02-17,,Round of 16,Round of 16,AS Roma,ITA,Real Madrid,ESP,0,2,0,2,0,0,,,False,False,A,A,,AS Roma (ITA)           v Real Madrid (ESP)        0-2 (0-0),UCL 2015.txt,183
UCL_2015_0101,2015/16,2016-02-23,20:45,Round of 16,Round of 16,Arsenal FC,ENG,FC Barcelona,ESP,0,2,0,2,0,0,,,False,False,A,A,,20:45  Arsenal FC (ENG)        v FC Barcelona (ESP)       0-2 (0-0),UCL 2015.txt,185
UCL_2015_0102,2015/16,2016-02-23,,Round of 16,Round of 16,Juventus,ITA,Bayern München,GER,2,2,2,2,0,1,,,False,False,D,D,,Juventus (ITA)          v Bayern München (GER)     2-2 (0-1),UCL 2015.txt,186
UCL_2015_0103,2015/16,2016-02-24,20:45,Round of 16,Round of 16,PSV Eindhoven,NED,Atlético Madrid,ESP,0,0,0,0,,,,,False,False,D,D,,20:45  PSV Eindhoven (NED)     v Atlético Madrid (ESP)    0-0,UCL 2015.txt,188
UCL_2015_0104,2015/16,2016-02-24,,Round of 16,Round of 16,Dinamo Kiev,UKR,Manchester City,ENG,1,3,1,3,0,2,,,False,False,A,A,,Dinamo Kiev (UKR)       v Manchester City (ENG)    1-3 (0-2),UCL 2015.txt,189
UCL_2015_0105,2015/16,2016-03-08,20:45,Round of 16,Round of 16,VfL Wolfsburg,GER,KAA Gent,BEL,1,0,1,0,0,0,,,False,False,H,H,,20:45  VfL Wolfsburg (GER)     v KAA Gent (BEL)           1-0 (0-0),UCL 2015.txt,191
UCL_2015_0106,2015/16,2016-03-08,,Round of 16,Round of 16,Real Madrid,ESP,AS Roma,ITA,2,0,2,0,0,0,,,False,False,H,H,,Real Madrid (ESP)       v AS Roma (ITA)            2-0 (0-0),UCL 2015.txt,192
UCL_2015_0107,2015/16,2016-03-09,18:00,Round of 16,Round of 16,Zenit St. Petersburg,RUS,SL Benfica,POR,1,2,1,2,0,0,,,False,False,A,A,,18:00  Zenit St. Petersburg (RUS) v SL Benfica (POR)         1-2 (0-0),UCL 2015.txt,194
UCL_2015_0108,2015/16,2016-03-09,20:45,Round of 16,Round of 16,Chelsea FC,ENG,Paris Saint-Germain,FRA,1,2,1,2,1,1,,,False,False,A,A,,20:45  Chelsea FC (ENG)        v Paris Saint-Germain (FRA)  1-2 (1-1),UCL 2015.txt,195
UCL_2015_0109,2015/16,2016-03-15,20:45,Round of 16,Round of 16,Atlético Madrid,ESP,PSV Eindhoven,NED,8,7,0,0,0,0,0,0,True,True,D,A,A,20:45  Atlético Madrid (ESP)   v PSV Eindhoven (NED)      8-7 pen. 0-0 a.e.t. (0-0),UCL 2015.txt,197
UCL_2015_0110,2015/16,2016-03-15,,Round of 16,Round of 16,Manchester City,ENG,Dinamo Kiev,UKR,0,0,0,0,,,,,False,False,D,D,,Manchester City (ENG)   v Dinamo Kiev (UKR)        0-0,UCL 2015.txt,198
UCL_2015_0111,2015/16,2016-03-16,20:45,Round of 16,Round of 16,FC Barcelona,ESP,Arsenal FC,ENG,3,1,3,1,1,0,,,False,False,H,H,,20:45  FC Barcelona (ESP)      v Arsenal FC (ENG)         3-1 (1-0),UCL 2015.txt,200
UCL_2015_0112,2015/16,2016-03-16,,Round of 16,Round of 16,Bayern München,GER,Juventus,ITA,4,2,2,2,0,2,,,True,False,D,H,,"Bayern München (GER)    v Juventus (ITA)           4-2 a.e.t. (2-2, 0-2)",UCL 2015.txt,201
UCL_2015_0113,2015/16,2016-04-05,20:45,Quarterfinals,Quarterfinals,Bayern München,GER,SL Benfica,POR,1,0,1,0,1,0,,,False,False,H,H,,20:45  Bayern München (GER)    v SL Benfica (POR)         1-0 (1-0),UCL 2015.txt,206
UCL_2015_0114,2015/16,2016-04-05,,Quarterfinals,Quarterfinals,FC Barcelona,ESP,Atlético Madrid,ESP,2,1,2,1,0,1,,,False,False,H,H,,FC Barcelona (ESP)      v Atlético Madrid (ESP)    2-1 (0-1),UCL 2015.txt,207
UCL_2015_0115,2015/16,2016-04-06,20:45,Quarterfinals,Quarterfinals,VfL Wolfsburg,GER,Real Madrid,ESP,2,0,2,0,2,0,,,False,False,H,H,,20:45  VfL Wolfsburg (GER)     v Real Madrid (ESP)        2-0 (2-0),UCL 2015.txt,209
UCL_2015_0116,2015/16,2016-04-06,,Quarterfinals,Quarterfinals,Paris Saint-Germain,FRA,Manchester City,ENG,2,2,2,2,1,1,,,False,False,D,D,,Paris Saint-Germain (FRA) v Manchester City (ENG)    2-2 (1-1),UCL 2015.txt,210
UCL_2015_0117,2015/16,2016-04-12,20:45,Quarterfinals,Quarterfinals,Real Madrid,ESP,VfL Wolfsburg,GER,3,0,3,0,2,0,,,False,False,H,H,,20:45  Real Madrid (ESP)       v VfL Wolfsburg (GER)      3-0 (2-0),UCL 2015.txt,212
UCL_2015_0118,2015/16,2016-04-12,,Quarterfinals,Quarterfinals,Manchester City,ENG,Paris Saint-Germain,FRA,1,0,1,0,0,0,,,False,False,H,H,,Manchester City (ENG)   v Paris Saint-Germain (FRA)  1-0 (0-0),UCL 2015.txt,213
UCL_2015_0119,2015/16,2016-04-13,20:45,Quarterfinals,Quarterfinals,SL Benfica,POR,Bayern München,GER,2,2,2,2,1,1,,,False,False,D,D,,20:45  SL Benfica (POR)        v Bayern München (GER)     2-2 (1-1),UCL 2015.txt,215
UCL_2015_0120,2015/16,2016-04-13,,Quarterfinals,Quarterfinals,Atlético Madrid,ESP,FC Barcelona,ESP,2,0,2,0,1,0,,,False,False,H,H,,Atlético Madrid (ESP)   v FC Barcelona (ESP)       2-0 (1-0),UCL 2015.txt,216
UCL_2015_0121,2015/16,2016-04-26,20:45,Semifinals,Semifinals,Manchester City,ENG,Real Madrid,ESP,0,0,0,0,,,,,False,False,D,D,,20:45  Manchester City (ENG)   v Real Madrid (ESP)        0-0,UCL 2015.txt,221
UCL_2015_0122,2015/16,2016-04-27,20:45,Semifinals,Semifinals,Atlético Madrid,ESP,Bayern München,GER,1,0,1,0,1,0,,,False,False,H,H,,20:45  Atlético Madrid (ESP)   v Bayern München (GER)     1-0 (1-0),UCL 2015.txt,223
UCL_2015_0123,2015/16,2016-05-03,20:45,Semifinals,Semifinals,Bayern München,GER,Atlético Madrid,ESP,2,1,2,1,1,0,,,False,False,H,H,,20:45  Bayern München (GER)    v Atlético Madrid (ESP)    2-1 (1-0),UCL 2015.txt,225
UCL_2015_0124,2015/16,2016-05-04,20:45,Semifinals,Semifinals,Real Madrid,ESP,Manchester City,ENG,1,0,1,0,1,0,,,False,False,H,H,,20:45  Real Madrid (ESP)       v Manchester City (ENG)    1-0 (1-0),UCL 2015.txt,227
UCL_2015_0125,2015/16,2016-05-28,20:45,Final,Final,Real Madrid,ESP,Atlético Madrid,ESP,5,3,1,1,1,0,1,1,True,True,D,A,A,"20:45  Real Madrid (ESP)       v Atlético Madrid (ESP)    5-3 pen. 1-1 a.e.t. (1-1, 1-0)",UCL 2015.txt,232
UCL_2016_0001,2016/17,2016-09-13,20:45,Group,Group A,FC Basel 1893,SUI,PFC Ludogorets Razgrad,BUL,1,1,1,1,0,1,,,False,False,D,D,,20:45  FC Basel 1893 (SUI)     v PFC Ludogorets Razgrad (BUL)  1-1 (0-1),UCL 2016.txt,11
UCL_2016_0002,2016/17,2016-09-13,,Group,Group A,Paris Saint-Germain,FRA,Arsenal FC,ENG,1,1,1,1,1,0,,,False,False,D,D,,Paris Saint-Germain (FRA) v Arsenal FC (ENG)         1-1 (1-0),UCL 2016.txt,12
UCL_2016_0003,2016/17,2016-09-28,20:45,Group,Group A,Arsenal FC,ENG,FC Basel 1893,SUI,2,0,2,0,2,0,,,False,False,H,H,,20:45  Arsenal FC (ENG)        v FC Basel 1893 (SUI)      2-0 (2-0),UCL 2016.txt,14
UCL_2016_0004,2016/17,2016-09-28,,Group,Group A,PFC Ludogorets Razgrad,BUL,Paris Saint-Germain,FRA,1,3,1,3,1,1,,,False,False,A,A,,PFC Ludogorets Razgrad (BUL) v Paris Saint-Germain (FRA)  1-3 (1-1),UCL 2016.txt,15
UCL_2016_0005,2016/17,2016-10-19,20:45,Group,Group A,Arsenal FC,ENG,PFC Ludogorets Razgrad,BUL,6,0,6,0,2,0,,,False,False,H,H,,20:45  Arsenal FC (ENG)        v PFC Ludogorets Razgrad (BUL)  6-0 (2-0),UCL 2016.txt,17
UCL_2016_0006,2016/17,2016-10-19,,Group,Group A,Paris Saint-Germain,FRA,FC Basel 1893,SUI,3,0,3,0,1,0,,,False,False,H,H,,Paris Saint-Germain (FRA) v FC Basel 1893 (SUI)      3-0 (1-0),UCL 2016.txt,18
UCL_2016_0007,2016/17,2016-11-01,20:45,Group,Group A,FC Basel 1893,SUI,Paris Saint-Germain,FRA,1,2,1,2,0,1,,,False,False,A,A,,20:45  FC Basel 1893 (SUI)     v Paris Saint-Germain (FRA)  1-2 (0-1),UCL 2016.txt,20
UCL_2016_0008,2016/17,2016-11-01,,Group,Group A,PFC Ludogorets Razgrad,BUL,Arsenal FC,ENG,2,3,2,3,2,2,,,False,False,A,A,,PFC Ludogorets Razgrad (BUL) v Arsenal FC (ENG)         2-3 (2-2),UCL 2016.txt,21
UCL_2016_0009,2016/17,2016-11-23,20:45,Group,Group A,Arsenal FC,ENG,Paris Saint-Germain,FRA,2,2,2,2,1,1,,,False,False,D,D,,20:45  Arsenal FC (ENG)        v Paris Saint-Germain (FRA)  2-2 (1-1),UCL 2016.txt,23
UCL_2016_0010,2016/17,2016-11-23,,Group,Group A,PFC Ludogorets Razgrad,BUL,FC Basel 1893,SUI,0,0,0,0,,,,,False,False,D,D,,PFC Ludogorets Razgrad (BUL) v FC Basel 1893 (SUI)      0-0,UCL 2016.txt,24
UCL_2016_0011,2016/17,2016-12-06,20:45,Group,Group A,FC Basel 1893,SUI,Arsenal FC,ENG,1,4,1,4,0,2,,,False,False,A,A,,20:45  FC Basel 1893 (SUI)     v Arsenal FC (ENG)         1-4 (0-2),UCL 2016.txt,26
UCL_2016_0012,2016/17,2016-12-06,,Group,Group A,Paris Saint-Germain,FRA,PFC Ludogorets Razgrad,BUL,2,2,2,2,0,1,,,False,False,D,D,,Paris Saint-Germain (FRA) v PFC Ludogorets Razgrad (BUL)  2-2 (0-1),UCL 2016.txt,27
UCL_2016_0013,2016/17,2017-09-13,20:45,Group,Group B,Dinamo Kiev,UKR,SSC Napoli,ITA,1,2,1,2,1,2,,,False,False,A,A,,20:45  Dinamo Kiev (UKR)       v SSC Napoli (ITA)         1-2 (1-2),UCL 2016.txt,32
UCL_2016_0014,2016/17,2017-09-13,,Group,Group B,SL Benfica,POR,Beşiktaş,TUR,1,1,1,1,1,0,,,False,False,D,D,,SL Benfica (POR)        v Beşiktaş (TUR)           1-1 (1-0),UCL 2016.txt,33
UCL_2016_0015,2016/17,2017-09-28,20:45,Group,Group B,Beşiktaş,TUR,Dinamo Kiev,UKR,1,1,1,1,1,0,,,False,False,D,D,,20:45  Beşiktaş (TUR)          v Dinamo Kiev (UKR)        1-1 (1-0),UCL 2016.txt,35
UCL_2016_0016,2016/17,2017-09-28,,Group,Group B,SSC Napoli,ITA,SL Benfica,POR,4,2,4,2,1,0,,,False,False,H,H,,SSC Napoli (ITA)        v SL Benfica (POR)         4-2 (1-0),UCL 2016.txt,36
UCL_2016_0017,2016/17,2017-10-19,20:45,Group,Group B,Dinamo Kiev,UKR,SL Benfica,POR,0,2,0,2,0,1,,,False,False,A,A,,20:45  Dinamo Kiev (UKR)       v SL Benfica (POR)         0-2 (0-1),UCL 2016.txt,38
UCL_2016_0018,2016/17,2017-10-19,,Group,Group B,SSC Napoli,ITA,Beşiktaş,TUR,2,3,2,3,1,2,,,False,False,A,A,,SSC Napoli (ITA)        v Beşiktaş (TUR)           2-3 (1-2),UCL 2016.txt,39
UCL_2016_0019,2016/17,2017-11-01,18:45,Group,Group B,Beşiktaş,TUR,SSC Napoli,ITA,1,1,1,1,0,0,,,False,False,D,D,,18:45  Beşiktaş (TUR)          v SSC Napoli (ITA)         1-1 (0-0),UCL 2016.txt,41
UCL_2016_0020,2016/17,2017-11-01,20:45,Group,Group B,SL Benfica,POR,Dinamo Kiev,UKR,1,0,1,0,1,0,,,False,False,H,H,,20:45  SL Benfica (POR)        v Dinamo Kiev (UKR)        1-0 (1-0),UCL 2016.txt,42
UCL_2016_0021,2016/17,2017-11-23,18:45,Group,Group B,Beşiktaş,TUR,SL Benfica,POR,3,3,3,3,0,3,,,False,False,D,D,,18:45  Beşiktaş (TUR)          v SL Benfica (POR)         3-3 (0-3),UCL 2016.txt,44
UCL_2016_0022,2016/17,2017-11-23,20:45,Group,Group B,SSC Napoli,ITA,Dinamo Kiev,UKR,0,0,0,0,,,,,False,False,D,D,,20:45  SSC Napoli (ITA)        v Dinamo Kiev (UKR)        0-0,UCL 2016.txt,45
UCL_2016_0023,2016/17,2017-12-06,20:45,Group,Group B,Dinamo Kiev,UKR,Beşiktaş,TUR,6,0,6,0,4,0,,,False,False,H,H,,20:45  Dinamo Kiev (UKR)       v Beşiktaş (TUR)           6-0 (4-0),UCL 2016.txt,47
UCL_2016_0024,2016/17,2017-12-06,,Group,Group B,SL Benfica,POR,SSC Napoli,ITA,1,2,1,2,0,0,,,False,False,A,A,,SL Benfica (POR)        v SSC Napoli (ITA)         1-2 (0-0),UCL 2016.txt,48
UCL_2016_0025,2016/17,2018-09-13,20:45,Group,Group C,FC Barcelona,ESP,Celtic FC,SCO,7,0,7,0,2,0,,,False,False,H,H,,20:45  FC Barcelona (ESP)      v Celtic FC (SCO)          7-0 (2-0),UCL 2016.txt,53
UCL_2016_0026,2016/17,2018-09-14,20:45,Group,Group C,Manchester City,ENG,Bor. Mönchengladbach,GER,4,0,4,0,2,0,,,False,False,H,H,,20:45  Manchester City (ENG)   v Bor. Mönchengladbach (GER)  4-0 (2-0),UCL 2016.txt,55
UCL_2016_0027,2016/17,2018-09-28,20:45,Group,Group C,Bor. Mönchengladbach,GER,FC Barcelona,ESP,1,2,1,2,1,0,,,False,False,A,A,,20:45  Bor. Mönchengladbach (GER) v FC Barcelona (ESP)       1-2 (1-0),UCL 2016.txt,57
UCL_2016_0028,2016/17,2018-09-28,,Group,Group C,Celtic FC,SCO,Manchester City,ENG,3,3,3,3,2,2,,,False,False,D,D,,Celtic FC (SCO)         v Manchester City (ENG)    3-3 (2-2),UCL 2016.txt,58
UCL_2016_0029,2016/17,2018-10-19,20:45,Group,Group C,Celtic FC,SCO,Bor. Mönchengladbach,GER,0,2,0,2,0,0,,,False,False,A,A,,20:45  Celtic FC (SCO)         v Bor. Mönchengladbach (GER)  0-2 (0-0),UCL 2016.txt,60
UCL_2016_0030,2016/17,2018-10-19,,Group,Group C,FC Barcelona,ESP,Manchester City,ENG,4,0,4,0,1,0,,,False,False,H,H,,FC Barcelona (ESP)      v Manchester City (ENG)    4-0 (1-0),UCL 2016.txt,61
UCL_2016_0031,2016/17,2018-11-01,20:45,Group,Group C,Bor. Mönchengladbach,GER,Celtic FC,SCO,1,1,1,1,1,0,,,False,False,D,D,,20:45  Bor. Mönchengladbach (GER) v Celtic FC (SCO)          1-1 (1-0),UCL 2016.txt,63
UCL_2016_0032,2016/17,2018-11-01,,Group,Group C,Manchester City,ENG,FC Barcelona,ESP,3,1,3,1,1,1,,,False,False,H,H,,Manchester City (ENG)   v FC Barcelona (ESP)       3-1 (1-1),UCL 2016.txt,64
UCL_2016_0033,2016/17,2018-11-23,20:45,Group,Group C,Bor. Mönchengladbach,GER,Manchester City,ENG,1,1,1,1,1,1,,,False,False,D,D,,20:45  Bor. Mönchengladbach (GER) v Manchester City (ENG)    1-1 (1-1),UCL 2016.txt,66
UCL_2016_0034,2016/17,2018-11-23,,Group,Group C,Celtic FC,SCO,FC Barcelona,ESP,0,2,0,2,0,1,,,False,False,A,A,,Celtic FC (SCO)         v FC Barcelona (ESP)       0-2 (0-1),UCL 2016.txt,67
UCL_2016_0035,2016/17,2018-12-06,20:45,Group,Group C,FC Barcelona,ESP,Bor. Mönchengladbach,GER,4,0,4,0,1,0,,,False,False,H,H,,20:45  FC Barcelona (ESP)      v Bor. Mönchengladbach (GER)  4-0 (1-0),UCL 2016.txt,69
UCL_2016_0036,2016/17,2018-12-06,,Group,Group C,Manchester City,ENG,Celtic FC,SCO,1,1,1,1,1,1,,,False,False,D,D,,Manchester City (ENG)   v Celtic FC (SCO)          1-1 (1-1),UCL 2016.txt,70
UCL_2016_0037,2016/17,2019-09-13,20:45,Group,Group D,Bayern München,GER,FK Rostov,RUS,5,0,5,0,2,0,,,False,False,H,H,,20:45  Bayern München (GER)    v FK Rostov (RUS)          5-0 (2-0),UCL 2016.txt,75
UCL_2016_0038,2016/17,2019-09-13,,Group,Group D,PSV Eindhoven,NED,Atlético Madrid,ESP,0,1,0,1,0,1,,,False,False,A,A,,PSV Eindhoven (NED)     v Atlético Madrid (ESP)    0-1 (0-1),UCL 2016.txt,76
UCL_2016_0039,2016/17,2019-09-28,20:45,Group,Group D,Atlético Madrid,ESP,Bayern München,GER,1,0,1,0,1,0,,,False,False,H,H,,20:45  Atlético Madrid (ESP)   v Bayern München (GER)     1-0 (1-0),UCL 2016.txt,78
UCL_2016_0040,2016/17,2019-09-28,,Group,Group D,FK Rostov,RUS,PSV Eindhoven,NED,2,2,2,2,2,2,,,False,False,D,D,,FK Rostov (RUS)         v PSV Eindhoven (NED)      2-2 (2-2),UCL 2016.txt,79
UCL_2016_0041,2016/17,2019-10-19,20:45,Group,Group D,Bayern München,GER,PSV Eindhoven,NED,4,1,4,1,2,1,,,False,False,H,H,,20:45  Bayern München (GER)    v PSV Eindhoven (NED)      4-1 (2-1),UCL 2016.txt,81
UCL_2016_0042,2016/17,2019-10-19,,Group,Group D,FK Rostov,RUS,Atlético Madrid,ESP,0,1,0,1,0,0,,,False,False,A,A,,FK Rostov (RUS)         v Atlético Madrid (ESP)    0-1 (0-0),UCL 2016.txt,82
UCL_2016_0043,2016/17,2019-11-01,20:45,Group,Group D,Atlético Madrid,ESP,FK Rostov,RUS,2,1,2,1,1,1,,,False,False,H,H,,20:45  Atlético Madrid (ESP)   v FK Rostov (RUS)          2-1 (1-1),UCL 2016.txt,84
UCL_2016_0044,2016/17,2019-11-01,,Group,Group D,PSV Eindhoven,NED,Bayern München,GER,1,2,1,2,1,1,,,False,False,A,A,,PSV Eindhoven (NED)     v Bayern München (GER)     1-2 (1-1),UCL 2016.txt,85
UCL_2016_0045,2016/17,2019-11-23,18:00,Group,Group D,FK Rostov,RUS,Bayern München,GER,3,2,3,2,1,1,,,False,False,H,H,,18:00  FK Rostov (RUS)         v Bayern München (GER)     3-2 (1-1),UCL 2016.txt,87
UCL_2016_0046,2016/17,2019-11-23,20:45,Group,Group D,Atlético Madrid,ESP,PSV Eindhoven,NED,2,0,2,0,0,0,,,False,False,H,H,,20:45  Atlético Madrid (ESP)   v PSV Eindhoven (NED)      2-0 (0-0),UCL 2016.txt,88
UCL_2016_0047,2016/17,2019-12-06,20:45,Group,Group D,Bayern München,GER,Atlético Madrid,ESP,1,0,1,0,1,0,,,False,False,H,H,,20:45  Bayern München (GER)    v Atlético Madrid (ESP)    1-0 (1-0),UCL 2016.txt,90
UCL_2016_0048,2016/17,2019-12-06,,Group,Group D,PSV Eindhoven,NED,FK Rostov,RUS,0,0,0,0,,,,,False,False,D,D,,PSV Eindhoven (NED)     v FK Rostov (RUS)          0-0,UCL 2016.txt,91
UCL_2016_0049,2016/17,2020-09-14,20:45,Group,Group E,Bayer Leverkusen,GER,CSKA Moskva,RUS,2,2,2,2,2,2,,,False,False,D,D,,20:45  Bayer Leverkusen (GER)  v CSKA Moskva (RUS)        2-2 (2-2),UCL 2016.txt,96
UCL_2016_0050,2016/17,2020-09-14,,Group,Group E,Tottenham Hotspur,ENG,AS Monaco,FRA,1,2,1,2,1,2,,,False,False,A,A,,Tottenham Hotspur (ENG) v AS Monaco (FRA)          1-2 (1-2),UCL 2016.txt,97
UCL_2016_0051,2016/17,2020-09-27,20:45,Group,Group E,AS Monaco,FRA,Bayer Leverkusen,GER,1,1,1,1,0,0,,,False,False,D,D,,20:45  AS Monaco (FRA)         v Bayer Leverkusen (GER)   1-1 (0-0),UCL 2016.txt,99
UCL_2016_0052,2016/17,2020-09-27,,Group,Group E,CSKA Moskva,RUS,Tottenham Hotspur,ENG,0,1,0,1,0,0,,,False,False,A,A,,CSKA Moskva (RUS)       v Tottenham Hotspur (ENG)  0-1 (0-0),UCL 2016.txt,100
UCL_2016_0053,2016/17,2020-10-18,20:45,Group,Group E,Bayer Leverkusen,GER,Tottenham Hotspur,ENG,0,0,0,0,,,,,False,False,D,D,,20:45  Bayer Leverkusen (GER)  v Tottenham Hotspur (ENG)  0-0,UCL 2016.txt,102
UCL_2016_0054,2016/17,2020-10-18,,Group,Group E,CSKA Moskva,RUS,AS Monaco,FRA,1,1,1,1,1,0,,,False,False,D,D,,CSKA Moskva (RUS)       v AS Monaco (FRA)          1-1 (1-0),UCL 2016.txt,103
UCL_2016_0055,2016/17,2020-11-02,20:45,Group,Group E,AS Monaco,FRA,CSKA Moskva,RUS,3,0,3,0,3,0,,,False,False,H,H,,20:45  AS Monaco (FRA)         v CSKA Moskva (RUS)        3-0 (3-0),UCL 2016.txt,105
UCL_2016_0056,2016/17,2020-11-02,,Group,Group E,Tottenham Hotspur,ENG,Bayer Leverkusen,GER,0,1,0,1,0,0,,,False,False,A,A,,Tottenham Hotspur (ENG) v Bayer Leverkusen (GER)   0-1 (0-0),UCL 2016.txt,106
UCL_2016_0057,2016/17,2020-11-22,18:00,Group,Group E,CSKA Moskva,RUS,Bayer Leverkusen,GER,1,1,1,1,0,1,,,False,False,D,D,,18:00  CSKA Moskva (RUS)       v Bayer Leverkusen (GER)   1-1 (0-1),UCL 2016.txt,108
UCL_2016_0058,2016/17,2020-11-22,20:45,Group,Group E,AS Monaco,FRA,Tottenham Hotspur,ENG,2,1,2,1,0,0,,,False,False,H,H,,20:45  AS Monaco (FRA)         v Tottenham Hotspur (ENG)  2-1 (0-0),UCL 2016.txt,109
UCL_2016_0059,2016/17,2020-12-07,20:45,Group,Group E,Bayer Leverkusen,GER,AS Monaco,FRA,3,0,3,0,1,0,,,False,False,H,H,,20:45  Bayer Leverkusen (GER)  v AS Monaco (FRA)          3-0 (1-0),UCL 2016.txt,111
UCL_2016_0060,2016/17,2020-12-07,,Group,Group E,Tottenham Hotspur,ENG,CSKA Moskva,RUS,3,1,3,1,2,1,,,False,False,H,H,,Tottenham Hotspur (ENG) v CSKA Moskva (RUS)        3-1 (2-1),UCL 2016.txt,112
UCL_2016_0061,2016/17,2021-09-14,20:45,Group,Group F,Legia Warszawa,POL,Borussia Dortmund,GER,0,6,0,6,0,3,,,False,False,A,A,,20:45  Legia Warszawa (POL)    v Borussia Dortmund (GER)  0-6 (0-3),UCL 2016.txt,117
UCL_2016_0062,2016/17,2021-09-14,,Group,Group F,Real Madrid,ESP,Sporting CP,POR,2,1,2,1,0,0,,,False,False,H,H,,Real Madrid (ESP)       v Sporting CP (POR)        2-1 (0-0),UCL 2016.txt,118
UCL_2016_0063,2016/17,2021-09-27,20:45,Group,Group F,Borussia Dortmund,GER,Real Madrid,ESP,2,2,2,2,1,1,,,False,False,D,D,,20:45  Borussia Dortmund (GER) v Real Madrid (ESP)        2-2 (1-1),UCL 2016.txt,120
UCL_2016_0064,2016/17,2021-09-27,,Group,Group F,Sporting CP,POR,Legia Warszawa,POL,2,0,2,0,2,0,,,False,False,H,H,,Sporting CP (POR)       v Legia Warszawa (POL)     2-0 (2-0),UCL 2016.txt,121
UCL_2016_0065,2016/17,2021-10-18,20:45,Group,Group F,Real Madrid,ESP,Legia Warszawa,POL,5,1,5,1,3,1,,,False,False,H,H,,20:45  Real Madrid (ESP)       v Legia Warszawa (POL)     5-1 (3-1),UCL 2016.txt,123
UCL_2016_0066,2016/17,2021-10-18,,Group,Group F,Sporting CP,POR,Borussia Dortmund,GER,1,2,1,2,0,2,,,False,False,A,A,,Sporting CP (POR)       v Borussia Dortmund (GER)  1-2 (0-2),UCL 2016.txt,124
UCL_2016_0067,2016/17,2021-11-02,20:45,Group,Group F,Borussia Dortmund,GER,Sporting CP,POR,1,0,1,0,1,0,,,False,False,H,H,,20:45  Borussia Dortmund (GER) v Sporting CP (POR)        1-0 (1-0),UCL 2016.txt,126
UCL_2016_0068,2016/17,2021-11-02,,Group,Group F,Legia Warszawa,POL,Real Madrid,ESP,3,3,3,3,1,2,,,False,False,D,D,,Legia Warszawa (POL)    v Real Madrid (ESP)        3-3 (1-2),UCL 2016.txt,127
UCL_2016_0069,2016/17,2021-11-22,20:45,Group,Group F,Borussia Dortmund,GER,Legia Warszawa,POL,8,4,8,4,5,2,,,False,False,H,H,,20:45  Borussia Dortmund (GER) v Legia Warszawa (POL)     8-4 (5-2),UCL 2016.txt,129
UCL_2016_0070,2016/17,2021-11-22,,Group,Group F,Sporting CP,POR,Real Madrid,ESP,1,2,1,2,0,1,,,False,False,A,A,,Sporting CP (POR)       v Real Madrid (ESP)        1-2 (0-1),UCL 2016.txt,130
UCL_2016_0071,2016/17,2021-12-07,20:45,Group,Group F,Legia Warszawa,POL,Sporting CP,POR,1,0,1,0,1,0,,,False,False,H,H,,20:45  Legia Warszawa (POL)    v Sporting CP (POR)        1-0 (1-0),UCL 2016.txt,132
UCL_2016_0072,2016/17,2021-12-07,,Group,Group F,Real Madrid,ESP,Borussia Dortmund,GER,2,2,2,2,1,0,,,False,False,D,D,,Real Madrid (ESP)       v Borussia Dortmund (GER)  2-2 (1-0),UCL 2016.txt,133
UCL_2016_0073,2016/17,2022-09-14,20:45,Group,Group G,Club Brugge KV,BEL,Leicester City,ENG,0,3,0,3,0,2,,,False,False,A,A,,20:45  Club Brugge KV (BEL)    v Leicester City (ENG)     0-3 (0-2),UCL 2016.txt,138
UCL_2016_0074,2016/17,2022-09-14,,Group,Group G,FC Porto,POR,FC København,DEN,1,1,1,1,1,0,,,False,False,D,D,,FC Porto (POR)          v FC København (DEN)       1-1 (1-0),UCL 2016.txt,139
UCL_2016_0075,2016/17,2022-09-27,20:45,Group,Group G,FC København,DEN,Club Brugge KV,BEL,4,0,4,0,0,0,,,False,False,H,H,,20:45  FC København (DEN)      v Club Brugge KV (BEL)     4-0 (0-0),UCL 2016.txt,141
UCL_2016_0076,2016/17,2022-09-27,,Group,Group G,Leicester City,ENG,FC Porto,POR,1,0,1,0,1,0,,,False,False,H,H,,Leicester City (ENG)    v FC Porto (POR)           1-0 (1-0),UCL 2016.txt,142
UCL_2016_0077,2016/17,2022-10-18,20:45,Group,Group G,Club Brugge KV,BEL,FC Porto,POR,1,2,1,2,1,0,,,False,False,A,A,,20:45  Club Brugge KV (BEL)    v FC Porto (POR)           1-2 (1-0),UCL 2016.txt,144
UCL_2016_0078,2016/17,2022-10-18,,Group,Group G,Leicester City,ENG,FC København,DEN,1,0,1,0,1,0,,,False,False,H,H,,Leicester City (ENG)    v FC København (DEN)       1-0 (1-0),UCL 2016.txt,145
UCL_2016_0079,2016/17,2022-11-02,20:45,Group,Group G,FC København,DEN,Leicester City,ENG,0,0,0,0,,,,,False,False,D,D,,20:45  FC København (DEN)      v Leicester City (ENG)     0-0,UCL 2016.txt,147
UCL_2016_0080,2016/17,2022-11-02,,Group,Group G,FC Porto,POR,Club Brugge KV,BEL,1,0,1,0,1,0,,,False,False,H,H,,FC Porto (POR)          v Club Brugge KV (BEL)     1-0 (1-0),UCL 2016.txt,148
UCL_2016_0081,2016/17,2022-11-22,20:45,Group,Group G,FC København,DEN,FC Porto,POR,0,0,0,0,,,,,False,False,D,D,,20:45  FC København (DEN)      v FC Porto (POR)           0-0,UCL 2016.txt,150
UCL_2016_0082,2016/17,2022-11-22,,Group,Group G,Leicester City,ENG,Club Brugge KV,BEL,2,1,2,1,2,0,,,False,False,H,H,,Leicester City (ENG)    v Club Brugge KV (BEL)     2-1 (2-0),UCL 2016.txt,151
UCL_2016_0083,2016/17,2022-12-07,20:45,Group,Group G,Club Brugge KV,BEL,FC København,DEN,0,2,0,2,0,2,,,False,False,A,A,,20:45  Club Brugge KV (BEL)    v FC København (DEN)       0-2 (0-2),UCL 2016.txt,153
UCL_2016_0084,2016/17,2022-12-07,,Group,Group G,FC Porto,POR,Leicester City,ENG,5,0,5,0,3,0,,,False,False,H,H,,FC Porto (POR)          v Leicester City (ENG)     5-0 (3-0),UCL 2016.txt,154
UCL_2016_0085,2016/17,2023-09-14,20:45,Group,Group H,Juventus,ITA,Sevilla FC,ESP,0,0,0,0,,,,,False,False,D,D,,20:45  Juventus (ITA)          v Sevilla FC (ESP)         0-0,UCL 2016.txt,159
UCL_2016_0086,2016/17,2023-09-14,,Group,Group H,Olympique Lyonnais,FRA,Dinamo Zagreb,CRO,3,0,3,0,1,0,,,False,False,H,H,,Olympique Lyonnais (FRA) v Dinamo Zagreb (CRO)      3-0 (1-0),UCL 2016.txt,160
UCL_2016_0087,2016/17,2023-09-27,20:45,Group,Group H,Dinamo Zagreb,CRO,Juventus,ITA,0,4,0,4,0,2,,,False,False,A,A,,20:45  Dinamo Zagreb (CRO)     v Juventus (ITA)           0-4 (0-2),UCL 2016.txt,162
UCL_2016_0088,2016/17,2023-09-27,,Group,Group H,Sevilla FC,ESP,Olympique Lyonnais,FRA,1,0,1,0,0,0,,,False,False,H,H,,Sevilla FC (ESP)        v Olympique Lyonnais (FRA)  1-0 (0-0),UCL 2016.txt,163
UCL_2016_0089,2016/17,2023-10-18,20:45,Group,Group H,Dinamo Zagreb,CRO,Sevilla FC,ESP,0,1,0,1,0,1,,,False,False,A,A,,20:45  Dinamo Zagreb (CRO)     v Sevilla FC (ESP)         0-1 (0-1),UCL 2016.txt,165
UCL_2016_0090,2016/17,2023-10-18,,Group,Group H,Olympique Lyonnais,FRA,Juventus,ITA,0,1,0,1,0,0,,,False,False,A,A,,Olympique Lyonnais (FRA) v Juventus (ITA)           0-1 (0-0),UCL 2016.txt,166
UCL_2016_0091,2016/17,2023-11-02,20:45,Group,Group H,Juventus,ITA,Olympique Lyonnais,FRA,1,1,1,1,1,0,,,False,False,D,D,,20:45  Juventus (ITA)          v Olympique Lyonnais (FRA)  1-1 (1-0),UCL 2016.txt,168
UCL_2016_0092,2016/17,2023-11-02,,Group,Group H,Sevilla FC,ESP,Dinamo Zagreb,CRO,4,0,4,0,1,0,,,False,False,H,H,,Sevilla FC (ESP)        v Dinamo Zagreb (CRO)      4-0 (1-0),UCL 2016.txt,169
UCL_2016_0093,2016/17,2023-11-22,20:45,Group,Group H,Dinamo Zagreb,CRO,Olympique Lyonnais,FRA,0,1,0,1,0,0,,,False,False,A,A,,20:45  Dinamo Zagreb (CRO)     v Olympique Lyonnais (FRA)  0-1 (0-0),UCL 2016.txt,171
UCL_2016_0094,2016/17,2023-11-22,,Group,Group H,Sevilla FC,ESP,Juventus,ITA,1,3,1,3,1,1,,,False,False,A,A,,Sevilla FC (ESP)        v Juventus (ITA)           1-3 (1-1),UCL 2016.txt,172
UCL_2016_0095,2016/17,2023-12-07,20:45,Group,Group H,Juventus,ITA,Dinamo Zagreb,CRO,2,0,2,0,0,0,,,False,False,H,H,,20:45  Juventus (ITA)          v Dinamo Zagreb (CRO)      2-0 (0-0),UCL 2016.txt,174
UCL_2016_0096,2016/17,2023-12-07,,Group,Group H,Olympique Lyonnais,FRA,Sevilla FC,ESP,0,0,0,0,,,,,False,False,D,D,,Olympique Lyonnais (FRA) v Sevilla FC (ESP)         0-0,UCL 2016.txt,175
UCL_2016_0097,2016/17,2017-02-14,20:45,Round of 16,Round of 16,SL Benfica,POR,Borussia Dortmund,GER,1,0,1,0,0,0,,,False,False,H,H,,20:45  SL Benfica (POR)        v Borussia Dortmund (GER)  1-0 (0-0),UCL 2016.txt,180
UCL_2016_0098,2016/17,2017-02-14,,Round of 16,Round of 16,Paris Saint-Germain,FRA,FC Barcelona,ESP,4,0,4,0,2,0,,,False,False,H,H,,Paris Saint-Germain (FRA) v FC Barcelona (ESP)       4-0 (2-0),UCL 2016.txt,181
UCL_2016_0099,2016/17,2017-02-15,20:45,Round of 16,Round of 16,Real Madrid,ESP,SSC Napoli,ITA,3,1,3,1,1,1,,,False,False,H,H,,20:45  Real Madrid (ESP)       v SSC Napoli (ITA)         3-1 (1-1),UCL 2016.txt,183
UCL_2016_0100,2016/17,2017-02-15,,Round of 16,Round of 16,Bayern München,GER,Arsenal FC,ENG,5,1,5,1,1,1,,,False,False,H,H,,Bayern München (GER)    v Arsenal FC (ENG)         5-1 (1-1),UCL 2016.txt,184
UCL_2016_0101,2016/17,2017-02-21,20:45,Round of 16,Round of 16,Manchester City,ENG,AS Monaco,FRA,5,3,5,3,1,2,,,False,False,H,H,,20:45  Manchester City (ENG)   v AS Monaco (FRA)          5-3 (1-2),UCL 2016.txt,186
UCL_2016_0102,2016/17,2017-02-21,,Round of 16,Round of 16,Bayer Leverkusen,GER,Atlético Madrid,ESP,2,4,2,4,0,2,,,False,False,A,A,,Bayer Leverkusen (GER)  v Atlético Madrid (ESP)    2-4 (0-2),UCL 2016.txt,187
UCL_2016_0103,2016/17,2017-02-22,20:45,Round of 16,Round of 16,FC Porto,POR,Juventus,ITA,0,2,0,2,0,0,,,False,False,A,A,,20:45  FC Porto (POR)          v Juventus (ITA)           0-2 (0-0),UCL 2016.txt,189
UCL_2016_0104,2016/17,2017-02-22,,Round of 16,Round of 16,Sevilla FC,ESP,Leicester City,ENG,2,1,2,1,1,0,,,False,False,H,H,,Sevilla FC (ESP)        v Leicester City (ENG)     2-1 (1-0),UCL 2016.txt,190
UCL_2016_0105,2016/17,2017-03-07,20:45,Round of 16,Round of 16,SSC Napoli,ITA,Real Madrid,ESP,1,3,1,3,1,0,,,False,False,A,A,,20:45  SSC Napoli (ITA)        v Real Madrid (ESP)        1-3 (1-0),UCL 2016.txt,192
UCL_2016_0106,2016/17,2017-03-07,,Round of 16,Round of 16,Arsenal FC,ENG,Bayern München,GER,1,5,1,5,1,0,,,False,False,A,A,,Arsenal FC (ENG)        v Bayern München (GER)     1-5 (1-0),UCL 2016.txt,193
UCL_2016_0107,2016/17,2017-03-08,20:45,Round of 16,Round of 16,Borussia Dortmund,GER,SL Benfica,POR,4,0,4,0,1,0,,,False,False,H,H,,20:45  Borussia Dortmund (GER) v SL Benfica (POR)         4-0 (1-0),UCL 2016.txt,195
UCL_2016_0108,2016/17,2017-03-08,,Round of 16,Round of 16,FC Barcelona,ESP,Paris Saint-Germain,FRA,6,1,6,1,2,0,,,False,False,H,H,,FC Barcelona (ESP)      v Paris Saint-Germain (FRA)  6-1 (2-0),UCL 2016.txt,196
UCL_2016_0109,2016/17,2017-03-14,20:45,Round of 16,Round of 16,Juventus,ITA,FC Porto,POR,1,0,1,0,1,0,,,False,False,H,H,,20:45  Juventus (ITA)          v FC Porto (POR)           1-0 (1-0),UCL 2016.txt,198
UCL_2016_0110,2016/17,2017-03-14,,Round of 16,Round of 16,Leicester City,ENG,Sevilla FC,ESP,2,0,2,0,1,0,,,False,False,H,H,,Leicester City (ENG)    v Sevilla FC (ESP)         2-0 (1-0),UCL 2016.txt,199
UCL_2016_0111,2016/17,2017-03-15,20:45,Round of 16,Round of 16,AS Monaco,FRA,Manchester City,ENG,3,1,3,1,2,0,,,False,False,H,H,,20:45  AS Monaco (FRA)         v Manchester City (ENG)    3-1 (2-0),UCL 2016.txt,201
UCL_2016_0112,2016/17,2017-03-15,,Round of 16,Round of 16,Atlético Madrid,ESP,Bayer Leverkusen,GER,0,0,0,0,,,,,False,False,D,D,,Atlético Madrid (ESP)   v Bayer Leverkusen (GER)   0-0,UCL 2016.txt,202
UCL_2016_0113,2016/17,2017-04-11,20:45,Quarterfinals,Quarterfinals,Juventus,ITA,FC Barcelona,ESP,3,0,3,0,2,0,,,False,False,H,H,,20:45  Juventus (ITA)          v FC Barcelona (ESP)       3-0 (2-0),UCL 2016.txt,207
UCL_2016_0114,2016/17,2017-04-12,18:45,Quarterfinals,Quarterfinals,Borussia Dortmund,GER,AS Monaco,FRA,2,3,2,3,0,2,,,False,False,A,A,,18:45  Borussia Dortmund (GER) v AS Monaco (FRA)          2-3 (0-2),UCL 2016.txt,209
UCL_2016_0115,2016/17,2017-04-12,20:45,Quarterfinals,Quarterfinals,Atlético Madrid,ESP,Leicester City,ENG,1,0,1,0,1,0,,,False,False,H,H,,20:45  Atlético Madrid (ESP)   v Leicester City (ENG)     1-0 (1-0),UCL 2016.txt,210
UCL_2016_0116,2016/17,2017-04-12,,Quarterfinals,Quarterfinals,Bayern München,GER,Real Madrid,ESP,1,2,1,2,1,0,,,False,False,A,A,,Bayern München (GER)    v Real Madrid (ESP)        1-2 (1-0),UCL 2016.txt,211
UCL_2016_0117,2016/17,2017-04-18,20:45,Quarterfinals,Quarterfinals,Leicester City,ENG,Atlético Madrid,ESP,1,1,1,1,0,1,,,False,False,D,D,,20:45  Leicester City (ENG)    v Atlético Madrid (ESP)    1-1 (0-1),UCL 2016.txt,213
UCL_2016_0118,2016/17,2017-04-18,,Quarterfinals,Quarterfinals,Real Madrid,ESP,Bayern München,GER,4,2,1,2,0,0,,,True,False,A,H,,"Real Madrid (ESP)       v Bayern München (GER)     4-2 a.e.t. (1-2, 0-0)",UCL 2016.txt,214
UCL_2016_0119,2016/17,2017-04-19,20:45,Quarterfinals,Quarterfinals,FC Barcelona,ESP,Juventus,ITA,0,0,0,0,,,,,False,False,D,D,,20:45  FC Barcelona (ESP)      v Juventus (ITA)           0-0,UCL 2016.txt,216
UCL_2016_0120,2016/17,2017-04-19,20:50,Quarterfinals,Quarterfinals,AS Monaco,FRA,Borussia Dortmund,GER,3,1,3,1,2,0,,,False,False,H,H,,20:50  AS Monaco (FRA)         v Borussia Dortmund (GER)  3-1 (2-0),UCL 2016.txt,217
UCL_2016_0121,2016/17,2017-05-02,20:45,Semifinals,Semifinals,Real Madrid,ESP,Atlético Madrid,ESP,3,0,3,0,1,0,,,False,False,H,H,,20:45  Real Madrid (ESP)       v Atlético Madrid (ESP)    3-0 (1-0),UCL 2016.txt,222
UCL_2016_0122,2016/17,2017-05-03,20:45,Semifinals,Semifinals,AS Monaco,FRA,Juventus,ITA,0,2,0,2,0,1,,,False,False,A,A,,20:45  AS Monaco (FRA)         v Juventus (ITA)           0-2 (0-1),UCL 2016.txt,224
UCL_2016_0123,2016/17,2017-05-09,20:45,Semifinals,Semifinals,Juventus,ITA,AS Monaco,FRA,2,1,2,1,2,0,,,False,False,H,H,,20:45  Juventus (ITA)          v AS Monaco (FRA)          2-1 (2-0),UCL 2016.txt,226
UCL_2016_0124,2016/17,2017-05-10,20:45,Semifinals,Semifinals,Atlético Madrid,ESP,Real Madrid,ESP,2,1,2,1,2,1,,,False,False,H,H,,20:45  Atlético Madrid (ESP)   v Real Madrid (ESP)        2-1 (2-1),UCL 2016.txt,228
UCL_2016_0125,2016/17,2017-06-03,20:45,Final,Final,Juventus,ITA,Real Madrid,ESP,1,4,1,4,1,1,,,False,False,A,A,,20:45  Juventus (ITA)          v Real Madrid (ESP)        1-4 (1-1),UCL 2016.txt,233
UCL_2017_0001,2017/18,2017-09-12,20:45,Group,Group A,Manchester United,ENG,FC Basel 1893,SUI,3,0,3,0,1,0,,,False,False,H,H,,20:45  Manchester United (ENG) v FC Basel 1893 (SUI)      3-0 (1-0),UCL 2017.txt,11
UCL_2017_0002,2017/18,2017-09-12,,Group,Group A,SL Benfica,POR,CSKA Moskva,RUS,1,2,1,2,0,0,,,False,False,A,A,,SL Benfica (POR)        v CSKA Moskva (RUS)        1-2 (0-0),UCL 2017.txt,12
UCL_2017_0003,2017/18,2017-09-27,20:45,Group,Group A,FC Basel 1893,SUI,SL Benfica,POR,5,0,5,0,2,0,,,False,False,H,H,,20:45  FC Basel 1893 (SUI)     v SL Benfica (POR)         5-0 (2-0),UCL 2017.txt,14
UCL_2017_0004,2017/18,2017-09-27,,Group,Group A,CSKA Moskva,RUS,Manchester United,ENG,1,4,1,4,0,3,,,False,False,A,A,,CSKA Moskva (RUS)       v Manchester United (ENG)  1-4 (0-3),UCL 2017.txt,15
UCL_2017_0005,2017/18,2017-10-18,20:45,Group,Group A,SL Benfica,POR,Manchester United,ENG,0,1,0,1,0,0,,,False,False,A,A,,20:45  SL Benfica (POR)        v Manchester United (ENG)  0-1 (0-0),UCL 2017.txt,17
UCL_2017_0006,2017/18,2017-10-18,,Group,Group A,CSKA Moskva,RUS,FC Basel 1893,SUI,0,2,0,2,0,1,,,False,False,A,A,,CSKA Moskva (RUS)       v FC Basel 1893 (SUI)      0-2 (0-1),UCL 2017.txt,18
UCL_2017_0007,2017/18,2017-10-31,20:45,Group,Group A,Manchester United,ENG,SL Benfica,POR,2,0,2,0,1,0,,,False,False,H,H,,20:45  Manchester United (ENG) v SL Benfica (POR)         2-0 (1-0),UCL 2017.txt,20
UCL_2017_0008,2017/18,2017-10-31,,Group,Group A,FC Basel 1893,SUI,CSKA Moskva,RUS,1,2,1,2,1,0,,,False,False,A,A,,FC Basel 1893 (SUI)     v CSKA Moskva (RUS)        1-2 (1-0),UCL 2017.txt,21
UCL_2017_0009,2017/18,2017-11-22,18:00,Group,Group A,CSKA Moskva,RUS,SL Benfica,POR,2,0,2,0,1,0,,,False,False,H,H,,18:00  CSKA Moskva (RUS)       v SL Benfica (POR)         2-0 (1-0),UCL 2017.txt,23
UCL_2017_0010,2017/18,2017-11-22,20:45,Group,Group A,FC Basel 1893,SUI,Manchester United,ENG,1,0,1,0,0,0,,,False,False,H,H,,20:45  FC Basel 1893 (SUI)     v Manchester United (ENG)  1-0 (0-0),UCL 2017.txt,24
UCL_2017_0011,2017/18,2017-12-05,20:45,Group,Group A,SL Benfica,POR,FC Basel 1893,SUI,0,2,0,2,0,1,,,False,False,A,A,,20:45  SL Benfica (POR)        v FC Basel 1893 (SUI)      0-2 (0-1),UCL 2017.txt,26
UCL_2017_0012,2017/18,2017-12-05,,Group,Group A,Manchester United,ENG,CSKA Moskva,RUS,2,1,2,1,0,1,,,False,False,H,H,,Manchester United (ENG) v CSKA Moskva (RUS)        2-1 (0-1),UCL 2017.txt,27
UCL_2017_0013,2017/18,2018-09-12,20:45,Group,Group B,Bayern München,GER,RSC Anderlecht,BEL,3,0,3,0,1,0,,,False,False,H,H,,20:45  Bayern München (GER)    v RSC Anderlecht (BEL)     3-0 (1-0),UCL 2017.txt,32
UCL_2017_0014,2017/18,2018-09-12,,Group,Group B,Celtic FC,SCO,Paris Saint-Germain,FRA,0,5,0,5,0,3,,,False,False,A,A,,Celtic FC (SCO)         v Paris Saint-Germain (FRA)  0-5 (0-3),UCL 2017.txt,33
UCL_2017_0015,2017/18,2018-09-27,20:45,Group,Group B,Paris Saint-Germain,FRA,Bayern München,GER,3,0,3,0,2,0,,,False,False,H,H,,20:45  Paris Saint-Germain (FRA) v Bayern München (GER)     3-0 (2-0),UCL 2017.txt,35
UCL_2017_0016,2017/18,2018-09-27,,Group,Group B,RSC Anderlecht,BEL,Celtic FC,SCO,0,3,0,3,0,1,,,False,False,A,A,,RSC Anderlecht (BEL)    v Celtic FC (SCO)          0-3 (0-1),UCL 2017.txt,36
UCL_2017_0017,2017/18,2018-10-18,20:45,Group,Group B,RSC Anderlecht,BEL,Paris Saint-Germain,FRA,0,4,0,4,0,2,,,False,False,A,A,,20:45  RSC Anderlecht (BEL)    v Paris Saint-Germain (FRA)  0-4 (0-2),UCL 2017.txt,38
UCL_2017_0018,2017/18,2018-10-18,,Group,Group B,Bayern München,GER,Celtic FC,SCO,3,0,3,0,2,0,,,False,False,H,H,,Bayern München (GER)    v Celtic FC (SCO)          3-0 (2-0),UCL 2017.txt,39
UCL_2017_0019,2017/18,2018-10-31,20:45,Group,Group B,Paris Saint-Germain,FRA,RSC Anderlecht,BEL,5,0,5,0,2,0,,,False,False,H,H,,20:45  Paris Saint-Germain (FRA) v RSC Anderlecht (BEL)     5-0 (2-0),UCL 2017.txt,41
UCL_2017_0020,2017/18,2018-10-31,,Group,Group B,Celtic FC,SCO,Bayern München,GER,1,2,1,2,0,1,,,False,False,A,A,,Celtic FC (SCO)         v Bayern München (GER)     1-2 (0-1),UCL 2017.txt,42
UCL_2017_0021,2017/18,2018-11-22,20:45,Group,Group B,RSC Anderlecht,BEL,Bayern München,GER,1,2,1,2,0,0,,,False,False,A,A,,20:45  RSC Anderlecht (BEL)    v Bayern München (GER)     1-2 (0-0),UCL 2017.txt,44
UCL_2017_0022,2017/18,2018-11-22,,Group,Group B,Paris Saint-Germain,FRA,Celtic FC,SCO,7,1,7,1,4,1,,,False,False,H,H,,Paris Saint-Germain (FRA) v Celtic FC (SCO)          7-1 (4-1),UCL 2017.txt,45
UCL_2017_0023,2017/18,2018-12-05,20:45,Group,Group B,Bayern München,GER,Paris Saint-Germain,FRA,3,1,3,1,2,0,,,False,False,H,H,,20:45  Bayern München (GER)    v Paris Saint-Germain (FRA)  3-1 (2-0),UCL 2017.txt,47
UCL_2017_0024,2017/18,2018-12-05,,Group,Group B,Celtic FC,SCO,RSC Anderlecht,BEL,0,1,0,1,0,0,,,False,False,A,A,,Celtic FC (SCO)         v RSC Anderlecht (BEL)     0-1 (0-0),UCL 2017.txt,48
UCL_2017_0025,2017/18,2019-09-12,20:45,Group,Group C,AS Roma,ITA,Atlético Madrid,ESP,0,0,0,0,,,,,False,False,D,D,,20:45  AS Roma (ITA)           v Atlético Madrid (ESP)    0-0,UCL 2017.txt,53
UCL_2017_0026,2017/18,2019-09-12,,Group,Group C,Chelsea FC,ENG,Qarabağ FK,AZE,6,0,6,0,2,0,,,False,False,H,H,,Chelsea FC (ENG)        v Qarabağ FK (AZE)         6-0 (2-0),UCL 2017.txt,54
UCL_2017_0027,2017/18,2019-09-27,18:00,Group,Group C,Qarabağ FK,AZE,AS Roma,ITA,1,2,1,2,1,2,,,False,False,A,A,,18:00  Qarabağ FK (AZE)        v AS Roma (ITA)            1-2 (1-2),UCL 2017.txt,56
UCL_2017_0028,2017/18,2019-09-27,20:45,Group,Group C,Atlético Madrid,ESP,Chelsea FC,ENG,1,2,1,2,1,0,,,False,False,A,A,,20:45  Atlético Madrid (ESP)   v Chelsea FC (ENG)         1-2 (1-0),UCL 2017.txt,57
UCL_2017_0029,2017/18,2019-10-18,18:00,Group,Group C,Qarabağ FK,AZE,Atlético Madrid,ESP,0,0,0,0,,,,,False,False,D,D,,18:00  Qarabağ FK (AZE)        v Atlético Madrid (ESP)    0-0,UCL 2017.txt,59
UCL_2017_0030,2017/18,2019-10-18,20:45,Group,Group C,Chelsea FC,ENG,AS Roma,ITA,3,3,3,3,2,1,,,False,False,D,D,,20:45  Chelsea FC (ENG)        v AS Roma (ITA)            3-3 (2-1),UCL 2017.txt,60
UCL_2017_0031,2017/18,2019-10-31,20:45,Group,Group C,AS Roma,ITA,Chelsea FC,ENG,3,0,3,0,2,0,,,False,False,H,H,,20:45  AS Roma (ITA)           v Chelsea FC (ENG)         3-0 (2-0),UCL 2017.txt,62
UCL_2017_0032,2017/18,2019-10-31,,Group,Group C,Atlético Madrid,ESP,Qarabağ FK,AZE,1,1,1,1,0,1,,,False,False,D,D,,Atlético Madrid (ESP)   v Qarabağ FK (AZE)         1-1 (0-1),UCL 2017.txt,63
UCL_2017_0033,2017/18,2019-11-22,18:00,Group,Group C,Qarabağ FK,AZE,Chelsea FC,ENG,0,4,0,4,0,2,,,False,False,A,A,,18:00  Qarabağ FK (AZE)        v Chelsea FC (ENG)         0-4 (0-2),UCL 2017.txt,65
UCL_2017_0034,2017/18,2019-11-22,20:45,Group,Group C,Atlético Madrid,ESP,AS Roma,ITA,2,0,2,0,0,0,,,False,False,H,H,,20:45  Atlético Madrid (ESP)   v AS Roma (ITA)            2-0 (0-0),UCL 2017.txt,66
UCL_2017_0035,2017/18,2019-12-05,20:45,Group,Group C,Chelsea FC,ENG,Atlético Madrid,ESP,1,1,1,1,0,0,,,False,False,D,D,,20:45  Chelsea FC (ENG)        v Atlético Madrid (ESP)    1-1 (0-0),UCL 2017.txt,68
UCL_2017_0036,2017/18,2019-12-05,,Group,Group C,AS Roma,ITA,Qarabağ FK,AZE,1,0,1,0,0,0,,,False,False,H,H,,AS Roma (ITA)           v Qarabağ FK (AZE)         1-0 (0-0),UCL 2017.txt,69
UCL_2017_0037,2017/18,2020-09-12,20:45,Group,Group D,FC Barcelona,ESP,Juventus,ITA,3,0,3,0,1,0,,,False,False,H,H,,20:45  FC Barcelona (ESP)      v Juventus (ITA)           3-0 (1-0),UCL 2017.txt,74
UCL_2017_0038,2017/18,2020-09-12,,Group,Group D,Olympiakos Piraeus,GRE,Sporting CP,POR,2,3,2,3,0,3,,,False,False,A,A,,Olympiakos Piraeus (GRE) v Sporting CP (POR)        2-3 (0-3),UCL 2017.txt,75
UCL_2017_0039,2017/18,2020-09-27,20:45,Group,Group D,Juventus,ITA,Olympiakos Piraeus,GRE,2,0,2,0,0,0,,,False,False,H,H,,20:45  Juventus (ITA)          v Olympiakos Piraeus (GRE)  2-0 (0-0),UCL 2017.txt,77
UCL_2017_0040,2017/18,2020-09-27,,Group,Group D,Sporting CP,POR,FC Barcelona,ESP,0,1,0,1,0,0,,,False,False,A,A,,Sporting CP (POR)       v FC Barcelona (ESP)       0-1 (0-0),UCL 2017.txt,78
UCL_2017_0041,2017/18,2020-10-18,20:45,Group,Group D,FC Barcelona,ESP,Olympiakos Piraeus,GRE,3,1,3,1,1,0,,,False,False,H,H,,20:45  FC Barcelona (ESP)      v Olympiakos Piraeus (GRE)  3-1 (1-0),UCL 2017.txt,80
UCL_2017_0042,2017/18,2020-10-18,,Group,Group D,Juventus,ITA,Sporting CP,POR,2,1,2,1,1,1,,,False,False,H,H,,Juventus (ITA)          v Sporting CP (POR)        2-1 (1-1),UCL 2017.txt,81
UCL_2017_0043,2017/18,2020-10-31,20:45,Group,Group D,Olympiakos Piraeus,GRE,FC Barcelona,ESP,0,0,0,0,,,,,False,False,D,D,,20:45  Olympiakos Piraeus (GRE) v FC Barcelona (ESP)       0-0,UCL 2017.txt,83
UCL_2017_0044,2017/18,2020-10-31,,Group,Group D,Sporting CP,POR,Juventus,ITA,1,1,1,1,1,0,,,False,False,D,D,,Sporting CP (POR)       v Juventus (ITA)           1-1 (1-0),UCL 2017.txt,84
UCL_2017_0045,2017/18,2020-11-22,20:45,Group,Group D,Juventus,ITA,FC Barcelona,ESP,0,0,0,0,,,,,False,False,D,D,,20:45  Juventus (ITA)          v FC Barcelona (ESP)       0-0,UCL 2017.txt,86
UCL_2017_0046,2017/18,2020-11-22,,Group,Group D,Sporting CP,POR,Olympiakos Piraeus,GRE,3,1,3,1,2,0,,,False,False,H,H,,Sporting CP (POR)       v Olympiakos Piraeus (GRE)  3-1 (2-0),UCL 2017.txt,87
UCL_2017_0047,2017/18,2020-12-05,20:45,Group,Group D,FC Barcelona,ESP,Sporting CP,POR,2,0,2,0,0,0,,,False,False,H,H,,20:45  FC Barcelona (ESP)      v Sporting CP (POR)        2-0 (0-0),UCL 2017.txt,89
UCL_2017_0048,2017/18,2020-12-05,,Group,Group D,Olympiakos Piraeus,GRE,Juventus,ITA,0,2,0,2,0,1,,,False,False,A,A,,Olympiakos Piraeus (GRE) v Juventus (ITA)           0-2 (0-1),UCL 2017.txt,90
UCL_2017_0049,2017/18,2021-09-13,20:45,Group,Group E,Liverpool FC,ENG,Sevilla FC,ESP,2,2,2,2,2,1,,,False,False,D,D,,20:45  Liverpool FC (ENG)      v Sevilla FC (ESP)         2-2 (2-1),UCL 2017.txt,95
UCL_2017_0050,2017/18,2021-09-13,,Group,Group E,NK Maribor,SVN,Spartak Moskva,RUS,1,1,1,1,0,0,,,False,False,D,D,,NK Maribor (SVN)        v Spartak Moskva (RUS)     1-1 (0-0),UCL 2017.txt,96
UCL_2017_0051,2017/18,2021-09-26,20:45,Group,Group E,Spartak Moskva,RUS,Liverpool FC,ENG,1,1,1,1,1,1,,,False,False,D,D,,20:45  Spartak Moskva (RUS)    v Liverpool FC (ENG)       1-1 (1-1),UCL 2017.txt,98
UCL_2017_0052,2017/18,2021-09-26,,Group,Group E,Sevilla FC,ESP,NK Maribor,SVN,3,0,3,0,2,0,,,False,False,H,H,,Sevilla FC (ESP)        v NK Maribor (SVN)         3-0 (2-0),UCL 2017.txt,99
UCL_2017_0053,2017/18,2021-10-17,20:45,Group,Group E,Spartak Moskva,RUS,Sevilla FC,ESP,5,1,5,1,1,1,,,False,False,H,H,,20:45  Spartak Moskva (RUS)    v Sevilla FC (ESP)         5-1 (1-1),UCL 2017.txt,101
UCL_2017_0054,2017/18,2021-10-17,,Group,Group E,NK Maribor,SVN,Liverpool FC,ENG,0,7,0,7,0,4,,,False,False,A,A,,NK Maribor (SVN)        v Liverpool FC (ENG)       0-7 (0-4),UCL 2017.txt,102
UCL_2017_0055,2017/18,2021-11-01,20:45,Group,Group E,Sevilla FC,ESP,Spartak Moskva,RUS,2,1,2,1,1,0,,,False,False,H,H,,20:45  Sevilla FC (ESP)        v Spartak Moskva (RUS)     2-1 (1-0),UCL 2017.txt,104
UCL_2017_0056,2017/18,2021-11-01,,Group,Group E,Liverpool FC,ENG,NK Maribor,SVN,3,0,3,0,0,0,,,False,False,H,H,,Liverpool FC (ENG)      v NK Maribor (SVN)         3-0 (0-0),UCL 2017.txt,105
UCL_2017_0057,2017/18,2021-11-21,18:00,Group,Group E,Spartak Moskva,RUS,NK Maribor,SVN,1,1,1,1,0,0,,,False,False,D,D,,18:00  Spartak Moskva (RUS)    v NK Maribor (SVN)         1-1 (0-0),UCL 2017.txt,107
UCL_2017_0058,2017/18,2021-11-21,20:45,Group,Group E,Sevilla FC,ESP,Liverpool FC,ENG,3,3,3,3,0,3,,,False,False,D,D,,20:45  Sevilla FC (ESP)        v Liverpool FC (ENG)       3-3 (0-3),UCL 2017.txt,108
UCL_2017_0059,2017/18,2021-12-06,20:45,Group,Group E,Liverpool FC,ENG,Spartak Moskva,RUS,7,0,7,0,3,0,,,False,False,H,H,,20:45  Liverpool FC (ENG)      v Spartak Moskva (RUS)     7-0 (3-0),UCL 2017.txt,110
UCL_2017_0060,2017/18,2021-12-06,,Group,Group E,NK Maribor,SVN,Sevilla FC,ESP,1,1,1,1,1,0,,,False,False,D,D,,NK Maribor (SVN)        v Sevilla FC (ESP)         1-1 (1-0),UCL 2017.txt,111
UCL_2017_0061,2017/18,2022-09-13,20:45,Group,Group F,Shakhtar Donetsk,UKR,SSC Napoli,ITA,2,1,2,1,1,0,,,False,False,H,H,,20:45  Shakhtar Donetsk (UKR)  v SSC Napoli (ITA)         2-1 (1-0),UCL 2017.txt,116
UCL_2017_0062,2017/18,2022-09-13,,Group,Group F,Feyenoord,NED,Manchester City,ENG,0,4,0,4,0,3,,,False,False,A,A,,Feyenoord (NED)         v Manchester City (ENG)    0-4 (0-3),UCL 2017.txt,117
UCL_2017_0063,2017/18,2022-09-26,20:45,Group,Group F,Manchester City,ENG,Shakhtar Donetsk,UKR,2,0,2,0,0,0,,,False,False,H,H,,20:45  Manchester City (ENG)   v Shakhtar Donetsk (UKR)   2-0 (0-0),UCL 2017.txt,119
UCL_2017_0064,2017/18,2022-09-26,,Group,Group F,SSC Napoli,ITA,Feyenoord,NED,3,1,3,1,1,0,,,False,False,H,H,,SSC Napoli (ITA)        v Feyenoord (NED)          3-1 (1-0),UCL 2017.txt,120
UCL_2017_0065,2017/18,2022-10-17,20:45,Group,Group F,Manchester City,ENG,SSC Napoli,ITA,2,1,2,1,2,0,,,False,False,H,H,,20:45  Manchester City (ENG)   v SSC Napoli (ITA)         2-1 (2-0),UCL 2017.txt,122
UCL_2017_0066,2017/18,2022-10-17,,Group,Group F,Feyenoord,NED,Shakhtar Donetsk,UKR,1,2,1,2,1,1,,,False,False,A,A,,Feyenoord (NED)         v Shakhtar Donetsk (UKR)   1-2 (1-1),UCL 2017.txt,123
UCL_2017_0067,2017/18,2022-11-01,20:45,Group,Group F,SSC Napoli,ITA,Manchester City,ENG,2,4,2,4,1,1,,,False,False,A,A,,20:45  SSC Napoli (ITA)        v Manchester City (ENG)    2-4 (1-1),UCL 2017.txt,125
UCL_2017_0068,2017/18,2022-11-01,,Group,Group F,Shakhtar Donetsk,UKR,Feyenoord,NED,3,1,3,1,2,1,,,False,False,H,H,,Shakhtar Donetsk (UKR)  v Feyenoord (NED)          3-1 (2-1),UCL 2017.txt,126
UCL_2017_0069,2017/18,2022-11-21,20:45,Group,Group F,SSC Napoli,ITA,Shakhtar Donetsk,UKR,3,0,3,0,0,0,,,False,False,H,H,,20:45  SSC Napoli (ITA)        v Shakhtar Donetsk (UKR)   3-0 (0-0),UCL 2017.txt,128
UCL_2017_0070,2017/18,2022-11-21,,Group,Group F,Manchester City,ENG,Feyenoord,NED,1,0,1,0,0,0,,,False,False,H,H,,Manchester City (ENG)   v Feyenoord (NED)          1-0 (0-0),UCL 2017.txt,129
UCL_2017_0071,2017/18,2022-12-06,20:45,Group,Group F,Shakhtar Donetsk,UKR,Manchester City,ENG,2,1,2,1,2,0,,,False,False,H,H,,20:45  Shakhtar Donetsk (UKR)  v Manchester City (ENG)    2-1 (2-0),UCL 2017.txt,131
UCL_2017_0072,2017/18,2022-12-06,,Group,Group F,Feyenoord,NED,SSC Napoli,ITA,2,1,2,1,1,1,,,False,False,H,H,,Feyenoord (NED)         v SSC Napoli (ITA)         2-1 (1-1),UCL 2017.txt,132
UCL_2017_0073,2017/18,2023-09-13,20:45,Group,Group G,FC Porto,POR,Beşiktaş,TUR,1,3,1,3,1,2,,,False,False,A,A,,20:45  FC Porto (POR)          v Beşiktaş (TUR)           1-3 (1-2),UCL 2017.txt,137
UCL_2017_0074,2017/18,2023-09-13,,Group,Group G,RB Leipzig,GER,AS Monaco,FRA,1,1,1,1,1,1,,,False,False,D,D,,RB Leipzig (GER)        v AS Monaco (FRA)          1-1 (1-1),UCL 2017.txt,138
UCL_2017_0075,2017/18,2023-09-26,20:45,Group,Group G,AS Monaco,FRA,FC Porto,POR,0,3,0,3,0,1,,,False,False,A,A,,20:45  AS Monaco (FRA)         v FC Porto (POR)           0-3 (0-1),UCL 2017.txt,140
UCL_2017_0076,2017/18,2023-09-26,,Group,Group G,Beşiktaş,TUR,RB Leipzig,GER,2,0,2,0,2,0,,,False,False,H,H,,Beşiktaş (TUR)          v RB Leipzig (GER)         2-0 (2-0),UCL 2017.txt,141
UCL_2017_0077,2017/18,2023-10-17,20:45,Group,Group G,AS Monaco,FRA,Beşiktaş,TUR,1,2,1,2,1,1,,,False,False,A,A,,20:45  AS Monaco (FRA)         v Beşiktaş (TUR)           1-2 (1-1),UCL 2017.txt,143
UCL_2017_0078,2017/18,2023-10-17,,Group,Group G,RB Leipzig,GER,FC Porto,POR,3,2,3,2,3,2,,,False,False,H,H,,RB Leipzig (GER)        v FC Porto (POR)           3-2 (3-2),UCL 2017.txt,144
UCL_2017_0079,2017/18,2023-11-01,18:00,Group,Group G,Beşiktaş,TUR,AS Monaco,FRA,1,1,1,1,0,1,,,False,False,D,D,,18:00  Beşiktaş (TUR)          v AS Monaco (FRA)          1-1 (0-1),UCL 2017.txt,146
UCL_2017_0080,2017/18,2023-11-01,20:45,Group,Group G,FC Porto,POR,RB Leipzig,GER,3,1,3,1,1,0,,,False,False,H,H,,20:45  FC Porto (POR)          v RB Leipzig (GER)         3-1 (1-0),UCL 2017.txt,147
UCL_2017_0081,2017/18,2023-11-21,18:00,Group,Group G,Beşiktaş,TUR,FC Porto,POR,1,1,1,1,1,1,,,False,False,D,D,,18:00  Beşiktaş (TUR)          v FC Porto (POR)           1-1 (1-1),UCL 2017.txt,149
UCL_2017_0082,2017/18,2023-11-21,20:45,Group,Group G,AS Monaco,FRA,RB Leipzig,GER,1,4,1,4,1,4,,,False,False,A,A,,20:45  AS Monaco (FRA)         v RB Leipzig (GER)         1-4 (1-4),UCL 2017.txt,150
UCL_2017_0083,2017/18,2023-12-06,20:45,Group,Group G,FC Porto,POR,AS Monaco,FRA,5,2,5,2,3,0,,,False,False,H,H,,20:45  FC Porto (POR)          v AS Monaco (FRA)          5-2 (3-0),UCL 2017.txt,152
UCL_2017_0084,2017/18,2023-12-06,,Group,Group G,RB Leipzig,GER,Beşiktaş,TUR,1,2,1,2,0,1,,,False,False,A,A,,RB Leipzig (GER)        v Beşiktaş (TUR)           1-2 (0-1),UCL 2017.txt,153
UCL_2017_0085,2017/18,2024-09-13,20:45,Group,Group H,Tottenham Hotspur,ENG,Borussia Dortmund,GER,3,1,3,1,2,1,,,False,False,H,H,,20:45  Tottenham Hotspur (ENG) v Borussia Dortmund (GER)  3-1 (2-1),UCL 2017.txt,158
UCL_2017_0086,2017/18,2024-09-13,,Group,Group H,Real Madrid,ESP,APOEL Nikosia,CYP,3,0,3,0,1,0,,,False,False,H,H,,Real Madrid (ESP)       v APOEL Nikosia (CYP)      3-0 (1-0),UCL 2017.txt,159
UCL_2017_0087,2017/18,2024-09-26,20:45,Group,Group H,Borussia Dortmund,GER,Real Madrid,ESP,1,3,1,3,0,1,,,False,False,A,A,,20:45  Borussia Dortmund (GER) v Real Madrid (ESP)        1-3 (0-1),UCL 2017.txt,161
UCL_2017_0088,2017/18,2024-09-26,,Group,Group H,APOEL Nikosia,CYP,Tottenham Hotspur,ENG,0,3,0,3,0,1,,,False,False,A,A,,APOEL Nikosia (CYP)     v Tottenham Hotspur (ENG)  0-3 (0-1),UCL 2017.txt,162
UCL_2017_0089,2017/18,2024-10-17,20:45,Group,Group H,Real Madrid,ESP,Tottenham Hotspur,ENG,1,1,1,1,1,1,,,False,False,D,D,,20:45  Real Madrid (ESP)       v Tottenham Hotspur (ENG)  1-1 (1-1),UCL 2017.txt,164
UCL_2017_0090,2017/18,2024-10-17,,Group,Group H,APOEL Nikosia,CYP,Borussia Dortmund,GER,1,1,1,1,0,0,,,False,False,D,D,,APOEL Nikosia (CYP)     v Borussia Dortmund (GER)  1-1 (0-0),UCL 2017.txt,165
UCL_2017_0091,2017/18,2024-11-01,20:45,Group,Group H,Tottenham Hotspur,ENG,Real Madrid,ESP,3,1,3,1,1,0,,,False,False,H,H,,20:45  Tottenham Hotspur (ENG) v Real Madrid (ESP)        3-1 (1-0),UCL 2017.txt,167
UCL_2017_0092,2017/18,2024-11-01,,Group,Group H,Borussia Dortmund,GER,APOEL Nikosia,CYP,1,1,1,1,1,0,,,False,False,D,D,,Borussia Dortmund (GER) v APOEL Nikosia (CYP)      1-1 (1-0),UCL 2017.txt,168
UCL_2017_0093,2017/18,2024-11-21,20:45,Group,Group H,Borussia Dortmund,GER,Tottenham Hotspur,ENG,1,2,1,2,1,0,,,False,False,A,A,,20:45  Borussia Dortmund (GER) v Tottenham Hotspur (ENG)  1-2 (1-0),UCL 2017.txt,170
UCL_2017_0094,2017/18,2024-11-21,,Group,Group H,APOEL Nikosia,CYP,Real Madrid,ESP,0,6,0,6,0,4,,,False,False,A,A,,APOEL Nikosia (CYP)     v Real Madrid (ESP)        0-6 (0-4),UCL 2017.txt,171
UCL_2017_0095,2017/18,2024-12-06,20:45,Group,Group H,Real Madrid,ESP,Borussia Dortmund,GER,3,2,3,2,2,1,,,False,False,H,H,,20:45  Real Madrid (ESP)       v Borussia Dortmund (GER)  3-2 (2-1),UCL 2017.txt,173
UCL_2017_0096,2017/18,2024-12-06,,Group,Group H,Tottenham Hotspur,ENG,APOEL Nikosia,CYP,3,0,3,0,2,0,,,False,False,H,H,,Tottenham Hotspur (ENG) v APOEL Nikosia (CYP)      3-0 (2-0),UCL 2017.txt,174
UCL_2017_0097,2017/18,2018-02-13,20:45,Round of 16,Round of 16,Juventus,ITA,Tottenham Hotspur,ENG,2,2,2,2,2,1,,,False,False,D,D,,20:45  Juventus (ITA)          v Tottenham Hotspur (ENG)  2-2 (2-1),UCL 2017.txt,179
UCL_2017_0098,2017/18,2018-02-13,,Round of 16,Round of 16,FC Basel 1893,SUI,Manchester City,ENG,0,4,0,4,0,3,,,False,False,A,A,,FC Basel 1893 (SUI)     v Manchester City (ENG)    0-4 (0-3),UCL 2017.txt,180
UCL_2017_0099,2017/18,2018-02-14,20:45,Round of 16,Round of 16,FC Porto,POR,Liverpool FC,ENG,0,5,0,5,0,2,,,False,False,A,A,,20:45  FC Porto (POR)          v Liverpool FC (ENG)       0-5 (0-2),UCL 2017.txt,182
UCL_2017_0100,2017/18,2018-02-14,,Round of 16,Round of 16,Real Madrid,ESP,Paris Saint-Germain,FRA,3,1,3,1,1,1,,,False,False,H,H,,Real Madrid (ESP)       v Paris Saint-Germain (FRA)  3-1 (1-1),UCL 2017.txt,183
UCL_2017_0101,2017/18,2018-02-20,20:45,Round of 16,Round of 16,Chelsea FC,ENG,FC Barcelona,ESP,1,1,1,1,0,0,,,False,False,D,D,,20:45  Chelsea FC (ENG)        v FC Barcelona (ESP)       1-1 (0-0),UCL 2017.txt,185
UCL_2017_0102,2017/18,2018-02-20,,Round of 16,Round of 16,Bayern München,GER,Beşiktaş,TUR,5,0,5,0,1,0,,,False,False,H,H,,Bayern München (GER)    v Beşiktaş (TUR)           5-0 (1-0),UCL 2017.txt,186
UCL_2017_0103,2017/18,2018-02-21,20:45,Round of 16,Round of 16,Sevilla FC,ESP,Manchester United,ENG,0,0,0,0,,,,,False,False,D,D,,20:45  Sevilla FC (ESP)        v Manchester United (ENG)  0-0,UCL 2017.txt,188
UCL_2017_0104,2017/18,2018-02-21,,Round of 16,Round of 16,Shakhtar Donetsk,UKR,AS Roma,ITA,2,1,2,1,0,1,,,False,False,H,H,,Shakhtar Donetsk (UKR)  v AS Roma (ITA)            2-1 (0-1),UCL 2017.txt,189
UCL_2017_0105,2017/18,2018-03-06,20:45,Round of 16,Round of 16,Liverpool FC,ENG,FC Porto,POR,0,0,0,0,,,,,False,False,D,D,,20:45  Liverpool FC (ENG)      v FC Porto (POR)           0-0,UCL 2017.txt,191
UCL_2017_0106,2017/18,2018-03-06,,Round of 16,Round of 16,Paris Saint-Germain,FRA,Real Madrid,ESP,1,2,1,2,0,0,,,False,False,A,A,,Paris Saint-Germain (FRA) v Real Madrid (ESP)        1-2 (0-0),UCL 2017.txt,192
UCL_2017_0107,2017/18,2018-03-07,20:45,Round of 16,Round of 16,Tottenham Hotspur,ENG,Juventus,ITA,1,2,1,2,1,0,,,False,False,A,A,,20:45  Tottenham Hotspur (ENG) v Juventus (ITA)           1-2 (1-0),UCL 2017.txt,194
UCL_2017_0108,2017/18,2018-03-07,,Round of 16,Round of 16,Manchester City,ENG,FC Basel 1893,SUI,1,2,1,2,1,1,,,False,False,A,A,,Manchester City (ENG)   v FC Basel 1893 (SUI)      1-2 (1-1),UCL 2017.txt,195
UCL_2017_0109,2017/18,2018-03-13,20:45,Round of 16,Round of 16,Manchester United,ENG,Sevilla FC,ESP,1,2,1,2,0,0,,,False,False,A,A,,20:45  Manchester United (ENG) v Sevilla FC (ESP)         1-2 (0-0),UCL 2017.txt,197
UCL_2017_0110,2017/18,2018-03-13,,Round of 16,Round of 16,AS Roma,ITA,Shakhtar Donetsk,UKR,1,0,1,0,0,0,,,False,False,H,H,,AS Roma (ITA)           v Shakhtar Donetsk (UKR)   1-0 (0-0),UCL 2017.txt,198
UCL_2017_0111,2017/18,2018-03-14,18:00,Round of 16,Round of 16,Beşiktaş,TUR,Bayern München,GER,1,3,1,3,0,1,,,False,False,A,A,,18:00  Beşiktaş (TUR)          v Bayern München (GER)     1-3 (0-1),UCL 2017.txt,200
UCL_2017_0112,2017/18,2018-03-14,20:45,Round of 16,Round of 16,FC Barcelona,ESP,Chelsea FC,ENG,3,0,3,0,2,0,,,False,False,H,H,,20:45  FC Barcelona (ESP)      v Chelsea FC (ENG)         3-0 (2-0),UCL 2017.txt,201
UCL_2017_0113,2017/18,2018-04-03,20:45,Quarterfinals,Quarterfinals,Sevilla FC,ESP,Bayern München,GER,1,2,1,2,1,1,,,False,False,A,A,,20:45  Sevilla FC (ESP)        v Bayern München (GER)     1-2 (1-1),UCL 2017.txt,206
UCL_2017_0114,2017/18,2018-04-03,,Quarterfinals,Quarterfinals,Juventus,ITA,Real Madrid,ESP,0,3,0,3,0,1,,,False,False,A,A,,Juventus (ITA)          v Real Madrid (ESP)        0-3 (0-1),UCL 2017.txt,207
UCL_2017_0115,2017/18,2018-04-04,20:45,Quarterfinals,Quarterfinals,FC Barcelona,ESP,AS Roma,ITA,4,1,4,1,1,0,,,False,False,H,H,,20:45  FC Barcelona (ESP)      v AS Roma (ITA)            4-1 (1-0),UCL 2017.txt,209
UCL_2017_0116,2017/18,2018-04-04,,Quarterfinals,Quarterfinals,Liverpool FC,ENG,Manchester City,ENG,3,0,3,0,3,0,,,False,False,H,H,,Liverpool FC (ENG)      v Manchester City (ENG)    3-0 (3-0),UCL 2017.txt,210
UCL_2017_0117,2017/18,2018-04-10,20:45,Quarterfinals,Quarterfinals,AS Roma,ITA,FC Barcelona,ESP,3,0,3,0,1,0,,,False,False,H,H,,20:45  AS Roma (ITA)           v FC Barcelona (ESP)       3-0 (1-0),UCL 2017.txt,212
UCL_2017_0118,2017/18,2018-04-10,,Quarterfinals,Quarterfinals,Manchester City,ENG,Liverpool FC,ENG,1,2,1,2,1,0,,,False,False,A,A,,Manchester City (ENG)   v Liverpool FC (ENG)       1-2 (1-0),UCL 2017.txt,213
UCL_2017_0119,2017/18,2018-04-11,20:45,Quarterfinals,Quarterfinals,Bayern München,GER,Sevilla FC,ESP,0,0,0,0,,,,,False,False,D,D,,20:45  Bayern München (GER)    v Sevilla FC (ESP)         0-0,UCL 2017.txt,215
UCL_2017_0120,2017/18,2018-04-11,,Quarterfinals,Quarterfinals,Real Madrid,ESP,Juventus,ITA,1,3,1,3,0,2,,,False,False,A,A,,Real Madrid (ESP)       v Juventus (ITA)           1-3 (0-2),UCL 2017.txt,216
UCL_2017_0121,2017/18,2018-04-24,20:45,Semifinals,Semifinals,Liverpool FC,ENG,AS Roma,ITA,5,2,5,2,2,0,,,False,False,H,H,,20:45  Liverpool FC (ENG)      v AS Roma (ITA)            5-2 (2-0),UCL 2017.txt,221
UCL_2017_0122,2017/18,2018-04-25,20:45,Semifinals,Semifinals,Bayern München,GER,Real Madrid,ESP,1,2,1,2,1,1,,,False,False,A,A,,20:45  Bayern München (GER)    v Real Madrid (ESP)        1-2 (1-1),UCL 2017.txt,223
UCL_2017_0123,2017/18,2018-05-01,20:45,Semifinals,Semifinals,Real Madrid,ESP,Bayern München,GER,2,2,2,2,1,1,,,False,False,D,D,,20:45  Real Madrid (ESP)       v Bayern München (GER)     2-2 (1-1),UCL 2017.txt,225
UCL_2017_0124,2017/18,2018-05-02,20:45,Semifinals,Semifinals,AS Roma,ITA,Liverpool FC,ENG,4,2,4,2,1,2,,,False,False,H,H,,20:45  AS Roma (ITA)           v Liverpool FC (ENG)       4-2 (1-2),UCL 2017.txt,227
UCL_2017_0125,2017/18,2018-05-26,20:45,Final,Final,Real Madrid,ESP,Liverpool FC,ENG,3,1,3,1,0,0,,,False,False,H,H,,20:45  Real Madrid (ESP)       v Liverpool FC (ENG)       3-1 (0-0),UCL 2017.txt,232
UCL_2018_0001,2018/19,2018-09-18,21:00,Group,Group A,AS Monaco,FRA,Atlético Madrid,ESP,1,2,1,2,1,2,,,False,False,A,A,,21:00  AS Monaco (FRA)         v Atlético Madrid (ESP)    1-2 (1-2),UCL 2018.txt,11
UCL_2018_0002,2018/19,2018-09-18,,Group,Group A,Club Brugge KV,BEL,Borussia Dortmund,GER,0,1,0,1,0,0,,,False,False,A,A,,Club Brugge KV (BEL)    v Borussia Dortmund (GER)  0-1 (0-0),UCL 2018.txt,12
UCL_2018_0003,2018/19,2018-10-03,21:00,Group,Group A,Borussia Dortmund,GER,AS Monaco,FRA,3,0,3,0,0,0,,,False,False,H,H,,21:00  Borussia Dortmund (GER) v AS Monaco (FRA)          3-0 (0-0),UCL 2018.txt,14
UCL_2018_0004,2018/19,2018-10-03,,Group,Group A,Atlético Madrid,ESP,Club Brugge KV,BEL,3,1,3,1,1,1,,,False,False,H,H,,Atlético Madrid (ESP)   v Club Brugge KV (BEL)     3-1 (1-1),UCL 2018.txt,15
UCL_2018_0005,2018/19,2018-10-24,18:55,Group,Group A,Club Brugge KV,BEL,AS Monaco,FRA,1,1,1,1,1,1,,,False,False,D,D,,18:55  Club Brugge KV (BEL)    v AS Monaco (FRA)          1-1 (1-1),UCL 2018.txt,17
UCL_2018_0006,2018/19,2018-10-24,21:00,Group,Group A,Borussia Dortmund,GER,Atlético Madrid,ESP,4,0,4,0,1,0,,,False,False,H,H,,21:00  Borussia Dortmund (GER) v Atlético Madrid (ESP)    4-0 (1-0),UCL 2018.txt,18
UCL_2018_0007,2018/19,2018-11-06,18:55,Group,Group A,AS Monaco,FRA,Club Brugge KV,BEL,0,4,0,4,0,3,,,False,False,A,A,,18:55  AS Monaco (FRA)         v Club Brugge KV (BEL)     0-4 (0-3),UCL 2018.txt,20
UCL_2018_0008,2018/19,2018-11-06,21:00,Group,Group A,Atlético Madrid,ESP,Borussia Dortmund,GER,2,0,2,0,1,0,,,False,False,H,H,,21:00  Atlético Madrid (ESP)   v Borussia Dortmund (GER)  2-0 (1-0),UCL 2018.txt,21
UCL_2018_0009,2018/19,2018-11-28,18:55,Group,Group A,Atlético Madrid,ESP,AS Monaco,FRA,2,0,2,0,2,0,,,False,False,H,H,,18:55  Atlético Madrid (ESP)   v AS Monaco (FRA)          2-0 (2-0),UCL 2018.txt,23
UCL_2018_0010,2018/19,2018-11-28,21:00,Group,Group A,Borussia Dortmund,GER,Club Brugge KV,BEL,0,0,0,0,,,,,False,False,D,D,,21:00  Borussia Dortmund (GER) v Club Brugge KV (BEL)     0-0,UCL 2018.txt,24
UCL_2018_0011,2018/19,2018-12-11,21:00,Group,Group A,AS Monaco,FRA,Borussia Dortmund,GER,0,2,0,2,0,1,,,False,False,A,A,,21:00  AS Monaco (FRA)         v Borussia Dortmund (GER)  0-2 (0-1),UCL 2018.txt,26
UCL_2018_0012,2018/19,2018-12-11,,Group,Group A,Club Brugge KV,BEL,Atlético Madrid,ESP,0,0,0,0,,,,,False,False,D,D,,Club Brugge KV (BEL)    v Atlético Madrid (ESP)    0-0,UCL 2018.txt,27
UCL_2018_0013,2018/19,2019-09-18,18:55,Group,Group B,FC Barcelona,ESP,PSV Eindhoven,NED,4,0,4,0,1,0,,,False,False,H,H,,18:55  FC Barcelona (ESP)      v PSV Eindhoven (NED)      4-0 (1-0),UCL 2018.txt,32
UCL_2018_0014,2018/19,2019-09-18,,Group,Group B,Inter,ITA,Tottenham Hotspur,ENG,2,1,2,1,0,0,,,False,False,H,H,,Inter (ITA)             v Tottenham Hotspur (ENG)  2-1 (0-0),UCL 2018.txt,33
UCL_2018_0015,2018/19,2019-10-03,21:00,Group,Group B,Tottenham Hotspur,ENG,FC Barcelona,ESP,2,4,2,4,0,2,,,False,False,A,A,,21:00  Tottenham Hotspur (ENG) v FC Barcelona (ESP)       2-4 (0-2),UCL 2018.txt,35
UCL_2018_0016,2018/19,2019-10-03,,Group,Group B,PSV Eindhoven,NED,Inter,ITA,1,2,1,2,1,1,,,False,False,A,A,,PSV Eindhoven (NED)     v Inter (ITA)              1-2 (1-1),UCL 2018.txt,36
UCL_2018_0017,2018/19,2019-10-24,18:55,Group,Group B,PSV Eindhoven,NED,Tottenham Hotspur,ENG,2,2,2,2,1,1,,,False,False,D,D,,18:55  PSV Eindhoven (NED)     v Tottenham Hotspur (ENG)  2-2 (1-1),UCL 2018.txt,38
UCL_2018_0018,2018/19,2019-10-24,21:00,Group,Group B,FC Barcelona,ESP,Inter,ITA,2,0,2,0,1,0,,,False,False,H,H,,21:00  FC Barcelona (ESP)      v Inter (ITA)              2-0 (1-0),UCL 2018.txt,39
UCL_2018_0019,2018/19,2019-11-06,21:00,Group,Group B,Tottenham Hotspur,ENG,PSV Eindhoven,NED,2,1,2,1,0,1,,,False,False,H,H,,21:00  Tottenham Hotspur (ENG) v PSV Eindhoven (NED)      2-1 (0-1),UCL 2018.txt,41
UCL_2018_0020,2018/19,2019-11-06,,Group,Group B,Inter,ITA,FC Barcelona,ESP,1,1,1,1,0,0,,,False,False,D,D,,Inter (ITA)             v FC Barcelona (ESP)       1-1 (0-0),UCL 2018.txt,42
UCL_2018_0021,2018/19,2019-11-28,21:00,Group,Group B,PSV Eindhoven,NED,FC Barcelona,ESP,1,2,1,2,0,0,,,False,False,A,A,,21:00  PSV Eindhoven (NED)     v FC Barcelona (ESP)       1-2 (0-0),UCL 2018.txt,44
UCL_2018_0022,2018/19,2019-11-28,,Group,Group B,Tottenham Hotspur,ENG,Inter,ITA,1,0,1,0,0,0,,,False,False,H,H,,Tottenham Hotspur (ENG) v Inter (ITA)              1-0 (0-0),UCL 2018.txt,45
UCL_2018_0023,2018/19,2019-12-11,21:00,Group,Group B,FC Barcelona,ESP,Tottenham Hotspur,ENG,1,1,1,1,1,0,,,False,False,D,D,,21:00  FC Barcelona (ESP)      v Tottenham Hotspur (ENG)  1-1 (1-0),UCL 2018.txt,47
UCL_2018_0024,2018/19,2019-12-11,,Group,Group B,Inter,ITA,PSV Eindhoven,NED,1,1,1,1,0,1,,,False,False,D,D,,Inter (ITA)             v PSV Eindhoven (NED)      1-1 (0-1),UCL 2018.txt,48
UCL_2018_0025,2018/19,2020-09-18,21:00,Group,Group C,Liverpool FC,ENG,Paris Saint-Germain,FRA,3,2,3,2,2,1,,,False,False,H,H,,21:00  Liverpool FC (ENG)      v Paris Saint-Germain (FRA)  3-2 (2-1),UCL 2018.txt,53
UCL_2018_0026,2018/19,2020-09-18,,Group,Group C,Crvena Zvezda,SRB,SSC Napoli,ITA,0,0,0,0,,,,,False,False,D,D,,Crvena Zvezda (SRB)     v SSC Napoli (ITA)         0-0,UCL 2018.txt,54
UCL_2018_0027,2018/19,2020-10-03,18:55,Group,Group C,Paris Saint-Germain,FRA,Crvena Zvezda,SRB,6,1,6,1,4,0,,,False,False,H,H,,18:55  Paris Saint-Germain (FRA) v Crvena Zvezda (SRB)      6-1 (4-0),UCL 2018.txt,56
UCL_2018_0028,2018/19,2020-10-03,21:00,Group,Group C,SSC Napoli,ITA,Liverpool FC,ENG,1,0,1,0,0,0,,,False,False,H,H,,21:00  SSC Napoli (ITA)        v Liverpool FC (ENG)       1-0 (0-0),UCL 2018.txt,57
UCL_2018_0029,2018/19,2020-10-24,21:00,Group,Group C,Paris Saint-Germain,FRA,SSC Napoli,ITA,2,2,2,2,0,1,,,False,False,D,D,,21:00  Paris Saint-Germain (FRA) v SSC Napoli (ITA)         2-2 (0-1),UCL 2018.txt,59
UCL_2018_0030,2018/19,2020-10-24,,Group,Group C,Liverpool FC,ENG,Crvena Zvezda,SRB,4,0,4,0,2,0,,,False,False,H,H,,Liverpool FC (ENG)      v Crvena Zvezda (SRB)      4-0 (2-0),UCL 2018.txt,60
UCL_2018_0031,2018/19,2020-11-06,18:55,Group,Group C,Crvena Zvezda,SRB,Liverpool FC,ENG,2,0,2,0,2,0,,,False,False,H,H,,18:55  Crvena Zvezda (SRB)     v Liverpool FC (ENG)       2-0 (2-0),UCL 2018.txt,62
UCL_2018_0032,2018/19,2020-11-06,21:00,Group,Group C,SSC Napoli,ITA,Paris Saint-Germain,FRA,1,1,1,1,0,1,,,False,False,D,D,,21:00  SSC Napoli (ITA)        v Paris Saint-Germain (FRA)  1-1 (0-1),UCL 2018.txt,63
UCL_2018_0033,2018/19,2020-11-28,21:00,Group,Group C,Paris Saint-Germain,FRA,Liverpool FC,ENG,2,1,2,1,2,1,,,False,False,H,H,,21:00  Paris Saint-Germain (FRA) v Liverpool FC (ENG)       2-1 (2-1),UCL 2018.txt,65
UCL_2018_0034,2018/19,2020-11-28,,Group,Group C,SSC Napoli,ITA,Crvena Zvezda,SRB,3,1,3,1,2,0,,,False,False,H,H,,SSC Napoli (ITA)        v Crvena Zvezda (SRB)      3-1 (2-0),UCL 2018.txt,66
UCL_2018_0035,2018/19,2020-12-11,21:00,Group,Group C,Liverpool FC,ENG,SSC Napoli,ITA,1,0,1,0,1,0,,,False,False,H,H,,21:00  Liverpool FC (ENG)      v SSC Napoli (ITA)         1-0 (1-0),UCL 2018.txt,68
UCL_2018_0036,2018/19,2020-12-11,,Group,Group C,Crvena Zvezda,SRB,Paris Saint-Germain,FRA,1,4,1,4,0,2,,,False,False,A,A,,Crvena Zvezda (SRB)     v Paris Saint-Germain (FRA)  1-4 (0-2),UCL 2018.txt,69
UCL_2018_0037,2018/19,2021-09-18,21:00,Group,Group D,FC Schalke 04,GER,FC Porto,POR,1,1,1,1,0,0,,,False,False,D,D,,21:00  FC Schalke 04 (GER)     v FC Porto (POR)           1-1 (0-0),UCL 2018.txt,74
UCL_2018_0038,2018/19,2021-09-18,,Group,Group D,Galatasaray,TUR,Lokomotiv Moskva,RUS,3,0,3,0,1,0,,,False,False,H,H,,Galatasaray (TUR)       v Lokomotiv Moskva (RUS)   3-0 (1-0),UCL 2018.txt,75
UCL_2018_0039,2018/19,2021-10-03,18:55,Group,Group D,Lokomotiv Moskva,RUS,FC Schalke 04,GER,0,1,0,1,0,0,,,False,False,A,A,,18:55  Lokomotiv Moskva (RUS)  v FC Schalke 04 (GER)      0-1 (0-0),UCL 2018.txt,77
UCL_2018_0040,2018/19,2021-10-03,21:00,Group,Group D,FC Porto,POR,Galatasaray,TUR,1,0,1,0,0,0,,,False,False,H,H,,21:00  FC Porto (POR)          v Galatasaray (TUR)        1-0 (0-0),UCL 2018.txt,78
UCL_2018_0041,2018/19,2021-10-24,21:00,Group,Group D,Lokomotiv Moskva,RUS,FC Porto,POR,1,3,1,3,1,2,,,False,False,A,A,,21:00  Lokomotiv Moskva (RUS)  v FC Porto (POR)           1-3 (1-2),UCL 2018.txt,80
UCL_2018_0042,2018/19,2021-10-24,,Group,Group D,Galatasaray,TUR,FC Schalke 04,GER,0,0,0,0,,,,,False,False,D,D,,Galatasaray (TUR)       v FC Schalke 04 (GER)      0-0,UCL 2018.txt,81
UCL_2018_0043,2018/19,2021-11-06,21:00,Group,Group D,FC Porto,POR,Lokomotiv Moskva,RUS,4,1,4,1,2,0,,,False,False,H,H,,21:00  FC Porto (POR)          v Lokomotiv Moskva (RUS)   4-1 (2-0),UCL 2018.txt,83
UCL_2018_0044,2018/19,2021-11-06,,Group,Group D,FC Schalke 04,GER,Galatasaray,TUR,2,0,2,0,1,0,,,False,False,H,H,,FC Schalke 04 (GER)     v Galatasaray (TUR)        2-0 (1-0),UCL 2018.txt,84
UCL_2018_0045,2018/19,2021-11-28,18:55,Group,Group D,Lokomotiv Moskva,RUS,Galatasaray,TUR,2,0,2,0,1,0,,,False,False,H,H,,18:55  Lokomotiv Moskva (RUS)  v Galatasaray (TUR)        2-0 (1-0),UCL 2018.txt,86
UCL_2018_0046,2018/19,2021-11-28,21:00,Group,Group D,FC Porto,POR,FC Schalke 04,GER,3,1,3,1,0,0,,,False,False,H,H,,21:00  FC Porto (POR)          v FC Schalke 04 (GER)      3-1 (0-0),UCL 2018.txt,87
UCL_2018_0047,2018/19,2021-12-11,18:55,Group,Group D,FC Schalke 04,GER,Lokomotiv Moskva,RUS,1,0,1,0,0,0,,,False,False,H,H,,18:55  FC Schalke 04 (GER)     v Lokomotiv Moskva (RUS)   1-0 (0-0),UCL 2018.txt,89
UCL_2018_0048,2018/19,2021-12-11,,Group,Group D,Galatasaray,TUR,FC Porto,POR,2,3,2,3,1,2,,,False,False,A,A,,Galatasaray (TUR)       v FC Porto (POR)           2-3 (1-2),UCL 2018.txt,90
UCL_2018_0049,2018/19,2022-09-19,18:55,Group,Group E,AFC Ajax,NED,AEK Athen,GRE,3,0,3,0,0,0,,,False,False,H,H,,18:55  AFC Ajax (NED)          v AEK Athen (GRE)          3-0 (0-0),UCL 2018.txt,95
UCL_2018_0050,2018/19,2022-09-19,21:00,Group,Group E,SL Benfica,POR,Bayern München,GER,0,2,0,2,0,1,,,False,False,A,A,,21:00  SL Benfica (POR)        v Bayern München (GER)     0-2 (0-1),UCL 2018.txt,96
UCL_2018_0051,2018/19,2022-10-02,21:00,Group,Group E,Bayern München,GER,AFC Ajax,NED,1,1,1,1,1,1,,,False,False,D,D,,21:00  Bayern München (GER)    v AFC Ajax (NED)           1-1 (1-1),UCL 2018.txt,98
UCL_2018_0052,2018/19,2022-10-02,,Group,Group E,AEK Athen,GRE,SL Benfica,POR,2,3,2,3,0,2,,,False,False,A,A,,AEK Athen (GRE)         v SL Benfica (POR)         2-3 (0-2),UCL 2018.txt,99
UCL_2018_0053,2018/19,2022-10-23,18:55,Group,Group E,AEK Athen,GRE,Bayern München,GER,0,2,0,2,0,0,,,False,False,A,A,,18:55  AEK Athen (GRE)         v Bayern München (GER)     0-2 (0-0),UCL 2018.txt,101
UCL_2018_0054,2018/19,2022-10-23,21:00,Group,Group E,AFC Ajax,NED,SL Benfica,POR,1,0,1,0,0,0,,,False,False,H,H,,21:00  AFC Ajax (NED)          v SL Benfica (POR)         1-0 (0-0),UCL 2018.txt,102
UCL_2018_0055,2018/19,2022-11-07,21:00,Group,Group E,SL Benfica,POR,AFC Ajax,NED,1,1,1,1,1,0,,,False,False,D,D,,21:00  SL Benfica (POR)        v AFC Ajax (NED)           1-1 (1-0),UCL 2018.txt,104
UCL_2018_0056,2018/19,2022-11-07,,Group,Group E,Bayern München,GER,AEK Athen,GRE,2,0,2,0,1,0,,,False,False,H,H,,Bayern München (GER)    v AEK Athen (GRE)          2-0 (1-0),UCL 2018.txt,105
UCL_2018_0057,2018/19,2022-11-27,18:55,Group,Group E,AEK Athen,GRE,AFC Ajax,NED,0,2,0,2,0,0,,,False,False,A,A,,18:55  AEK Athen (GRE)         v AFC Ajax (NED)           0-2 (0-0),UCL 2018.txt,107
UCL_2018_0058,2018/19,2022-11-27,21:00,Group,Group E,Bayern München,GER,SL Benfica,POR,5,1,5,1,3,0,,,False,False,H,H,,21:00  Bayern München (GER)    v SL Benfica (POR)         5-1 (3-0),UCL 2018.txt,108
UCL_2018_0059,2018/19,2022-12-12,21:00,Group,Group E,AFC Ajax,NED,Bayern München,GER,3,3,3,3,0,1,,,False,False,D,D,,21:00  AFC Ajax (NED)          v Bayern München (GER)     3-3 (0-1),UCL 2018.txt,110
UCL_2018_0060,2018/19,2022-12-12,,Group,Group E,SL Benfica,POR,AEK Athen,GRE,1,0,1,0,0,0,,,False,False,H,H,,SL Benfica (POR)        v AEK Athen (GRE)          1-0 (0-0),UCL 2018.txt,111
UCL_2018_0061,2018/19,2023-09-19,18:55,Group,Group F,Shakhtar Donetsk,UKR,1899 Hoffenheim,GER,2,2,2,2,1,2,,,False,False,D,D,,18:55  Shakhtar Donetsk (UKR)  v 1899 Hoffenheim (GER)    2-2 (1-2),UCL 2018.txt,116
UCL_2018_0062,2018/19,2023-09-19,21:00,Group,Group F,Manchester City,ENG,Olympique Lyonnais,FRA,1,2,1,2,0,2,,,False,False,A,A,,21:00  Manchester City (ENG)   v Olympique Lyonnais (FRA)  1-2 (0-2),UCL 2018.txt,117
UCL_2018_0063,2018/19,2023-10-02,18:55,Group,Group F,1899 Hoffenheim,GER,Manchester City,ENG,1,2,1,2,1,1,,,False,False,A,A,,18:55  1899 Hoffenheim (GER)   v Manchester City (ENG)    1-2 (1-1),UCL 2018.txt,119
UCL_2018_0064,2018/19,2023-10-02,21:00,Group,Group F,Olympique Lyonnais,FRA,Shakhtar Donetsk,UKR,2,2,2,2,0,1,,,False,False,D,D,,21:00  Olympique Lyonnais (FRA) v Shakhtar Donetsk (UKR)   2-2 (0-1),UCL 2018.txt,120
UCL_2018_0065,2018/19,2023-10-23,21:00,Group,Group F,Shakhtar Donetsk,UKR,Manchester City,ENG,0,3,0,3,0,2,,,False,False,A,A,,21:00  Shakhtar Donetsk (UKR)  v Manchester City (ENG)    0-3 (0-2),UCL 2018.txt,122
UCL_2018_0066,2018/19,2023-10-23,,Group,Group F,1899 Hoffenheim,GER,Olympique Lyonnais,FRA,3,3,3,3,1,1,,,False,False,D,D,,1899 Hoffenheim (GER)   v Olympique Lyonnais (FRA)  3-3 (1-1),UCL 2018.txt,123
UCL_2018_0067,2018/19,2023-11-07,21:00,Group,Group F,Manchester City,ENG,Shakhtar Donetsk,UKR,6,0,6,0,2,0,,,False,False,H,H,,21:00  Manchester City (ENG)   v Shakhtar Donetsk (UKR)   6-0 (2-0),UCL 2018.txt,125
UCL_2018_0068,2018/19,2023-11-07,,Group,Group F,Olympique Lyonnais,FRA,1899 Hoffenheim,GER,2,2,2,2,2,0,,,False,False,D,D,,Olympique Lyonnais (FRA) v 1899 Hoffenheim (GER)    2-2 (2-0),UCL 2018.txt,126
UCL_2018_0069,2018/19,2023-11-27,21:00,Group,Group F,Olympique Lyonnais,FRA,Manchester City,ENG,2,2,2,2,0,0,,,False,False,D,D,,21:00  Olympique Lyonnais (FRA) v Manchester City (ENG)    2-2 (0-0),UCL 2018.txt,128
UCL_2018_0070,2018/19,2023-11-27,,Group,Group F,1899 Hoffenheim,GER,Shakhtar Donetsk,UKR,2,3,2,3,2,2,,,False,False,A,A,,1899 Hoffenheim (GER)   v Shakhtar Donetsk (UKR)   2-3 (2-2),UCL 2018.txt,129
UCL_2018_0071,2018/19,2023-12-12,21:00,Group,Group F,Shakhtar Donetsk,UKR,Olympique Lyonnais,FRA,1,1,1,1,1,0,,,False,False,D,D,,21:00  Shakhtar Donetsk (UKR)  v Olympique Lyonnais (FRA)  1-1 (1-0),UCL 2018.txt,131
UCL_2018_0072,2018/19,2023-12-12,,Group,Group F,Manchester City,ENG,1899 Hoffenheim,GER,2,1,2,1,1,1,,,False,False,H,H,,Manchester City (ENG)   v 1899 Hoffenheim (GER)    2-1 (1-1),UCL 2018.txt,132
UCL_2018_0073,2018/19,2024-09-19,21:00,Group,Group G,Real Madrid,ESP,AS Roma,ITA,3,0,3,0,1,0,,,False,False,H,H,,21:00  Real Madrid (ESP)       v AS Roma (ITA)            3-0 (1-0),UCL 2018.txt,137
UCL_2018_0074,2018/19,2024-09-19,,Group,Group G,Viktoria Plzeň,CZE,CSKA Moskva,RUS,2,2,2,2,2,0,,,False,False,D,D,,Viktoria Plzeň (CZE)    v CSKA Moskva (RUS)        2-2 (2-0),UCL 2018.txt,138
UCL_2018_0075,2018/19,2024-10-02,21:00,Group,Group G,CSKA Moskva,RUS,Real Madrid,ESP,1,0,1,0,1,0,,,False,False,H,H,,21:00  CSKA Moskva (RUS)       v Real Madrid (ESP)        1-0 (1-0),UCL 2018.txt,140
UCL_2018_0076,2018/19,2024-10-02,,Group,Group G,AS Roma,ITA,Viktoria Plzeň,CZE,5,0,5,0,2,0,,,False,False,H,H,,AS Roma (ITA)           v Viktoria Plzeň (CZE)     5-0 (2-0),UCL 2018.txt,141
UCL_2018_0077,2018/19,2024-10-23,21:00,Group,Group G,AS Roma,ITA,CSKA Moskva,RUS,3,0,3,0,2,0,,,False,False,H,H,,21:00  AS Roma (ITA)           v CSKA Moskva (RUS)        3-0 (2-0),UCL 2018.txt,143
UCL_2018_0078,2018/19,2024-10-23,,Group,Group G,Real Madrid,ESP,Viktoria Plzeň,CZE,2,1,2,1,1,0,,,False,False,H,H,,Real Madrid (ESP)       v Viktoria Plzeň (CZE)     2-1 (1-0),UCL 2018.txt,144
UCL_2018_0079,2018/19,2024-11-07,18:55,Group,Group G,CSKA Moskva,RUS,AS Roma,ITA,1,2,1,2,0,1,,,False,False,A,A,,18:55  CSKA Moskva (RUS)       v AS Roma (ITA)            1-2 (0-1),UCL 2018.txt,146
UCL_2018_0080,2018/19,2024-11-07,21:00,Group,Group G,Viktoria Plzeň,CZE,Real Madrid,ESP,0,5,0,5,0,4,,,False,False,A,A,,21:00  Viktoria Plzeň (CZE)    v Real Madrid (ESP)        0-5 (0-4),UCL 2018.txt,147
UCL_2018_0081,2018/19,2024-11-27,18:55,Group,Group G,CSKA Moskva,RUS,Viktoria Plzeň,CZE,1,2,1,2,1,0,,,False,False,A,A,,18:55  CSKA Moskva (RUS)       v Viktoria Plzeň (CZE)     1-2 (1-0),UCL 2018.txt,149
UCL_2018_0082,2018/19,2024-11-27,21:00,Group,Group G,AS Roma,ITA,Real Madrid,ESP,0,2,0,2,0,0,,,False,False,A,A,,21:00  AS Roma (ITA)           v Real Madrid (ESP)        0-2 (0-0),UCL 2018.txt,150
UCL_2018_0083,2018/19,2024-12-12,18:55,Group,Group G,Real Madrid,ESP,CSKA Moskva,RUS,0,3,0,3,0,2,,,False,False,A,A,,18:55  Real Madrid (ESP)       v CSKA Moskva (RUS)        0-3 (0-2),UCL 2018.txt,152
UCL_2018_0084,2018/19,2024-12-12,,Group,Group G,Viktoria Plzeň,CZE,AS Roma,ITA,2,1,2,1,0,0,,,False,False,H,H,,Viktoria Plzeň (CZE)    v AS Roma (ITA)            2-1 (0-0),UCL 2018.txt,153
UCL_2018_0085,2018/19,2025-09-19,21:00,Group,Group H,Valencia CF,ESP,Juventus,ITA,0,2,0,2,0,1,,,False,False,A,A,,21:00  Valencia CF (ESP)       v Juventus (ITA)           0-2 (0-1),UCL 2018.txt,158
UCL_2018_0086,2018/19,2025-09-19,,Group,Group H,BSC Young Boys,SUI,Manchester United,ENG,0,3,0,3,0,2,,,False,False,A,A,,BSC Young Boys (SUI)    v Manchester United (ENG)  0-3 (0-2),UCL 2018.txt,159
UCL_2018_0087,2018/19,2025-10-02,18:55,Group,Group H,Juventus,ITA,BSC Young Boys,SUI,3,0,3,0,2,0,,,False,False,H,H,,18:55  Juventus (ITA)          v BSC Young Boys (SUI)     3-0 (2-0),UCL 2018.txt,161
UCL_2018_0088,2018/19,2025-10-02,21:00,Group,Group H,Manchester United,ENG,Valencia CF,ESP,0,0,0,0,,,,,False,False,D,D,,21:00  Manchester United (ENG) v Valencia CF (ESP)        0-0,UCL 2018.txt,162
UCL_2018_0089,2018/19,2025-10-23,18:55,Group,Group H,BSC Young Boys,SUI,Valencia CF,ESP,1,1,1,1,0,1,,,False,False,D,D,,18:55  BSC Young Boys (SUI)    v Valencia CF (ESP)        1-1 (0-1),UCL 2018.txt,164
UCL_2018_0090,2018/19,2025-10-23,21:00,Group,Group H,Manchester United,ENG,Juventus,ITA,0,1,0,1,0,1,,,False,False,A,A,,21:00  Manchester United (ENG) v Juventus (ITA)           0-1 (0-1),UCL 2018.txt,165
UCL_2018_0091,2018/19,2025-11-07,18:55,Group,Group H,Valencia CF,ESP,BSC Young Boys,SUI,3,1,3,1,2,1,,,False,False,H,H,,18:55  Valencia CF (ESP)       v BSC Young Boys (SUI)     3-1 (2-1),UCL 2018.txt,167
UCL_2018_0092,2018/19,2025-11-07,21:00,Group,Group H,Juventus,ITA,Manchester United,ENG,1,2,1,2,0,0,,,False,False,A,A,,21:00  Juventus (ITA)          v Manchester United (ENG)  1-2 (0-0),UCL 2018.txt,168
UCL_2018_0093,2018/19,2025-11-27,21:00,Group,Group H,Juventus,ITA,Valencia CF,ESP,1,0,1,0,0,0,,,False,False,H,H,,21:00  Juventus (ITA)          v Valencia CF (ESP)        1-0 (0-0),UCL 2018.txt,170
UCL_2018_0094,2018/19,2025-11-27,,Group,Group H,Manchester United,ENG,BSC Young Boys,SUI,1,0,1,0,0,0,,,False,False,H,H,,Manchester United (ENG) v BSC Young Boys (SUI)     1-0 (0-0),UCL 2018.txt,171
UCL_2018_0095,2018/19,2025-12-12,21:00,Group,Group H,Valencia CF,ESP,Manchester United,ENG,2,1,2,1,1,0,,,False,False,H,H,,21:00  Valencia CF (ESP)       v Manchester United (ENG)  2-1 (1-0),UCL 2018.txt,173
UCL_2018_0096,2018/19,2025-12-12,,Group,Group H,BSC Young Boys,SUI,Juventus,ITA,2,1,2,1,1,0,,,False,False,H,H,,BSC Young Boys (SUI)    v Juventus (ITA)           2-1 (1-0),UCL 2018.txt,174
UCL_2018_0097,2018/19,2019-02-12,21:00,Round of 16,Round of 16,Manchester United,ENG,Paris Saint-Germain,FRA,0,2,0,2,0,0,,,False,False,A,A,,21:00  Manchester United (ENG) v Paris Saint-Germain (FRA)  0-2 (0-0),UCL 2018.txt,179
UCL_2018_0098,2018/19,2019-02-12,,Round of 16,Round of 16,AS Roma,ITA,FC Porto,POR,2,1,2,1,0,0,,,False,False,H,H,,AS Roma (ITA)           v FC Porto (POR)           2-1 (0-0),UCL 2018.txt,180
UCL_2018_0099,2018/19,2019-02-13,21:00,Round of 16,Round of 16,Tottenham Hotspur,ENG,Borussia Dortmund,GER,3,0,3,0,0,0,,,False,False,H,H,,21:00  Tottenham Hotspur (ENG) v Borussia Dortmund (GER)  3-0 (0-0),UCL 2018.txt,182
UCL_2018_0100,2018/19,2019-02-13,,Round of 16,Round of 16,AFC Ajax,NED,Real Madrid,ESP,1,2,1,2,0,0,,,False,False,A,A,,AFC Ajax (NED)          v Real Madrid (ESP)        1-2 (0-0),UCL 2018.txt,183
UCL_2018_0101,2018/19,2019-02-19,21:00,Round of 16,Round of 16,Olympique Lyonnais,FRA,FC Barcelona,ESP,0,0,0,0,,,,,False,False,D,D,,21:00  Olympique Lyonnais (FRA) v FC Barcelona (ESP)       0-0,UCL 2018.txt,185
UCL_2018_0102,2018/19,2019-02-19,,Round of 16,Round of 16,Liverpool FC,ENG,Bayern München,GER,0,0,0,0,,,,,False,False,D,D,,Liverpool FC (ENG)      v Bayern München (GER)     0-0,UCL 2018.txt,186
UCL_2018_0103,2018/19,2019-02-20,21:00,Round of 16,Round of 16,FC Schalke 04,GER,Manchester City,ENG,2,3,2,3,2,1,,,False,False,A,A,,21:00  FC Schalke 04 (GER)     v Manchester City (ENG)    2-3 (2-1),UCL 2018.txt,188
UCL_2018_0104,2018/19,2019-02-20,,Round of 16,Round of 16,Atlético Madrid,ESP,Juventus,ITA,2,0,2,0,0,0,,,False,False,H,H,,Atlético Madrid (ESP)   v Juventus (ITA)           2-0 (0-0),UCL 2018.txt,189
UCL_2018_0105,2018/19,2019-03-05,21:00,Round of 16,Round of 16,Borussia Dortmund,GER,Tottenham Hotspur,ENG,0,1,0,1,0,0,,,False,False,A,A,,21:00  Borussia Dortmund (GER) v Tottenham Hotspur (ENG)  0-1 (0-0),UCL 2018.txt,191
UCL_2018_0106,2018/19,2019-03-05,,Round of 16,Round of 16,Real Madrid,ESP,AFC Ajax,NED,1,4,1,4,0,2,,,False,False,A,A,,Real Madrid (ESP)       v AFC Ajax (NED)           1-4 (0-2),UCL 2018.txt,192
UCL_2018_0107,2018/19,2019-03-06,21:00,Round of 16,Round of 16,Paris Saint-Germain,FRA,Manchester United,ENG,1,3,1,3,1,2,,,False,False,A,A,,21:00  Paris Saint-Germain (FRA) v Manchester United (ENG)  1-3 (1-2),UCL 2018.txt,194
UCL_2018_0108,2018/19,2019-03-06,,Round of 16,Round of 16,FC Porto,POR,AS Roma,ITA,3,1,2,1,1,1,,,True,False,H,H,,"FC Porto (POR)          v AS Roma (ITA)            3-1 a.e.t. (2-1, 1-1)",UCL 2018.txt,195
UCL_2018_0109,2018/19,2019-03-12,21:00,Round of 16,Round of 16,Manchester City,ENG,FC Schalke 04,GER,7,0,7,0,3,0,,,False,False,H,H,,21:00  Manchester City (ENG)   v FC Schalke 04 (GER)      7-0 (3-0),UCL 2018.txt,197
UCL_2018_0110,2018/19,2019-03-12,,Round of 16,Round of 16,Juventus,ITA,Atlético Madrid,ESP,3,0,3,0,1,0,,,False,False,H,H,,Juventus (ITA)          v Atlético Madrid (ESP)    3-0 (1-0),UCL 2018.txt,198
UCL_2018_0111,2018/19,2019-03-13,21:00,Round of 16,Round of 16,FC Barcelona,ESP,Olympique Lyonnais,FRA,5,1,5,1,2,0,,,False,False,H,H,,21:00  FC Barcelona (ESP)      v Olympique Lyonnais (FRA)  5-1 (2-0),UCL 2018.txt,200
UCL_2018_0112,2018/19,2019-03-13,,Round of 16,Round of 16,Bayern München,GER,Liverpool FC,ENG,1,3,1,3,1,1,,,False,False,A,A,,Bayern München (GER)    v Liverpool FC (ENG)       1-3 (1-1),UCL 2018.txt,201
UCL_2018_0113,2018/19,2019-04-09,21:00,Quarterfinals,Quarterfinals,Liverpool FC,ENG,FC Porto,POR,2,0,2,0,2,0,,,False,False,H,H,,21:00  Liverpool FC (ENG)      v FC Porto (POR)           2-0 (2-0),UCL 2018.txt,206
UCL_2018_0114,2018/19,2019-04-09,,Quarterfinals,Quarterfinals,Tottenham Hotspur,ENG,Manchester City,ENG,1,0,1,0,0,0,,,False,False,H,H,,Tottenham Hotspur (ENG) v Manchester City (ENG)    1-0 (0-0),UCL 2018.txt,207
UCL_2018_0115,2018/19,2019-04-10,21:00,Quarterfinals,Quarterfinals,AFC Ajax,NED,Juventus,ITA,1,1,1,1,0,1,,,False,False,D,D,,21:00  AFC Ajax (NED)          v Juventus (ITA)           1-1 (0-1),UCL 2018.txt,209
UCL_2018_0116,2018/19,2019-04-10,,Quarterfinals,Quarterfinals,Manchester United,ENG,FC Barcelona,ESP,0,1,0,1,0,1,,,False,False,A,A,,Manchester United (ENG) v FC Barcelona (ESP)       0-1 (0-1),UCL 2018.txt,210
UCL_2018_0117,2018/19,2019-04-16,21:00,Quarterfinals,Quarterfinals,Juventus,ITA,AFC Ajax,NED,1,2,1,2,1,1,,,False,False,A,A,,21:00  Juventus (ITA)          v AFC Ajax (NED)           1-2 (1-1),UCL 2018.txt,212
UCL_2018_0118,2018/19,2019-04-16,,Quarterfinals,Quarterfinals,FC Barcelona,ESP,Manchester United,ENG,3,0,3,0,2,0,,,False,False,H,H,,FC Barcelona (ESP)      v Manchester United (ENG)  3-0 (2-0),UCL 2018.txt,213
UCL_2018_0119,2018/19,2019-04-17,21:00,Quarterfinals,Quarterfinals,FC Porto,POR,Liverpool FC,ENG,1,4,1,4,0,1,,,False,False,A,A,,21:00  FC Porto (POR)          v Liverpool FC (ENG)       1-4 (0-1),UCL 2018.txt,215
UCL_2018_0120,2018/19,2019-04-17,,Quarterfinals,Quarterfinals,Manchester City,ENG,Tottenham Hotspur,ENG,4,3,4,3,3,2,,,False,False,H,H,,Manchester City (ENG)   v Tottenham Hotspur (ENG)  4-3 (3-2),UCL 2018.txt,216
UCL_2018_0121,2018/19,2019-04-30,21:00,Semifinals,Semifinals,Tottenham Hotspur,ENG,AFC Ajax,NED,0,1,0,1,0,1,,,False,False,A,A,,21:00  Tottenham Hotspur (ENG) v AFC Ajax (NED)           0-1 (0-1),UCL 2018.txt,221
UCL_2018_0122,2018/19,2019-05-01,21:00,Semifinals,Semifinals,FC Barcelona,ESP,Liverpool FC,ENG,3,0,3,0,1,0,,,False,False,H,H,,21:00  FC Barcelona (ESP)      v Liverpool FC (ENG)       3-0 (1-0),UCL 2018.txt,223
UCL_2018_0123,2018/19,2019-05-07,21:00,Semifinals,Semifinals,Liverpool FC,ENG,FC Barcelona,ESP,4,0,4,0,1,0,,,False,False,H,H,,21:00  Liverpool FC (ENG)      v FC Barcelona (ESP)       4-0 (1-0),UCL 2018.txt,225
UCL_2018_0124,2018/19,2019-05-08,21:00,Semifinals,Semifinals,AFC Ajax,NED,Tottenham Hotspur,ENG,2,3,2,3,2,0,,,False,False,A,A,,21:00  AFC Ajax (NED)          v Tottenham Hotspur (ENG)  2-3 (2-0),UCL 2018.txt,227
UCL_2018_0125,2018/19,2019-06-01,21:00,Final,Final,Tottenham Hotspur,ENG,Liverpool FC,ENG,0,2,0,2,0,1,,,False,False,A,A,,21:00  Tottenham Hotspur (ENG) v Liverpool FC (ENG)       0-2 (0-1),UCL 2018.txt,232
UCL_2019_0001,2019/20,2019-09-18,18:55,Group,Group A,Club Brugge KV,BEL,Galatasaray,TUR,0,0,0,0,,,,,False,False,D,D,,18:55  Club Brugge KV (BEL)    v Galatasaray (TUR)        0-0,UCL 2019.txt,11
UCL_2019_0002,2019/20,2019-09-18,21:00,Group,Group A,Paris Saint-Germain,FRA,Real Madrid,ESP,3,0,3,0,2,0,,,False,False,H,H,,21:00  Paris Saint-Germain (FRA) v Real Madrid (ESP)        3-0 (2-0),UCL 2019.txt,12
UCL_2019_0003,2019/20,2019-10-01,18:55,Group,Group A,Real Madrid,ESP,Club Brugge KV,BEL,2,2,2,2,0,2,,,False,False,D,D,,18:55  Real Madrid (ESP)       v Club Brugge KV (BEL)     2-2 (0-2),UCL 2019.txt,14
UCL_2019_0004,2019/20,2019-10-01,21:00,Group,Group A,Galatasaray,TUR,Paris Saint-Germain,FRA,0,1,0,1,0,0,,,False,False,A,A,,21:00  Galatasaray (TUR)       v Paris Saint-Germain (FRA)  0-1 (0-0),UCL 2019.txt,15
UCL_2019_0005,2019/20,2019-10-22,21:00,Group,Group A,Club Brugge KV,BEL,Paris Saint-Germain,FRA,0,5,0,5,0,1,,,False,False,A,A,,21:00  Club Brugge KV (BEL)    v Paris Saint-Germain (FRA)  0-5 (0-1),UCL 2019.txt,17
UCL_2019_0006,2019/20,2019-10-22,,Group,Group A,Galatasaray,TUR,Real Madrid,ESP,0,1,0,1,0,1,,,False,False,A,A,,Galatasaray (TUR)       v Real Madrid (ESP)        0-1 (0-1),UCL 2019.txt,18
UCL_2019_0007,2019/20,2019-11-06,21:00,Group,Group A,Paris Saint-Germain,FRA,Club Brugge KV,BEL,1,0,1,0,1,0,,,False,False,H,H,,21:00  Paris Saint-Germain (FRA) v Club Brugge KV (BEL)     1-0 (1-0),UCL 2019.txt,20
UCL_2019_0008,2019/20,2019-11-06,,Group,Group A,Real Madrid,ESP,Galatasaray,TUR,6,0,6,0,4,0,,,False,False,H,H,,Real Madrid (ESP)       v Galatasaray (TUR)        6-0 (4-0),UCL 2019.txt,21
UCL_2019_0009,2019/20,2019-11-26,18:55,Group,Group A,Galatasaray,TUR,Club Brugge KV,BEL,1,1,1,1,1,0,,,False,False,D,D,,18:55  Galatasaray (TUR)       v Club Brugge KV (BEL)     1-1 (1-0),UCL 2019.txt,23
UCL_2019_0010,2019/20,2019-11-26,21:00,Group,Group A,Real Madrid,ESP,Paris Saint-Germain,FRA,2,2,2,2,1,0,,,False,False,D,D,,21:00  Real Madrid (ESP)       v Paris Saint-Germain (FRA)  2-2 (1-0),UCL 2019.txt,24
UCL_2019_0011,2019/20,2019-12-11,21:00,Group,Group A,Paris Saint-Germain,FRA,Galatasaray,TUR,5,0,5,0,2,0,,,False,False,H,H,,21:00  Paris Saint-Germain (FRA) v Galatasaray (TUR)        5-0 (2-0),UCL 2019.txt,26
UCL_2019_0012,2019/20,2019-12-11,,Group,Group A,Club Brugge KV,BEL,Real Madrid,ESP,1,3,1,3,0,0,,,False,False,A,A,,Club Brugge KV (BEL)    v Real Madrid (ESP)        1-3 (0-0),UCL 2019.txt,27
UCL_2019_0013,2019/20,2020-09-18,18:55,Group,Group B,Olympiakos Piraeus,GRE,Tottenham Hotspur,ENG,2,2,2,2,1,2,,,False,False,D,D,,18:55  Olympiakos Piraeus (GRE) v Tottenham Hotspur (ENG)  2-2 (1-2),UCL 2019.txt,32
UCL_2019_0014,2019/20,2020-09-18,21:00,Group,Group B,Bayern München,GER,Crvena Zvezda,SRB,3,0,3,0,1,0,,,False,False,H,H,,21:00  Bayern München (GER)    v Crvena Zvezda (SRB)      3-0 (1-0),UCL 2019.txt,33
UCL_2019_0015,2019/20,2020-10-01,21:00,Group,Group B,Tottenham Hotspur,ENG,Bayern München,GER,2,7,2,7,1,2,,,False,False,A,A,,21:00  Tottenham Hotspur (ENG) v Bayern München (GER)     2-7 (1-2),UCL 2019.txt,35
UCL_2019_0016,2019/20,2020-10-01,,Group,Group B,Crvena Zvezda,SRB,Olympiakos Piraeus,GRE,3,1,3,1,0,1,,,False,False,H,H,,Crvena Zvezda (SRB)     v Olympiakos Piraeus (GRE)  3-1 (0-1),UCL 2019.txt,36
UCL_2019_0017,2019/20,2020-10-22,21:00,Group,Group B,Tottenham Hotspur,ENG,Crvena Zvezda,SRB,5,0,5,0,3,0,,,False,False,H,H,,21:00  Tottenham Hotspur (ENG) v Crvena Zvezda (SRB)      5-0 (3-0),UCL 2019.txt,38
UCL_2019_0018,2019/20,2020-10-22,,Group,Group B,Olympiakos Piraeus,GRE,Bayern München,GER,2,3,2,3,1,1,,,False,False,A,A,,Olympiakos Piraeus (GRE) v Bayern München (GER)     2-3 (1-1),UCL 2019.txt,39
UCL_2019_0019,2019/20,2020-11-06,18:55,Group,Group B,Bayern München,GER,Olympiakos Piraeus,GRE,2,0,2,0,0,0,,,False,False,H,H,,18:55  Bayern München (GER)    v Olympiakos Piraeus (GRE)  2-0 (0-0),UCL 2019.txt,41
UCL_2019_0020,2019/20,2020-11-06,21:00,Group,Group B,Crvena Zvezda,SRB,Tottenham Hotspur,ENG,0,4,0,4,0,1,,,False,False,A,A,,21:00  Crvena Zvezda (SRB)     v Tottenham Hotspur (ENG)  0-4 (0-1),UCL 2019.txt,42
UCL_2019_0021,2019/20,2020-11-26,21:00,Group,Group B,Tottenham Hotspur,ENG,Olympiakos Piraeus,GRE,4,2,4,2,1,2,,,False,False,H,H,,21:00  Tottenham Hotspur (ENG) v Olympiakos Piraeus (GRE)  4-2 (1-2),UCL 2019.txt,44
UCL_2019_0022,2019/20,2020-11-26,,Group,Group B,Crvena Zvezda,SRB,Bayern München,GER,0,6,0,6,0,1,,,False,False,A,A,,Crvena Zvezda (SRB)     v Bayern München (GER)     0-6 (0-1),UCL 2019.txt,45
UCL_2019_0023,2019/20,2020-12-11,21:00,Group,Group B,Bayern München,GER,Tottenham Hotspur,ENG,3,1,3,1,2,1,,,False,False,H,H,,21:00  Bayern München (GER)    v Tottenham Hotspur (ENG)  3-1 (2-1),UCL 2019.txt,47
UCL_2019_0024,2019/20,2020-12-11,,Group,Group B,Olympiakos Piraeus,GRE,Crvena Zvezda,SRB,1,0,1,0,0,0,,,False,False,H,H,,Olympiakos Piraeus (GRE) v Crvena Zvezda (SRB)      1-0 (0-0),UCL 2019.txt,48
UCL_2019_0025,2019/20,2021-09-18,21:00,Group,Group C,Shakhtar Donetsk,UKR,Manchester City,ENG,0,3,0,3,0,2,,,False,False,A,A,,21:00  Shakhtar Donetsk (UKR)  v Manchester City (ENG)    0-3 (0-2),UCL 2019.txt,53
UCL_2019_0026,2019/20,2021-09-18,,Group,Group C,Dinamo Zagreb,CRO,Atalanta,ITA,4,0,4,0,3,0,,,False,False,H,H,,Dinamo Zagreb (CRO)     v Atalanta (ITA)           4-0 (3-0),UCL 2019.txt,54
UCL_2019_0027,2019/20,2021-10-01,18:55,Group,Group C,Atalanta,ITA,Shakhtar Donetsk,UKR,1,2,1,2,1,1,,,False,False,A,A,,18:55  Atalanta (ITA)          v Shakhtar Donetsk (UKR)   1-2 (1-1),UCL 2019.txt,56
UCL_2019_0028,2019/20,2021-10-01,21:00,Group,Group C,Manchester City,ENG,Dinamo Zagreb,CRO,2,0,2,0,0,0,,,False,False,H,H,,21:00  Manchester City (ENG)   v Dinamo Zagreb (CRO)      2-0 (0-0),UCL 2019.txt,57
UCL_2019_0029,2019/20,2021-10-22,18:55,Group,Group C,Shakhtar Donetsk,UKR,Dinamo Zagreb,CRO,2,2,2,2,1,1,,,False,False,D,D,,18:55  Shakhtar Donetsk (UKR)  v Dinamo Zagreb (CRO)      2-2 (1-1),UCL 2019.txt,59
UCL_2019_0030,2019/20,2021-10-22,21:00,Group,Group C,Manchester City,ENG,Atalanta,ITA,5,1,5,1,2,1,,,False,False,H,H,,21:00  Manchester City (ENG)   v Atalanta (ITA)           5-1 (2-1),UCL 2019.txt,60
UCL_2019_0031,2019/20,2021-11-06,21:00,Group,Group C,Dinamo Zagreb,CRO,Shakhtar Donetsk,UKR,3,3,3,3,1,1,,,False,False,D,D,,21:00  Dinamo Zagreb (CRO)     v Shakhtar Donetsk (UKR)   3-3 (1-1),UCL 2019.txt,62
UCL_2019_0032,2019/20,2021-11-06,,Group,Group C,Atalanta,ITA,Manchester City,ENG,1,1,1,1,0,1,,,False,False,D,D,,Atalanta (ITA)          v Manchester City (ENG)    1-1 (0-1),UCL 2019.txt,63
UCL_2019_0033,2019/20,2021-11-26,21:00,Group,Group C,Manchester City,ENG,Shakhtar Donetsk,UKR,1,1,1,1,0,0,,,False,False,D,D,,21:00  Manchester City (ENG)   v Shakhtar Donetsk (UKR)   1-1 (0-0),UCL 2019.txt,65
UCL_2019_0034,2019/20,2021-11-26,,Group,Group C,Atalanta,ITA,Dinamo Zagreb,CRO,2,0,2,0,1,0,,,False,False,H,H,,Atalanta (ITA)          v Dinamo Zagreb (CRO)      2-0 (1-0),UCL 2019.txt,66
UCL_2019_0035,2019/20,2021-12-11,18:55,Group,Group C,Shakhtar Donetsk,UKR,Atalanta,ITA,0,3,0,3,0,0,,,False,False,A,A,,18:55  Shakhtar Donetsk (UKR)  v Atalanta (ITA)           0-3 (0-0),UCL 2019.txt,68
UCL_2019_0036,2019/20,2021-12-11,,Group,Group C,Dinamo Zagreb,CRO,Manchester City,ENG,1,4,1,4,1,1,,,False,False,A,A,,Dinamo Zagreb (CRO)     v Manchester City (ENG)    1-4 (1-1),UCL 2019.txt,69
UCL_2019_0037,2019/20,2022-09-18,21:00,Group,Group D,Atlético Madrid,ESP,Juventus,ITA,2,2,2,2,0,0,,,False,False,D,D,,21:00  Atlético Madrid (ESP)   v Juventus (ITA)           2-2 (0-0),UCL 2019.txt,74
UCL_2019_0038,2019/20,2022-09-18,,Group,Group D,Bayer Leverkusen,GER,Lokomotiv Moskva,RUS,1,2,1,2,1,2,,,False,False,A,A,,Bayer Leverkusen (GER)  v Lokomotiv Moskva (RUS)   1-2 (1-2),UCL 2019.txt,75
UCL_2019_0039,2019/20,2022-10-01,21:00,Group,Group D,Juventus,ITA,Bayer Leverkusen,GER,3,0,3,0,1,0,,,False,False,H,H,,21:00  Juventus (ITA)          v Bayer Leverkusen (GER)   3-0 (1-0),UCL 2019.txt,77
UCL_2019_0040,2019/20,2022-10-01,,Group,Group D,Lokomotiv Moskva,RUS,Atlético Madrid,ESP,0,2,0,2,0,0,,,False,False,A,A,,Lokomotiv Moskva (RUS)  v Atlético Madrid (ESP)    0-2 (0-0),UCL 2019.txt,78
UCL_2019_0041,2019/20,2022-10-22,18:55,Group,Group D,Atlético Madrid,ESP,Bayer Leverkusen,GER,1,0,1,0,0,0,,,False,False,H,H,,18:55  Atlético Madrid (ESP)   v Bayer Leverkusen (GER)   1-0 (0-0),UCL 2019.txt,80
UCL_2019_0042,2019/20,2022-10-22,21:00,Group,Group D,Juventus,ITA,Lokomotiv Moskva,RUS,2,1,2,1,0,1,,,False,False,H,H,,21:00  Juventus (ITA)          v Lokomotiv Moskva (RUS)   2-1 (0-1),UCL 2019.txt,81
UCL_2019_0043,2019/20,2022-11-06,18:55,Group,Group D,Lokomotiv Moskva,RUS,Juventus,ITA,1,2,1,2,1,1,,,False,False,A,A,,18:55  Lokomotiv Moskva (RUS)  v Juventus (ITA)           1-2 (1-1),UCL 2019.txt,83
UCL_2019_0044,2019/20,2022-11-06,21:00,Group,Group D,Bayer Leverkusen,GER,Atlético Madrid,ESP,2,1,2,1,1,0,,,False,False,H,H,,21:00  Bayer Leverkusen (GER)  v Atlético Madrid (ESP)    2-1 (1-0),UCL 2019.txt,84
UCL_2019_0045,2019/20,2022-11-26,18:55,Group,Group D,Lokomotiv Moskva,RUS,Bayer Leverkusen,GER,0,2,0,2,0,1,,,False,False,A,A,,18:55  Lokomotiv Moskva (RUS)  v Bayer Leverkusen (GER)   0-2 (0-1),UCL 2019.txt,86
UCL_2019_0046,2019/20,2022-11-26,21:00,Group,Group D,Juventus,ITA,Atlético Madrid,ESP,1,0,1,0,1,0,,,False,False,H,H,,21:00  Juventus (ITA)          v Atlético Madrid (ESP)    1-0 (1-0),UCL 2019.txt,87
UCL_2019_0047,2019/20,2022-12-11,21:00,Group,Group D,Atlético Madrid,ESP,Lokomotiv Moskva,RUS,2,0,2,0,1,0,,,False,False,H,H,,21:00  Atlético Madrid (ESP)   v Lokomotiv Moskva (RUS)   2-0 (1-0),UCL 2019.txt,89
UCL_2019_0048,2019/20,2022-12-11,,Group,Group D,Bayer Leverkusen,GER,Juventus,ITA,0,2,0,2,0,0,,,False,False,A,A,,Bayer Leverkusen (GER)  v Juventus (ITA)           0-2 (0-0),UCL 2019.txt,90
UCL_2019_0049,2019/20,2023-09-17,21:00,Group,Group E,SSC Napoli,ITA,Liverpool FC,ENG,2,0,2,0,0,0,,,False,False,H,H,,21:00  SSC Napoli (ITA)        v Liverpool FC (ENG)       2-0 (0-0),UCL 2019.txt,95
UCL_2019_0050,2019/20,2023-09-17,,Group,Group E,RB Salzburg,AUT,KRC Genk,BEL,6,2,6,2,5,1,,,False,False,H,H,,RB Salzburg (AUT)       v KRC Genk (BEL)           6-2 (5-1),UCL 2019.txt,96
UCL_2019_0051,2019/20,2023-10-02,18:55,Group,Group E,KRC Genk,BEL,SSC Napoli,ITA,0,0,0,0,,,,,False,False,D,D,,18:55  KRC Genk (BEL)          v SSC Napoli (ITA)         0-0,UCL 2019.txt,98
UCL_2019_0052,2019/20,2023-10-02,21:00,Group,Group E,Liverpool FC,ENG,RB Salzburg,AUT,4,3,4,3,3,1,,,False,False,H,H,,21:00  Liverpool FC (ENG)      v RB Salzburg (AUT)        4-3 (3-1),UCL 2019.txt,99
UCL_2019_0053,2019/20,2023-10-23,21:00,Group,Group E,RB Salzburg,AUT,SSC Napoli,ITA,2,3,2,3,1,1,,,False,False,A,A,,21:00  RB Salzburg (AUT)       v SSC Napoli (ITA)         2-3 (1-1),UCL 2019.txt,101
UCL_2019_0054,2019/20,2023-10-23,,Group,Group E,KRC Genk,BEL,Liverpool FC,ENG,1,4,1,4,0,1,,,False,False,A,A,,KRC Genk (BEL)          v Liverpool FC (ENG)       1-4 (0-1),UCL 2019.txt,102
UCL_2019_0055,2019/20,2023-11-05,21:00,Group,Group E,Liverpool FC,ENG,KRC Genk,BEL,2,1,2,1,1,1,,,False,False,H,H,,21:00  Liverpool FC (ENG)      v KRC Genk (BEL)           2-1 (1-1),UCL 2019.txt,104
UCL_2019_0056,2019/20,2023-11-05,,Group,Group E,SSC Napoli,ITA,RB Salzburg,AUT,1,1,1,1,1,1,,,False,False,D,D,,SSC Napoli (ITA)        v RB Salzburg (AUT)        1-1 (1-1),UCL 2019.txt,105
UCL_2019_0057,2019/20,2023-11-27,21:00,Group,Group E,Liverpool FC,ENG,SSC Napoli,ITA,1,1,1,1,0,1,,,False,False,D,D,,21:00  Liverpool FC (ENG)      v SSC Napoli (ITA)         1-1 (0-1),UCL 2019.txt,107
UCL_2019_0058,2019/20,2023-11-27,,Group,Group E,KRC Genk,BEL,RB Salzburg,AUT,1,4,1,4,0,2,,,False,False,A,A,,KRC Genk (BEL)          v RB Salzburg (AUT)        1-4 (0-2),UCL 2019.txt,108
UCL_2019_0059,2019/20,2023-12-10,18:55,Group,Group E,SSC Napoli,ITA,KRC Genk,BEL,4,0,4,0,3,0,,,False,False,H,H,,18:55  SSC Napoli (ITA)        v KRC Genk (BEL)           4-0 (3-0),UCL 2019.txt,110
UCL_2019_0060,2019/20,2023-12-10,,Group,Group E,RB Salzburg,AUT,Liverpool FC,ENG,0,2,0,2,0,0,,,False,False,A,A,,RB Salzburg (AUT)       v Liverpool FC (ENG)       0-2 (0-0),UCL 2019.txt,111
UCL_2019_0061,2019/20,2024-09-17,18:55,Group,Group F,Inter,ITA,Slavia Praha,CZE,1,1,1,1,0,0,,,False,False,D,D,,18:55  Inter (ITA)             v Slavia Praha (CZE)       1-1 (0-0),UCL 2019.txt,116
UCL_2019_0062,2019/20,2024-09-17,21:00,Group,Group F,Borussia Dortmund,GER,FC Barcelona,ESP,0,0,0,0,,,,,False,False,D,D,,21:00  Borussia Dortmund (GER) v FC Barcelona (ESP)       0-0,UCL 2019.txt,117
UCL_2019_0063,2019/20,2024-10-02,18:55,Group,Group F,Slavia Praha,CZE,Borussia Dortmund,GER,0,2,0,2,0,1,,,False,False,A,A,,18:55  Slavia Praha (CZE)      v Borussia Dortmund (GER)  0-2 (0-1),UCL 2019.txt,119
UCL_2019_0064,2019/20,2024-10-02,21:00,Group,Group F,FC Barcelona,ESP,Inter,ITA,2,1,2,1,0,1,,,False,False,H,H,,21:00  FC Barcelona (ESP)      v Inter (ITA)              2-1 (0-1),UCL 2019.txt,120
UCL_2019_0065,2019/20,2024-10-23,21:00,Group,Group F,Inter,ITA,Borussia Dortmund,GER,2,0,2,0,1,0,,,False,False,H,H,,21:00  Inter (ITA)             v Borussia Dortmund (GER)  2-0 (1-0),UCL 2019.txt,122
UCL_2019_0066,2019/20,2024-10-23,,Group,Group F,Slavia Praha,CZE,FC Barcelona,ESP,1,2,1,2,0,1,,,False,False,A,A,,Slavia Praha (CZE)      v FC Barcelona (ESP)       1-2 (0-1),UCL 2019.txt,123
UCL_2019_0067,2019/20,2024-11-05,18:55,Group,Group F,FC Barcelona,ESP,Slavia Praha,CZE,0,0,0,0,,,,,False,False,D,D,,18:55  FC Barcelona (ESP)      v Slavia Praha (CZE)       0-0,UCL 2019.txt,125
UCL_2019_0068,2019/20,2024-11-05,21:00,Group,Group F,Borussia Dortmund,GER,Inter,ITA,3,2,3,2,0,2,,,False,False,H,H,,21:00  Borussia Dortmund (GER) v Inter (ITA)              3-2 (0-2),UCL 2019.txt,126
UCL_2019_0069,2019/20,2024-11-27,21:00,Group,Group F,FC Barcelona,ESP,Borussia Dortmund,GER,3,1,3,1,2,0,,,False,False,H,H,,21:00  FC Barcelona (ESP)      v Borussia Dortmund (GER)  3-1 (2-0),UCL 2019.txt,128
UCL_2019_0070,2019/20,2024-11-27,,Group,Group F,Slavia Praha,CZE,Inter,ITA,1,3,1,3,1,1,,,False,False,A,A,,Slavia Praha (CZE)      v Inter (ITA)              1-3 (1-1),UCL 2019.txt,129
UCL_2019_0071,2019/20,2024-12-10,21:00,Group,Group F,Borussia Dortmund,GER,Slavia Praha,CZE,2,1,2,1,1,1,,,False,False,H,H,,21:00  Borussia Dortmund (GER) v Slavia Praha (CZE)       2-1 (1-1),UCL 2019.txt,131
UCL_2019_0072,2019/20,2024-12-10,,Group,Group F,Inter,ITA,FC Barcelona,ESP,1,2,1,2,1,1,,,False,False,A,A,,Inter (ITA)             v FC Barcelona (ESP)       1-2 (1-1),UCL 2019.txt,132
UCL_2019_0073,2019/20,2025-09-17,18:55,Group,Group G,Olympique Lyonnais,FRA,Zenit St. Petersburg,RUS,1,1,1,1,0,1,,,False,False,D,D,,18:55  Olympique Lyonnais (FRA) v Zenit St. Petersburg (RUS)  1-1 (0-1),UCL 2019.txt,137
UCL_2019_0074,2019/20,2025-09-17,21:00,Group,Group G,SL Benfica,POR,RB Leipzig,GER,1,2,1,2,0,0,,,False,False,A,A,,21:00  SL Benfica (POR)        v RB Leipzig (GER)         1-2 (0-0),UCL 2019.txt,138
UCL_2019_0075,2019/20,2025-10-02,21:00,Group,Group G,Zenit St. Petersburg,RUS,SL Benfica,POR,3,1,3,1,1,0,,,False,False,H,H,,21:00  Zenit St. Petersburg (RUS) v SL Benfica (POR)         3-1 (1-0),UCL 2019.txt,140
UCL_2019_0076,2019/20,2025-10-02,,Group,Group G,RB Leipzig,GER,Olympique Lyonnais,FRA,0,2,0,2,0,1,,,False,False,A,A,,RB Leipzig (GER)        v Olympique Lyonnais (FRA)  0-2 (0-1),UCL 2019.txt,141
UCL_2019_0077,2019/20,2025-10-23,18:55,Group,Group G,RB Leipzig,GER,Zenit St. Petersburg,RUS,2,1,2,1,0,1,,,False,False,H,H,,18:55  RB Leipzig (GER)        v Zenit St. Petersburg (RUS)  2-1 (0-1),UCL 2019.txt,143
UCL_2019_0078,2019/20,2025-10-23,21:00,Group,Group G,SL Benfica,POR,Olympique Lyonnais,FRA,2,1,2,1,1,0,,,False,False,H,H,,21:00  SL Benfica (POR)        v Olympique Lyonnais (FRA)  2-1 (1-0),UCL 2019.txt,144
UCL_2019_0079,2019/20,2025-11-05,18:55,Group,Group G,Zenit St. Petersburg,RUS,RB Leipzig,GER,0,2,0,2,0,1,,,False,False,A,A,,18:55  Zenit St. Petersburg (RUS) v RB Leipzig (GER)         0-2 (0-1),UCL 2019.txt,146
UCL_2019_0080,2019/20,2025-11-05,21:00,Group,Group G,Olympique Lyonnais,FRA,SL Benfica,POR,3,1,3,1,2,0,,,False,False,H,H,,21:00  Olympique Lyonnais (FRA) v SL Benfica (POR)         3-1 (2-0),UCL 2019.txt,147
UCL_2019_0081,2019/20,2025-11-27,18:55,Group,Group G,Zenit St. Petersburg,RUS,Olympique Lyonnais,FRA,2,0,2,0,1,0,,,False,False,H,H,,18:55  Zenit St. Petersburg (RUS) v Olympique Lyonnais (FRA)  2-0 (1-0),UCL 2019.txt,149
UCL_2019_0082,2019/20,2025-11-27,21:00,Group,Group G,RB Leipzig,GER,SL Benfica,POR,2,2,2,2,0,1,,,False,False,D,D,,21:00  RB Leipzig (GER)        v SL Benfica (POR)         2-2 (0-1),UCL 2019.txt,150
UCL_2019_0083,2019/20,2025-12-10,21:00,Group,Group G,SL Benfica,POR,Zenit St. Petersburg,RUS,3,0,3,0,0,0,,,False,False,H,H,,21:00  SL Benfica (POR)        v Zenit St. Petersburg (RUS)  3-0 (0-0),UCL 2019.txt,152
UCL_2019_0084,2019/20,2025-12-10,,Group,Group G,Olympique Lyonnais,FRA,RB Leipzig,GER,2,2,2,2,0,2,,,False,False,D,D,,Olympique Lyonnais (FRA) v RB Leipzig (GER)         2-2 (0-2),UCL 2019.txt,153
UCL_2019_0085,2019/20,2026-09-17,21:00,Group,Group H,Chelsea FC,ENG,Valencia CF,ESP,0,1,0,1,0,0,,,False,False,A,A,,21:00  Chelsea FC (ENG)        v Valencia CF (ESP)        0-1 (0-0),UCL 2019.txt,158
UCL_2019_0086,2019/20,2026-09-17,,Group,Group H,AFC Ajax,NED,Lille OSC,FRA,3,0,3,0,1,0,,,False,False,H,H,,AFC Ajax (NED)          v Lille OSC (FRA)          3-0 (1-0),UCL 2019.txt,159
UCL_2019_0087,2019/20,2026-10-02,21:00,Group,Group H,Valencia CF,ESP,AFC Ajax,NED,0,3,0,3,0,2,,,False,False,A,A,,21:00  Valencia CF (ESP)       v AFC Ajax (NED)           0-3 (0-2),UCL 2019.txt,161
UCL_2019_0088,2019/20,2026-10-02,,Group,Group H,Lille OSC,FRA,Chelsea FC,ENG,1,2,1,2,1,1,,,False,False,A,A,,Lille OSC (FRA)         v Chelsea FC (ENG)         1-2 (1-1),UCL 2019.txt,162
UCL_2019_0089,2019/20,2026-10-23,18:55,Group,Group H,AFC Ajax,NED,Chelsea FC,ENG,0,1,0,1,0,0,,,False,False,A,A,,18:55  AFC Ajax (NED)          v Chelsea FC (ENG)         0-1 (0-0),UCL 2019.txt,164
UCL_2019_0090,2019/20,2026-10-23,21:00,Group,Group H,Lille OSC,FRA,Valencia CF,ESP,1,1,1,1,0,0,,,False,False,D,D,,21:00  Lille OSC (FRA)         v Valencia CF (ESP)        1-1 (0-0),UCL 2019.txt,165
UCL_2019_0091,2019/20,2026-11-05,21:00,Group,Group H,Chelsea FC,ENG,AFC Ajax,NED,4,4,4,4,1,3,,,False,False,D,D,,21:00  Chelsea FC (ENG)        v AFC Ajax (NED)           4-4 (1-3),UCL 2019.txt,167
UCL_2019_0092,2019/20,2026-11-05,,Group,Group H,Valencia CF,ESP,Lille OSC,FRA,4,1,4,1,0,1,,,False,False,H,H,,Valencia CF (ESP)       v Lille OSC (FRA)          4-1 (0-1),UCL 2019.txt,168
UCL_2019_0093,2019/20,2026-11-27,18:55,Group,Group H,Valencia CF,ESP,Chelsea FC,ENG,2,2,2,2,1,1,,,False,False,D,D,,18:55  Valencia CF (ESP)       v Chelsea FC (ENG)         2-2 (1-1),UCL 2019.txt,170
UCL_2019_0094,2019/20,2026-11-27,21:00,Group,Group H,Lille OSC,FRA,AFC Ajax,NED,0,2,0,2,0,1,,,False,False,A,A,,21:00  Lille OSC (FRA)         v AFC Ajax (NED)           0-2 (0-1),UCL 2019.txt,171
UCL_2019_0095,2019/20,2026-12-10,21:00,Group,Group H,Chelsea FC,ENG,Lille OSC,FRA,2,1,2,1,2,0,,,False,False,H,H,,21:00  Chelsea FC (ENG)        v Lille OSC (FRA)          2-1 (2-0),UCL 2019.txt,173
UCL_2019_0096,2019/20,2026-12-10,,Group,Group H,AFC Ajax,NED,Valencia CF,ESP,0,1,0,1,0,1,,,False,False,A,A,,AFC Ajax (NED)          v Valencia CF (ESP)        0-1 (0-1),UCL 2019.txt,174
UCL_2019_0097,2019/20,2020-02-18,21:00,Round of 16,Round of 16,Borussia Dortmund,GER,Paris Saint-Germain,FRA,2,1,2,1,0,0,,,False,False,H,H,,21:00  Borussia Dortmund (GER) v Paris Saint-Germain (FRA)  2-1 (0-0),UCL 2019.txt,179
UCL_2019_0098,2019/20,2020-02-18,,Round of 16,Round of 16,Atlético Madrid,ESP,Liverpool FC,ENG,1,0,1,0,1,0,,,False,False,H,H,,Atlético Madrid (ESP)   v Liverpool FC (ENG)       1-0 (1-0),UCL 2019.txt,180
UCL_2019_0099,2019/20,2020-02-19,21:00,Round of 16,Round of 16,Atalanta,ITA,Valencia CF,ESP,4,1,4,1,2,0,,,False,False,H,H,,21:00  Atalanta (ITA)          v Valencia CF (ESP)        4-1 (2-0),UCL 2019.txt,182
UCL_2019_0100,2019/20,2020-02-19,,Round of 16,Round of 16,Tottenham Hotspur,ENG,RB Leipzig,GER,0,1,0,1,0,0,,,False,False,A,A,,Tottenham Hotspur (ENG) v RB Leipzig (GER)         0-1 (0-0),UCL 2019.txt,183
UCL_2019_0101,2019/20,2020-02-25,21:00,Round of 16,Round of 16,Chelsea FC,ENG,Bayern München,GER,0,3,0,3,0,0,,,False,False,A,A,,21:00  Chelsea FC (ENG)        v Bayern München (GER)     0-3 (0-0),UCL 2019.txt,185
UCL_2019_0102,2019/20,2020-02-25,,Round of 16,Round of 16,SSC Napoli,ITA,FC Barcelona,ESP,1,1,1,1,1,0,,,False,False,D,D,,SSC Napoli (ITA)        v FC Barcelona (ESP)       1-1 (1-0),UCL 2019.txt,186
UCL_2019_0103,2019/20,2020-02-26,21:00,Round of 16,Round of 16,Real Madrid,ESP,Manchester City,ENG,1,2,1,2,0,0,,,False,False,A,A,,21:00  Real Madrid (ESP)       v Manchester City (ENG)    1-2 (0-0),UCL 2019.txt,188
UCL_2019_0104,2019/20,2020-02-26,,Round of 16,Round of 16,Olympique Lyonnais,FRA,Juventus,ITA,1,0,1,0,1,0,,,False,False,H,H,,Olympique Lyonnais (FRA) v Juventus (ITA)           1-0 (1-0),UCL 2019.txt,189
UCL_2019_0105,2019/20,2020-03-10,21:00,Round of 16,Round of 16,Valencia CF,ESP,Atalanta,ITA,3,4,3,4,1,2,,,False,False,A,A,,21:00  Valencia CF (ESP)       v Atalanta (ITA)           3-4 (1-2),UCL 2019.txt,191
UCL_2019_0106,2019/20,2020-03-10,,Round of 16,Round of 16,RB Leipzig,GER,Tottenham Hotspur,ENG,3,0,3,0,2,0,,,False,False,H,H,,RB Leipzig (GER)        v Tottenham Hotspur (ENG)  3-0 (2-0),UCL 2019.txt,192
UCL_2019_0107,2019/20,2020-03-11,21:00,Round of 16,Round of 16,Paris Saint-Germain,FRA,Borussia Dortmund,GER,2,0,2,0,2,0,,,False,False,H,H,,21:00  Paris Saint-Germain (FRA) v Borussia Dortmund (GER)  2-0 (2-0),UCL 2019.txt,194
UCL_2019_0108,2019/20,2020-03-11,,Round of 16,Round of 16,Liverpool FC,ENG,Atlético Madrid,ESP,2,3,1,0,1,0,,,True,False,H,A,,"Liverpool FC (ENG)      v Atlético Madrid (ESP)    2-3 a.e.t. (1-0, 1-0)",UCL 2019.txt,195
UCL_2019_0109,2019/20,2020-08-07,21:00,Round of 16,Round of 16,Manchester City,ENG,Real Madrid,ESP,2,1,2,1,1,1,,,False,False,H,H,,21:00  Manchester City (ENG)   v Real Madrid (ESP)        2-1 (1-1),UCL 2019.txt,197
UCL_2019_0110,2019/20,2020-08-07,,Round of 16,Round of 16,Juventus,ITA,Olympique Lyonnais,FRA,2,1,2,1,1,1,,,False,False,H,H,,Juventus (ITA)          v Olympique Lyonnais (FRA)  2-1 (1-1),UCL 2019.txt,198
UCL_2019_0111,2019/20,2020-08-08,21:00,Round of 16,Round of 16,Bayern München,GER,Chelsea FC,ENG,4,1,4,1,2,1,,,False,False,H,H,,21:00  Bayern München (GER)    v Chelsea FC (ENG)         4-1 (2-1),UCL 2019.txt,200
UCL_2019_0112,2019/20,2020-08-08,,Round of 16,Round of 16,FC Barcelona,ESP,SSC Napoli,ITA,3,1,3,1,3,1,,,False,False,H,H,,FC Barcelona (ESP)      v SSC Napoli (ITA)         3-1 (3-1),UCL 2019.txt,201
UCL_2019_0113,2019/20,2020-08-12,21:00,Quarterfinals,Quarterfinals,Atalanta,ITA,Paris Saint-Germain,FRA,1,2,1,2,1,0,,,False,False,A,A,,21:00  Atalanta (ITA)          v Paris Saint-Germain (FRA)  1-2 (1-0),UCL 2019.txt,206
UCL_2019_0114,2019/20,2020-08-13,21:00,Quarterfinals,Quarterfinals,RB Leipzig,GER,Atlético Madrid,ESP,2,1,2,1,0,0,,,False,False,H,H,,21:00  RB Leipzig (GER)        v Atlético Madrid (ESP)    2-1 (0-0),UCL 2019.txt,208
UCL_2019_0115,2019/20,2020-08-14,21:00,Quarterfinals,Quarterfinals,FC Barcelona,ESP,Bayern München,GER,2,8,2,8,1,4,,,False,False,A,A,,21:00  FC Barcelona (ESP)      v Bayern München (GER)     2-8 (1-4),UCL 2019.txt,210
UCL_2019_0116,2019/20,2020-08-15,21:00,Quarterfinals,Quarterfinals,Manchester City,ENG,Olympique Lyonnais,FRA,1,3,1,3,0,1,,,False,False,A,A,,21:00  Manchester City (ENG)   v Olympique Lyonnais (FRA)  1-3 (0-1),UCL 2019.txt,212
UCL_2019_0117,2019/20,2020-08-18,21:00,Semifinals,Semifinals,RB Leipzig,GER,Paris Saint-Germain,FRA,0,3,0,3,0,2,,,False,False,A,A,,21:00  RB Leipzig (GER)        v Paris Saint-Germain (FRA)  0-3 (0-2),UCL 2019.txt,217
UCL_2019_0118,2019/20,2020-08-19,21:00,Semifinals,Semifinals,Olympique Lyonnais,FRA,Bayern München,GER,0,3,0,3,0,2,,,False,False,A,A,,21:00  Olympique Lyonnais (FRA) v Bayern München (GER)     0-3 (0-2),UCL 2019.txt,219
UCL_2019_0119,2019/20,2020-08-23,21:00,Final,Final,Paris Saint-Germain,FRA,Bayern München,GER,0,1,0,1,0,0,,,False,False,A,A,,21:00  Paris Saint-Germain (FRA) v Bayern München (GER)     0-1 (0-0),UCL 2019.txt,224
UCL_2020_0001,2020/21,2020-10-21,18:55,Group,Group A,RB Salzburg,AUT,Lokomotiv Moskva,RUS,2,2,2,2,1,1,,,False,False,D,D,,18:55  RB Salzburg (AUT)       v Lokomotiv Moskva (RUS)   2-2 (1-1),UCL 2020.txt,11
UCL_2020_0002,2020/21,2020-10-21,21:00,Group,Group A,Bayern München,GER,Atlético Madrid,ESP,4,0,4,0,2,0,,,False,False,H,H,,21:00  Bayern München (GER)    v Atlético Madrid (ESP)    4-0 (2-0),UCL 2020.txt,12
UCL_2020_0003,2020/21,2020-10-27,18:55,Group,Group A,Lokomotiv Moskva,RUS,Bayern München,GER,1,2,1,2,0,1,,,False,False,A,A,,18:55  Lokomotiv Moskva (RUS)  v Bayern München (GER)     1-2 (0-1),UCL 2020.txt,14
UCL_2020_0004,2020/21,2020-10-27,21:00,Group,Group A,Atlético Madrid,ESP,RB Salzburg,AUT,3,2,3,2,1,1,,,False,False,H,H,,21:00  Atlético Madrid (ESP)   v RB Salzburg (AUT)        3-2 (1-1),UCL 2020.txt,15
UCL_2020_0005,2020/21,2020-11-03,18:55,Group,Group A,Lokomotiv Moskva,RUS,Atlético Madrid,ESP,1,1,1,1,1,1,,,False,False,D,D,,18:55  Lokomotiv Moskva (RUS)  v Atlético Madrid (ESP)    1-1 (1-1),UCL 2020.txt,17
UCL_2020_0006,2020/21,2020-11-03,21:00,Group,Group A,RB Salzburg,AUT,Bayern München,GER,2,6,2,6,1,2,,,False,False,A,A,,21:00  RB Salzburg (AUT)       v Bayern München (GER)     2-6 (1-2),UCL 2020.txt,18
UCL_2020_0007,2020/21,2020-11-25,21:00,Group,Group A,Atlético Madrid,ESP,Lokomotiv Moskva,RUS,0,0,0,0,,,,,False,False,D,D,,21:00  Atlético Madrid (ESP)   v Lokomotiv Moskva (RUS)   0-0,UCL 2020.txt,20
UCL_2020_0008,2020/21,2020-11-25,,Group,Group A,Bayern München,GER,RB Salzburg,AUT,3,1,3,1,1,0,,,False,False,H,H,,Bayern München (GER)    v RB Salzburg (AUT)        3-1 (1-0),UCL 2020.txt,21
UCL_2020_0009,2020/21,2020-12-01,18:55,Group,Group A,Lokomotiv Moskva,RUS,RB Salzburg,AUT,1,3,1,3,0,2,,,False,False,A,A,,18:55  Lokomotiv Moskva (RUS)  v RB Salzburg (AUT)        1-3 (0-2),UCL 2020.txt,23
UCL_2020_0010,2020/21,2020-12-01,21:00,Group,Group A,Atlético Madrid,ESP,Bayern München,GER,1,1,1,1,1,0,,,False,False,D,D,,21:00  Atlético Madrid (ESP)   v Bayern München (GER)     1-1 (1-0),UCL 2020.txt,24
UCL_2020_0011,2020/21,2020-12-09,21:00,Group,Group A,Bayern München,GER,Lokomotiv Moskva,RUS,2,0,2,0,0,0,,,False,False,H,H,,21:00  Bayern München (GER)    v Lokomotiv Moskva (RUS)   2-0 (0-0),UCL 2020.txt,26
UCL_2020_0012,2020/21,2020-12-09,,Group,Group A,RB Salzburg,AUT,Atlético Madrid,ESP,0,2,0,2,0,1,,,False,False,A,A,,RB Salzburg (AUT)       v Atlético Madrid (ESP)    0-2 (0-1),UCL 2020.txt,27
UCL_2020_0013,2020/21,2021-10-21,18:55,Group,Group B,Real Madrid,ESP,Shakhtar Donetsk,UKR,2,3,2,3,0,3,,,False,False,A,A,,18:55  Real Madrid (ESP)       v Shakhtar Donetsk (UKR)   2-3 (0-3),UCL 2020.txt,32
UCL_2020_0014,2020/21,2021-10-21,21:00,Group,Group B,Inter,ITA,Bor. Mönchengladbach,GER,2,2,2,2,0,0,,,False,False,D,D,,21:00  Inter (ITA)             v Bor. Mönchengladbach (GER)  2-2 (0-0),UCL 2020.txt,33
UCL_2020_0015,2020/21,2021-10-27,18:55,Group,Group B,Shakhtar Donetsk,UKR,Inter,ITA,0,0,0,0,,,,,False,False,D,D,,18:55  Shakhtar Donetsk (UKR)  v Inter (ITA)              0-0,UCL 2020.txt,35
UCL_2020_0016,2020/21,2021-10-27,21:00,Group,Group B,Bor. Mönchengladbach,GER,Real Madrid,ESP,2,2,2,2,1,0,,,False,False,D,D,,21:00  Bor. Mönchengladbach (GER) v Real Madrid (ESP)        2-2 (1-0),UCL 2020.txt,36
UCL_2020_0017,2020/21,2021-11-03,18:55,Group,Group B,Shakhtar Donetsk,UKR,Bor. Mönchengladbach,GER,0,6,0,6,0,4,,,False,False,A,A,,18:55  Shakhtar Donetsk (UKR)  v Bor. Mönchengladbach (GER)  0-6 (0-4),UCL 2020.txt,38
UCL_2020_0018,2020/21,2021-11-03,21:00,Group,Group B,Real Madrid,ESP,Inter,ITA,3,2,3,2,2,1,,,False,False,H,H,,21:00  Real Madrid (ESP)       v Inter (ITA)              3-2 (2-1),UCL 2020.txt,39
UCL_2020_0019,2020/21,2021-11-25,18:55,Group,Group B,Bor. Mönchengladbach,GER,Shakhtar Donetsk,UKR,4,0,4,0,3,0,,,False,False,H,H,,18:55  Bor. Mönchengladbach (GER) v Shakhtar Donetsk (UKR)   4-0 (3-0),UCL 2020.txt,41
UCL_2020_0020,2020/21,2021-11-25,21:00,Group,Group B,Inter,ITA,Real Madrid,ESP,0,2,0,2,0,1,,,False,False,A,A,,21:00  Inter (ITA)             v Real Madrid (ESP)        0-2 (0-1),UCL 2020.txt,42
UCL_2020_0021,2020/21,2021-12-01,18:55,Group,Group B,Shakhtar Donetsk,UKR,Real Madrid,ESP,2,0,2,0,0,0,,,False,False,H,H,,18:55  Shakhtar Donetsk (UKR)  v Real Madrid (ESP)        2-0 (0-0),UCL 2020.txt,44
UCL_2020_0022,2020/21,2021-12-01,21:00,Group,Group B,Bor. Mönchengladbach,GER,Inter,ITA,2,3,2,3,1,1,,,False,False,A,A,,21:00  Bor. Mönchengladbach (GER) v Inter (ITA)              2-3 (1-1),UCL 2020.txt,45
UCL_2020_0023,2020/21,2021-12-09,21:00,Group,Group B,Inter,ITA,Shakhtar Donetsk,UKR,0,0,0,0,,,,,False,False,D,D,,21:00  Inter (ITA)             v Shakhtar Donetsk (UKR)   0-0,UCL 2020.txt,47
UCL_2020_0024,2020/21,2021-12-09,,Group,Group B,Real Madrid,ESP,Bor. Mönchengladbach,GER,2,0,2,0,2,0,,,False,False,H,H,,Real Madrid (ESP)       v Bor. Mönchengladbach (GER)  2-0 (2-0),UCL 2020.txt,48
UCL_2020_0025,2020/21,2022-10-21,21:00,Group,Group C,Manchester City,ENG,FC Porto,POR,3,1,3,1,1,1,,,False,False,H,H,,21:00  Manchester City (ENG)   v FC Porto (POR)           3-1 (1-1),UCL 2020.txt,53
UCL_2020_0026,2020/21,2022-10-21,,Group,Group C,Olympiakos Piraeus,GRE,Olympique Marseille,FRA,1,0,1,0,0,0,,,False,False,H,H,,Olympiakos Piraeus (GRE) v Olympique Marseille (FRA)  1-0 (0-0),UCL 2020.txt,54
UCL_2020_0027,2020/21,2022-10-27,21:00,Group,Group C,FC Porto,POR,Olympiakos Piraeus,GRE,2,0,2,0,1,0,,,False,False,H,H,,21:00  FC Porto (POR)          v Olympiakos Piraeus (GRE)  2-0 (1-0),UCL 2020.txt,56
UCL_2020_0028,2020/21,2022-10-27,,Group,Group C,Olympique Marseille,FRA,Manchester City,ENG,0,3,0,3,0,1,,,False,False,A,A,,Olympique Marseille (FRA) v Manchester City (ENG)    0-3 (0-1),UCL 2020.txt,57
UCL_2020_0029,2020/21,2022-11-03,21:00,Group,Group C,FC Porto,POR,Olympique Marseille,FRA,3,0,3,0,2,0,,,False,False,H,H,,21:00  FC Porto (POR)          v Olympique Marseille (FRA)  3-0 (2-0),UCL 2020.txt,59
UCL_2020_0030,2020/21,2022-11-03,,Group,Group C,Manchester City,ENG,Olympiakos Piraeus,GRE,3,0,3,0,1,0,,,False,False,H,H,,Manchester City (ENG)   v Olympiakos Piraeus (GRE)  3-0 (1-0),UCL 2020.txt,60
UCL_2020_0031,2020/21,2022-11-25,18:55,Group,Group C,Olympiakos Piraeus,GRE,Manchester City,ENG,0,1,0,1,0,1,,,False,False,A,A,,18:55  Olympiakos Piraeus (GRE) v Manchester City (ENG)    0-1 (0-1),UCL 2020.txt,62
UCL_2020_0032,2020/21,2022-11-25,21:00,Group,Group C,Olympique Marseille,FRA,FC Porto,POR,0,2,0,2,0,1,,,False,False,A,A,,21:00  Olympique Marseille (FRA) v FC Porto (POR)           0-2 (0-1),UCL 2020.txt,63
UCL_2020_0033,2020/21,2022-12-01,21:00,Group,Group C,FC Porto,POR,Manchester City,ENG,0,0,0,0,,,,,False,False,D,D,,21:00  FC Porto (POR)          v Manchester City (ENG)    0-0,UCL 2020.txt,65
UCL_2020_0034,2020/21,2022-12-01,,Group,Group C,Olympique Marseille,FRA,Olympiakos Piraeus,GRE,2,1,2,1,0,1,,,False,False,H,H,,Olympique Marseille (FRA) v Olympiakos Piraeus (GRE)  2-1 (0-1),UCL 2020.txt,66
UCL_2020_0035,2020/21,2022-12-09,21:00,Group,Group C,Manchester City,ENG,Olympique Marseille,FRA,3,0,3,0,0,0,,,False,False,H,H,,21:00  Manchester City (ENG)   v Olympique Marseille (FRA)  3-0 (0-0),UCL 2020.txt,68
UCL_2020_0036,2020/21,2022-12-09,,Group,Group C,Olympiakos Piraeus,GRE,FC Porto,POR,0,2,0,2,0,1,,,False,False,A,A,,Olympiakos Piraeus (GRE) v FC Porto (POR)           0-2 (0-1),UCL 2020.txt,69
UCL_2020_0037,2020/21,2023-10-21,21:00,Group,Group D,AFC Ajax,NED,Liverpool FC,ENG,0,1,0,1,0,1,,,False,False,A,A,,21:00  AFC Ajax (NED)          v Liverpool FC (ENG)       0-1 (0-1),UCL 2020.txt,74
UCL_2020_0038,2020/21,2023-10-21,,Group,Group D,FC Midtjylland,DEN,Atalanta,ITA,0,4,0,4,0,3,,,False,False,A,A,,FC Midtjylland (DEN)    v Atalanta (ITA)           0-4 (0-3),UCL 2020.txt,75
UCL_2020_0039,2020/21,2023-10-27,21:00,Group,Group D,Atalanta,ITA,AFC Ajax,NED,2,2,2,2,0,2,,,False,False,D,D,,21:00  Atalanta (ITA)          v AFC Ajax (NED)           2-2 (0-2),UCL 2020.txt,77
UCL_2020_0040,2020/21,2023-10-27,,Group,Group D,Liverpool FC,ENG,FC Midtjylland,DEN,2,0,2,0,0,0,,,False,False,H,H,,Liverpool FC (ENG)      v FC Midtjylland (DEN)     2-0 (0-0),UCL 2020.txt,78
UCL_2020_0041,2020/21,2023-11-03,21:00,Group,Group D,Atalanta,ITA,Liverpool FC,ENG,0,5,0,5,0,2,,,False,False,A,A,,21:00  Atalanta (ITA)          v Liverpool FC (ENG)       0-5 (0-2),UCL 2020.txt,80
UCL_2020_0042,2020/21,2023-11-03,,Group,Group D,FC Midtjylland,DEN,AFC Ajax,NED,1,2,1,2,1,2,,,False,False,A,A,,FC Midtjylland (DEN)    v AFC Ajax (NED)           1-2 (1-2),UCL 2020.txt,81
UCL_2020_0043,2020/21,2023-11-25,21:00,Group,Group D,AFC Ajax,NED,FC Midtjylland,DEN,3,1,3,1,0,0,,,False,False,H,H,,21:00  AFC Ajax (NED)          v FC Midtjylland (DEN)     3-1 (0-0),UCL 2020.txt,83
UCL_2020_0044,2020/21,2023-11-25,,Group,Group D,Liverpool FC,ENG,Atalanta,ITA,0,2,0,2,0,0,,,False,False,A,A,,Liverpool FC (ENG)      v Atalanta (ITA)           0-2 (0-0),UCL 2020.txt,84
UCL_2020_0045,2020/21,2023-12-01,21:00,Group,Group D,Atalanta,ITA,FC Midtjylland,DEN,1,1,1,1,0,1,,,False,False,D,D,,21:00  Atalanta (ITA)          v FC Midtjylland (DEN)     1-1 (0-1),UCL 2020.txt,86
UCL_2020_0046,2020/21,2023-12-01,,Group,Group D,Liverpool FC,ENG,AFC Ajax,NED,1,0,1,0,0,0,,,False,False,H,H,,Liverpool FC (ENG)      v AFC Ajax (NED)           1-0 (0-0),UCL 2020.txt,87
UCL_2020_0047,2020/21,2023-12-09,18:55,Group,Group D,AFC Ajax,NED,Atalanta,ITA,0,1,0,1,0,0,,,False,False,A,A,,18:55  AFC Ajax (NED)          v Atalanta (ITA)           0-1 (0-0),UCL 2020.txt,89
UCL_2020_0048,2020/21,2023-12-09,,Group,Group D,FC Midtjylland,DEN,Liverpool FC,ENG,1,1,1,1,0,1,,,False,False,D,D,,FC Midtjylland (DEN)    v Liverpool FC (ENG)       1-1 (0-1),UCL 2020.txt,90
UCL_2020_0049,2020/21,2024-10-20,21:00,Group,Group E,Chelsea FC,ENG,Sevilla FC,ESP,0,0,0,0,,,,,False,False,D,D,,21:00  Chelsea FC (ENG)        v Sevilla FC (ESP)         0-0,UCL 2020.txt,95
UCL_2020_0050,2020/21,2024-10-20,,Group,Group E,Stade Rennais,FRA,FK Krasnodar,RUS,1,1,1,1,0,0,,,False,False,D,D,,Stade Rennais (FRA)     v FK Krasnodar (RUS)       1-1 (0-0),UCL 2020.txt,96
UCL_2020_0051,2020/21,2024-10-28,18:55,Group,Group E,FK Krasnodar,RUS,Chelsea FC,ENG,0,4,0,4,0,1,,,False,False,A,A,,18:55  FK Krasnodar (RUS)      v Chelsea FC (ENG)         0-4 (0-1),UCL 2020.txt,98
UCL_2020_0052,2020/21,2024-10-28,21:00,Group,Group E,Sevilla FC,ESP,Stade Rennais,FRA,1,0,1,0,0,0,,,False,False,H,H,,21:00  Sevilla FC (ESP)        v Stade Rennais (FRA)      1-0 (0-0),UCL 2020.txt,99
UCL_2020_0053,2020/21,2024-11-04,21:00,Group,Group E,Chelsea FC,ENG,Stade Rennais,FRA,3,0,3,0,2,0,,,False,False,H,H,,21:00  Chelsea FC (ENG)        v Stade Rennais (FRA)      3-0 (2-0),UCL 2020.txt,101
UCL_2020_0054,2020/21,2024-11-04,,Group,Group E,Sevilla FC,ESP,FK Krasnodar,RUS,3,2,3,2,1,2,,,False,False,H,H,,Sevilla FC (ESP)        v FK Krasnodar (RUS)       3-2 (1-2),UCL 2020.txt,102
UCL_2020_0055,2020/21,2024-11-24,18:55,Group,Group E,Stade Rennais,FRA,Chelsea FC,ENG,1,2,1,2,0,1,,,False,False,A,A,,18:55  Stade Rennais (FRA)     v Chelsea FC (ENG)         1-2 (0-1),UCL 2020.txt,104
UCL_2020_0056,2020/21,2024-11-24,,Group,Group E,FK Krasnodar,RUS,Sevilla FC,ESP,1,2,1,2,0,1,,,False,False,A,A,,FK Krasnodar (RUS)      v Sevilla FC (ESP)         1-2 (0-1),UCL 2020.txt,105
UCL_2020_0057,2020/21,2024-12-02,18:55,Group,Group E,FK Krasnodar,RUS,Stade Rennais,FRA,1,0,1,0,0,0,,,False,False,H,H,,18:55  FK Krasnodar (RUS)      v Stade Rennais (FRA)      1-0 (0-0),UCL 2020.txt,107
UCL_2020_0058,2020/21,2024-12-02,21:00,Group,Group E,Sevilla FC,ESP,Chelsea FC,ENG,0,4,0,4,0,1,,,False,False,A,A,,21:00  Sevilla FC (ESP)        v Chelsea FC (ENG)         0-4 (0-1),UCL 2020.txt,108
UCL_2020_0059,2020/21,2024-12-08,21:00,Group,Group E,Chelsea FC,ENG,FK Krasnodar,RUS,1,1,1,1,1,1,,,False,False,D,D,,21:00  Chelsea FC (ENG)        v FK Krasnodar (RUS)       1-1 (1-1),UCL 2020.txt,110
UCL_2020_0060,2020/21,2024-12-08,,Group,Group E,Stade Rennais,FRA,Sevilla FC,ESP,1,3,1,3,0,2,,,False,False,A,A,,Stade Rennais (FRA)     v Sevilla FC (ESP)         1-3 (0-2),UCL 2020.txt,111
UCL_2020_0061,2020/21,2025-10-20,18:55,Group,Group F,Zenit St. Petersburg,RUS,Club Brugge KV,BEL,1,2,1,2,0,0,,,False,False,A,A,,18:55  Zenit St. Petersburg (RUS) v Club Brugge KV (BEL)     1-2 (0-0),UCL 2020.txt,116
UCL_2020_0062,2020/21,2025-10-20,21:00,Group,Group F,Lazio Roma,ITA,Borussia Dortmund,GER,3,1,3,1,2,0,,,False,False,H,H,,21:00  Lazio Roma (ITA)        v Borussia Dortmund (GER)  3-1 (2-0),UCL 2020.txt,117
UCL_2020_0063,2020/21,2025-10-28,21:00,Group,Group F,Borussia Dortmund,GER,Zenit St. Petersburg,RUS,2,0,2,0,0,0,,,False,False,H,H,,21:00  Borussia Dortmund (GER) v Zenit St. Petersburg (RUS)  2-0 (0-0),UCL 2020.txt,119
UCL_2020_0064,2020/21,2025-10-28,,Group,Group F,Club Brugge KV,BEL,Lazio Roma,ITA,1,1,1,1,1,1,,,False,False,D,D,,Club Brugge KV (BEL)    v Lazio Roma (ITA)         1-1 (1-1),UCL 2020.txt,120
UCL_2020_0065,2020/21,2025-11-04,18:55,Group,Group F,Zenit St. Petersburg,RUS,Lazio Roma,ITA,1,1,1,1,1,0,,,False,False,D,D,,18:55  Zenit St. Petersburg (RUS) v Lazio Roma (ITA)         1-1 (1-0),UCL 2020.txt,122
UCL_2020_0066,2020/21,2025-11-04,21:00,Group,Group F,Club Brugge KV,BEL,Borussia Dortmund,GER,0,3,0,3,0,3,,,False,False,A,A,,21:00  Club Brugge KV (BEL)    v Borussia Dortmund (GER)  0-3 (0-3),UCL 2020.txt,123
UCL_2020_0067,2020/21,2025-11-24,21:00,Group,Group F,Borussia Dortmund,GER,Club Brugge KV,BEL,3,0,3,0,2,0,,,False,False,H,H,,21:00  Borussia Dortmund (GER) v Club Brugge KV (BEL)     3-0 (2-0),UCL 2020.txt,125
UCL_2020_0068,2020/21,2025-11-24,,Group,Group F,Lazio Roma,ITA,Zenit St. Petersburg,RUS,3,1,3,1,2,1,,,False,False,H,H,,Lazio Roma (ITA)        v Zenit St. Petersburg (RUS)  3-1 (2-1),UCL 2020.txt,126
UCL_2020_0069,2020/21,2025-12-02,21:00,Group,Group F,Borussia Dortmund,GER,Lazio Roma,ITA,1,1,1,1,1,0,,,False,False,D,D,,21:00  Borussia Dortmund (GER) v Lazio Roma (ITA)         1-1 (1-0),UCL 2020.txt,128
UCL_2020_0070,2020/21,2025-12-02,,Group,Group F,Club Brugge KV,BEL,Zenit St. Petersburg,RUS,3,0,3,0,1,0,,,False,False,H,H,,Club Brugge KV (BEL)    v Zenit St. Petersburg (RUS)  3-0 (1-0),UCL 2020.txt,129
UCL_2020_0071,2020/21,2025-12-08,18:55,Group,Group F,Zenit St. Petersburg,RUS,Borussia Dortmund,GER,1,2,1,2,1,0,,,False,False,A,A,,18:55  Zenit St. Petersburg (RUS) v Borussia Dortmund (GER)  1-2 (1-0),UCL 2020.txt,131
UCL_2020_0072,2020/21,2025-12-08,,Group,Group F,Lazio Roma,ITA,Club Brugge KV,BEL,2,2,2,2,2,1,,,False,False,D,D,,Lazio Roma (ITA)        v Club Brugge KV (BEL)     2-2 (2-1),UCL 2020.txt,132
UCL_2020_0073,2020/21,2026-10-20,18:55,Group,Gruppe G,Dinamo Kiev,UKR,Juventus,ITA,0,2,0,2,0,0,,,False,False,A,A,,18:55  Dinamo Kiev (UKR)       v Juventus (ITA)           0-2 (0-0),UCL 2020.txt,137
UCL_2020_0074,2020/21,2026-10-20,21:00,Group,Gruppe G,FC Barcelona,ESP,Ferencvárosi TC,HUN,5,1,5,1,2,0,,,False,False,H,H,,21:00  FC Barcelona (ESP)      v Ferencvárosi TC (HUN)    5-1 (2-0),UCL 2020.txt,138
UCL_2020_0075,2020/21,2026-10-28,21:00,Group,Gruppe G,Ferencvárosi TC,HUN,Dinamo Kiev,UKR,2,2,2,2,0,2,,,False,False,D,D,,21:00  Ferencvárosi TC (HUN)   v Dinamo Kiev (UKR)        2-2 (0-2),UCL 2020.txt,140
UCL_2020_0076,2020/21,2026-10-28,,Group,Gruppe G,Juventus,ITA,FC Barcelona,ESP,0,2,0,2,0,1,,,False,False,A,A,,Juventus (ITA)          v FC Barcelona (ESP)       0-2 (0-1),UCL 2020.txt,141
UCL_2020_0077,2020/21,2026-11-04,21:00,Group,Gruppe G,FC Barcelona,ESP,Dinamo Kiev,UKR,2,1,2,1,1,0,,,False,False,H,H,,21:00  FC Barcelona (ESP)      v Dinamo Kiev (UKR)        2-1 (1-0),UCL 2020.txt,143
UCL_2020_0078,2020/21,2026-11-04,,Group,Gruppe G,Ferencvárosi TC,HUN,Juventus,ITA,1,4,1,4,0,1,,,False,False,A,A,,Ferencvárosi TC (HUN)   v Juventus (ITA)           1-4 (0-1),UCL 2020.txt,144
UCL_2020_0079,2020/21,2026-11-24,21:00,Group,Gruppe G,Dinamo Kiev,UKR,FC Barcelona,ESP,0,4,0,4,0,0,,,False,False,A,A,,21:00  Dinamo Kiev (UKR)       v FC Barcelona (ESP)       0-4 (0-0),UCL 2020.txt,146
UCL_2020_0080,2020/21,2026-11-24,,Group,Gruppe G,Juventus,ITA,Ferencvárosi TC,HUN,2,1,2,1,1,1,,,False,False,H,H,,Juventus (ITA)          v Ferencvárosi TC (HUN)    2-1 (1-1),UCL 2020.txt,147
UCL_2020_0081,2020/21,2026-12-02,21:00,Group,Gruppe G,Juventus,ITA,Dinamo Kiev,UKR,3,0,3,0,1,0,,,False,False,H,H,,21:00  Juventus (ITA)          v Dinamo Kiev (UKR)        3-0 (1-0),UCL 2020.txt,149
UCL_2020_0082,2020/21,2026-12-02,,Group,Gruppe G,Ferencvárosi TC,HUN,FC Barcelona,ESP,0,3,0,3,0,3,,,False,False,A,A,,Ferencvárosi TC (HUN)   v FC Barcelona (ESP)       0-3 (0-3),UCL 2020.txt,150
UCL_2020_0083,2020/21,2026-12-08,21:00,Group,Gruppe G,Dinamo Kiev,UKR,Ferencvárosi TC,HUN,1,0,1,0,0,0,,,False,False,H,H,,21:00  Dinamo Kiev (UKR)       v Ferencvárosi TC (HUN)    1-0 (0-0),UCL 2020.txt,152
UCL_2020_0084,2020/21,2026-12-08,,Group,Gruppe G,FC Barcelona,ESP,Juventus,ITA,0,3,0,3,0,2,,,False,False,A,A,,FC Barcelona (ESP)      v Juventus (ITA)           0-3 (0-2),UCL 2020.txt,153
UCL_2020_0085,2020/21,2027-10-20,21:00,Group,Gruppe H,RB Leipzig,GER,İstanbul Başakşehir,TUR,2,0,2,0,2,0,,,False,False,H,H,,21:00  RB Leipzig (GER)        v İstanbul Başakşehir (TUR)  2-0 (2-0),UCL 2020.txt,158
UCL_2020_0086,2020/21,2027-10-20,,Group,Gruppe H,Paris Saint-Germain,FRA,Manchester United,ENG,1,2,1,2,0,1,,,False,False,A,A,,Paris Saint-Germain (FRA) v Manchester United (ENG)  1-2 (0-1),UCL 2020.txt,159
UCL_2020_0087,2020/21,2027-10-28,18:55,Group,Gruppe H,İstanbul Başakşehir,TUR,Paris Saint-Germain,FRA,0,2,0,2,0,0,,,False,False,A,A,,18:55  İstanbul Başakşehir (TUR) v Paris Saint-Germain (FRA)  0-2 (0-0),UCL 2020.txt,161
UCL_2020_0088,2020/21,2027-10-28,21:00,Group,Gruppe H,Manchester United,ENG,RB Leipzig,GER,5,0,5,0,1,0,,,False,False,H,H,,21:00  Manchester United (ENG) v RB Leipzig (GER)         5-0 (1-0),UCL 2020.txt,162
UCL_2020_0089,2020/21,2027-11-04,18:55,Group,Gruppe H,İstanbul Başakşehir,TUR,Manchester United,ENG,2,1,2,1,2,1,,,False,False,H,H,,18:55  İstanbul Başakşehir (TUR) v Manchester United (ENG)  2-1 (2-1),UCL 2020.txt,164
UCL_2020_0090,2020/21,2027-11-04,21:00,Group,Gruppe H,RB Leipzig,GER,Paris Saint-Germain,FRA,2,1,2,1,1,1,,,False,False,H,H,,21:00  RB Leipzig (GER)        v Paris Saint-Germain (FRA)  2-1 (1-1),UCL 2020.txt,165
UCL_2020_0091,2020/21,2027-11-24,21:00,Group,Gruppe H,Manchester United,ENG,İstanbul Başakşehir,TUR,4,1,4,1,3,0,,,False,False,H,H,,21:00  Manchester United (ENG) v İstanbul Başakşehir (TUR)  4-1 (3-0),UCL 2020.txt,167
UCL_2020_0092,2020/21,2027-11-24,,Group,Gruppe H,Paris Saint-Germain,FRA,RB Leipzig,GER,1,0,1,0,1,0,,,False,False,H,H,,Paris Saint-Germain (FRA) v RB Leipzig (GER)         1-0 (1-0),UCL 2020.txt,168
UCL_2020_0093,2020/21,2027-12-02,18:55,Group,Gruppe H,İstanbul Başakşehir,TUR,RB Leipzig,GER,3,4,3,4,1,2,,,False,False,A,A,,18:55  İstanbul Başakşehir (TUR) v RB Leipzig (GER)         3-4 (1-2),UCL 2020.txt,170
UCL_2020_0094,2020/21,2027-12-02,21:00,Group,Gruppe H,Manchester United,ENG,Paris Saint-Germain,FRA,1,3,1,3,1,1,,,False,False,A,A,,21:00  Manchester United (ENG) v Paris Saint-Germain (FRA)  1-3 (1-1),UCL 2020.txt,171
UCL_2020_0095,2020/21,2027-12-08,21:00,Group,Gruppe H,RB Leipzig,GER,Manchester United,ENG,3,2,3,2,2,0,,,False,False,H,H,,21:00  RB Leipzig (GER)        v Manchester United (ENG)  3-2 (2-0),UCL 2020.txt,173
UCL_2020_0096,2020/21,2027-12-09,18:55,Group,Gruppe H,Paris Saint-Germain,FRA,İstanbul Başakşehir,TUR,5,1,5,1,3,0,,,False,False,H,H,,18:55  Paris Saint-Germain (FRA) v İstanbul Başakşehir (TUR)  5-1 (3-0),UCL 2020.txt,175
UCL_2020_0097,2020/21,2021-02-16,21:00,Round of 16,Round of 16,RB Leipzig,GER,Liverpool FC,ENG,0,2,0,2,0,0,,,False,False,A,A,,21:00  RB Leipzig (GER)        v Liverpool FC (ENG)       0-2 (0-0),UCL 2020.txt,180
UCL_2020_0098,2020/21,2021-02-16,,Round of 16,Round of 16,FC Barcelona,ESP,Paris Saint-Germain,FRA,1,4,1,4,1,1,,,False,False,A,A,,FC Barcelona (ESP)      v Paris Saint-Germain (FRA)  1-4 (1-1),UCL 2020.txt,181
UCL_2020_0099,2020/21,2021-02-17,21:00,Round of 16,Round of 16,FC Porto,POR,Juventus,ITA,2,1,2,1,1,0,,,False,False,H,H,,21:00  FC Porto (POR)          v Juventus (ITA)           2-1 (1-0),UCL 2020.txt,183
UCL_2020_0100,2020/21,2021-02-17,,Round of 16,Round of 16,Sevilla FC,ESP,Borussia Dortmund,GER,2,3,2,3,1,3,,,False,False,A,A,,Sevilla FC (ESP)        v Borussia Dortmund (GER)  2-3 (1-3),UCL 2020.txt,184
UCL_2020_0101,2020/21,2021-02-23,21:00,Round of 16,Round of 16,Lazio Roma,ITA,Bayern München,GER,1,4,1,4,0,3,,,False,False,A,A,,21:00  Lazio Roma (ITA)        v Bayern München (GER)     1-4 (0-3),UCL 2020.txt,186
UCL_2020_0102,2020/21,2021-02-23,,Round of 16,Round of 16,Atlético Madrid,ESP,Chelsea FC,ENG,0,1,0,1,0,0,,,False,False,A,A,,Atlético Madrid (ESP)   v Chelsea FC (ENG)         0-1 (0-0),UCL 2020.txt,187
UCL_2020_0103,2020/21,2021-02-24,21:00,Round of 16,Round of 16,Bor. Mönchengladbach,GER,Manchester City,ENG,0,2,0,2,0,1,,,False,False,A,A,,21:00  Bor. Mönchengladbach (GER) v Manchester City (ENG)    0-2 (0-1),UCL 2020.txt,189
UCL_2020_0104,2020/21,2021-02-24,,Round of 16,Round of 16,Atalanta,ITA,Real Madrid,ESP,0,1,0,1,0,0,,,False,False,A,A,,Atalanta (ITA)          v Real Madrid (ESP)        0-1 (0-0),UCL 2020.txt,190
UCL_2020_0105,2020/21,2021-03-09,21:00,Round of 16,Round of 16,Juventus,ITA,FC Porto,POR,3,2,2,1,0,1,,,True,False,H,H,,"21:00  Juventus (ITA)          v FC Porto (POR)           3-2 a.e.t. (2-1, 0-1)",UCL 2020.txt,192
UCL_2020_0106,2020/21,2021-03-09,,Round of 16,Round of 16,Borussia Dortmund,GER,Sevilla FC,ESP,2,2,2,2,1,0,,,False,False,D,D,,Borussia Dortmund (GER) v Sevilla FC (ESP)         2-2 (1-0),UCL 2020.txt,193
UCL_2020_0107,2020/21,2021-03-10,21:00,Round of 16,Round of 16,Liverpool FC,ENG,RB Leipzig,GER,2,0,2,0,0,0,,,False,False,H,H,,21:00  Liverpool FC (ENG)      v RB Leipzig (GER)         2-0 (0-0),UCL 2020.txt,195
UCL_2020_0108,2020/21,2021-03-10,,Round of 16,Round of 16,Paris Saint-Germain,FRA,FC Barcelona,ESP,1,1,1,1,1,1,,,False,False,D,D,,Paris Saint-Germain (FRA) v FC Barcelona (ESP)       1-1 (1-1),UCL 2020.txt,196
UCL_2020_0109,2020/21,2021-03-16,21:00,Round of 16,Round of 16,Manchester City,ENG,Bor. Mönchengladbach,GER,2,0,2,0,2,0,,,False,False,H,H,,21:00  Manchester City (ENG)   v Bor. Mönchengladbach (GER)  2-0 (2-0),UCL 2020.txt,198
UCL_2020_0110,2020/21,2021-03-16,,Round of 16,Round of 16,Real Madrid,ESP,Atalanta,ITA,3,1,3,1,1,0,,,False,False,H,H,,Real Madrid (ESP)       v Atalanta (ITA)           3-1 (1-0),UCL 2020.txt,199
UCL_2020_0111,2020/21,2021-03-17,21:00,Round of 16,Round of 16,Bayern München,GER,Lazio Roma,ITA,2,1,2,1,1,0,,,False,False,H,H,,21:00  Bayern München (GER)    v Lazio Roma (ITA)         2-1 (1-0),UCL 2020.txt,201
UCL_2020_0112,2020/21,2021-03-17,,Round of 16,Round of 16,Chelsea FC,ENG,Atlético Madrid,ESP,2,0,2,0,1,0,,,False,False,H,H,,Chelsea FC (ENG)        v Atlético Madrid (ESP)    2-0 (1-0),UCL 2020.txt,202
UCL_2020_0113,2020/21,2021-04-06,21:00,Quarterfinals,Quarterfinals,Manchester City,ENG,Borussia Dortmund,GER,2,1,2,1,1,0,,,False,False,H,H,,21:00  Manchester City (ENG)   v Borussia Dortmund (GER)  2-1 (1-0),UCL 2020.txt,207
UCL_2020_0114,2020/21,2021-04-06,,Quarterfinals,Quarterfinals,Real Madrid,ESP,Liverpool FC,ENG,3,1,3,1,2,0,,,False,False,H,H,,Real Madrid (ESP)       v Liverpool FC (ENG)       3-1 (2-0),UCL 2020.txt,208
UCL_2020_0115,2020/21,2021-04-07,21:00,Quarterfinals,Quarterfinals,FC Porto,POR,Chelsea FC,ENG,0,2,0,2,0,1,,,False,False,A,A,,21:00  FC Porto (POR)          v Chelsea FC (ENG)         0-2 (0-1),UCL 2020.txt,210
UCL_2020_0116,2020/21,2021-04-07,,Quarterfinals,Quarterfinals,Bayern München,GER,Paris Saint-Germain,FRA,2,3,2,3,1,2,,,False,False,A,A,,Bayern München (GER)    v Paris Saint-Germain (FRA)  2-3 (1-2),UCL 2020.txt,211
UCL_2020_0117,2020/21,2021-04-13,21:00,Quarterfinals,Quarterfinals,Chelsea FC,ENG,FC Porto,POR,0,1,0,1,0,0,,,False,False,A,A,,21:00  Chelsea FC (ENG)        v FC Porto (POR)           0-1 (0-0),UCL 2020.txt,213
UCL_2020_0118,2020/21,2021-04-13,,Quarterfinals,Quarterfinals,Paris Saint-Germain,FRA,Bayern München,GER,0,1,0,1,0,1,,,False,False,A,A,,Paris Saint-Germain (FRA) v Bayern München (GER)     0-1 (0-1),UCL 2020.txt,214
UCL_2020_0119,2020/21,2021-04-14,21:00,Quarterfinals,Quarterfinals,Borussia Dortmund,GER,Manchester City,ENG,1,2,1,2,1,0,,,False,False,A,A,,21:00  Borussia Dortmund (GER) v Manchester City (ENG)    1-2 (1-0),UCL 2020.txt,216
UCL_2020_0120,2020/21,2021-04-14,,Quarterfinals,Quarterfinals,Liverpool FC,ENG,Real Madrid,ESP,0,0,0,0,,,,,False,False,D,D,,Liverpool FC (ENG)      v Real Madrid (ESP)        0-0,UCL 2020.txt,217
UCL_2020_0121,2020/21,2021-04-27,21:00,Semifinals,Semifinals,Real Madrid,ESP,Chelsea FC,ENG,1,1,1,1,1,1,,,False,False,D,D,,21:00  Real Madrid (ESP)       v Chelsea FC (ENG)         1-1 (1-1),UCL 2020.txt,222
UCL_2020_0122,2020/21,2021-04-28,21:00,Semifinals,Semifinals,Paris Saint-Germain,FRA,Manchester City,ENG,1,2,1,2,1,0,,,False,False,A,A,,21:00  Paris Saint-Germain (FRA) v Manchester City (ENG)    1-2 (1-0),UCL 2020.txt,224
UCL_2020_0123,2020/21,2021-05-04,21:00,Semifinals,Semifinals,Manchester City,ENG,Paris Saint-Germain,FRA,2,0,2,0,1,0,,,False,False,H,H,,21:00  Manchester City (ENG)   v Paris Saint-Germain (FRA)  2-0 (1-0),UCL 2020.txt,226
UCL_2020_0124,2020/21,2021-05-05,21:00,Semifinals,Semifinals,Chelsea FC,ENG,Real Madrid,ESP,2,0,2,0,1,0,,,False,False,H,H,,21:00  Chelsea FC (ENG)        v Real Madrid (ESP)        2-0 (1-0),UCL 2020.txt,228
UCL_2020_0125,2020/21,2021-05-29,21:00,Final,Final,Manchester City,ENG,Chelsea FC,ENG,0,1,0,1,0,1,,,False,False,A,A,,21:00  Manchester City (ENG)   v Chelsea FC (ENG)         0-1 (0-1),UCL 2020.txt,233
UCL_2021_0001,2021/22,2021-09-15,21:00,Group,Group A,Manchester City,ENG,RB Leipzig,GER,6,3,6,3,3,1,,,False,False,H,H,,21:00  Manchester City (ENG)   v RB Leipzig (GER)         6-3 (3-1),UCL 2021.txt,11
UCL_2021_0002,2021/22,2021-09-15,,Group,Group A,Club Brugge KV,BEL,Paris Saint-Germain,FRA,1,1,1,1,1,1,,,False,False,D,D,,Club Brugge KV (BEL)    v Paris Saint-Germain (FRA)  1-1 (1-1),UCL 2021.txt,12
UCL_2021_0003,2021/22,2021-09-28,21:00,Group,Group A,Paris Saint-Germain,FRA,Manchester City,ENG,2,0,2,0,1,0,,,False,False,H,H,,21:00  Paris Saint-Germain (FRA) v Manchester City (ENG)    2-0 (1-0),UCL 2021.txt,14
UCL_2021_0004,2021/22,2021-09-28,,Group,Group A,RB Leipzig,GER,Club Brugge KV,BEL,1,2,1,2,1,2,,,False,False,A,A,,RB Leipzig (GER)        v Club Brugge KV (BEL)     1-2 (1-2),UCL 2021.txt,15
UCL_2021_0005,2021/22,2021-10-19,18:45,Group,Group A,Club Brugge KV,BEL,Manchester City,ENG,1,5,1,5,0,2,,,False,False,A,A,,18:45  Club Brugge KV (BEL)    v Manchester City (ENG)    1-5 (0-2),UCL 2021.txt,17
UCL_2021_0006,2021/22,2021-10-19,21:00,Group,Group A,Paris Saint-Germain,FRA,RB Leipzig,GER,3,2,3,2,1,1,,,False,False,H,H,,21:00  Paris Saint-Germain (FRA) v RB Leipzig (GER)         3-2 (1-1),UCL 2021.txt,18
UCL_2021_0007,2021/22,2021-11-03,21:00,Group,Group A,RB Leipzig,GER,Paris Saint-Germain,FRA,2,2,2,2,1,2,,,False,False,D,D,,21:00  RB Leipzig (GER)        v Paris Saint-Germain (FRA)  2-2 (1-2),UCL 2021.txt,20
UCL_2021_0008,2021/22,2021-11-03,,Group,Group A,Manchester City,ENG,Club Brugge KV,BEL,4,1,4,1,1,1,,,False,False,H,H,,Manchester City (ENG)   v Club Brugge KV (BEL)     4-1 (1-1),UCL 2021.txt,21
UCL_2021_0009,2021/22,2021-11-24,21:00,Group,Group A,Manchester City,ENG,Paris Saint-Germain,FRA,2,1,2,1,0,0,,,False,False,H,H,,21:00  Manchester City (ENG)   v Paris Saint-Germain (FRA)  2-1 (0-0),UCL 2021.txt,23
UCL_2021_0010,2021/22,2021-11-24,,Group,Group A,Club Brugge KV,BEL,RB Leipzig,GER,0,5,0,5,0,4,,,False,False,A,A,,Club Brugge KV (BEL)    v RB Leipzig (GER)         0-5 (0-4),UCL 2021.txt,24
UCL_2021_0011,2021/22,2021-12-07,18:45,Group,Group A,RB Leipzig,GER,Manchester City,ENG,2,1,2,1,1,0,,,False,False,H,H,,18:45  RB Leipzig (GER)        v Manchester City (ENG)    2-1 (1-0),UCL 2021.txt,26
UCL_2021_0012,2021/22,2021-12-07,,Group,Group A,Paris Saint-Germain,FRA,Club Brugge KV,BEL,4,1,4,1,3,0,,,False,False,H,H,,Paris Saint-Germain (FRA) v Club Brugge KV (BEL)     4-1 (3-0),UCL 2021.txt,27
UCL_2021_0013,2021/22,2022-09-15,21:00,Group,Group B,Atlético Madrid,ESP,FC Porto,POR,0,0,0,0,,,,,False,False,D,D,,21:00  Atlético Madrid (ESP)   v FC Porto (POR)           0-0,UCL 2021.txt,32
UCL_2021_0014,2021/22,2022-09-15,,Group,Group B,Liverpool FC,ENG,AC Milan,ITA,3,2,3,2,1,2,,,False,False,H,H,,Liverpool FC (ENG)      v AC Milan (ITA)           3-2 (1-2),UCL 2021.txt,33
UCL_2021_0015,2021/22,2022-09-28,21:00,Group,Group B,FC Porto,POR,Liverpool FC,ENG,1,5,1,5,0,2,,,False,False,A,A,,21:00  FC Porto (POR)          v Liverpool FC (ENG)       1-5 (0-2),UCL 2021.txt,35
UCL_2021_0016,2021/22,2022-09-28,,Group,Group B,AC Milan,ITA,Atlético Madrid,ESP,1,2,1,2,1,0,,,False,False,A,A,,AC Milan (ITA)          v Atlético Madrid (ESP)    1-2 (1-0),UCL 2021.txt,36
UCL_2021_0017,2021/22,2022-10-19,21:00,Group,Group B,Atlético Madrid,ESP,Liverpool FC,ENG,2,3,2,3,2,2,,,False,False,A,A,,21:00  Atlético Madrid (ESP)   v Liverpool FC (ENG)       2-3 (2-2),UCL 2021.txt,38
UCL_2021_0018,2021/22,2022-10-19,,Group,Group B,FC Porto,POR,AC Milan,ITA,1,0,1,0,0,0,,,False,False,H,H,,FC Porto (POR)          v AC Milan (ITA)           1-0 (0-0),UCL 2021.txt,39
UCL_2021_0019,2021/22,2022-11-03,18:45,Group,Group B,AC Milan,ITA,FC Porto,POR,1,1,1,1,0,1,,,False,False,D,D,,18:45  AC Milan (ITA)          v FC Porto (POR)           1-1 (0-1),UCL 2021.txt,41
UCL_2021_0020,2021/22,2022-11-03,21:00,Group,Group B,Liverpool FC,ENG,Atlético Madrid,ESP,2,0,2,0,2,0,,,False,False,H,H,,21:00  Liverpool FC (ENG)      v Atlético Madrid (ESP)    2-0 (2-0),UCL 2021.txt,42
UCL_2021_0021,2021/22,2022-11-24,21:00,Group,Group B,Liverpool FC,ENG,FC Porto,POR,2,0,2,0,0,0,,,False,False,H,H,,21:00  Liverpool FC (ENG)      v FC Porto (POR)           2-0 (0-0),UCL 2021.txt,44
UCL_2021_0022,2021/22,2022-11-24,,Group,Group B,Atlético Madrid,ESP,AC Milan,ITA,0,1,0,1,0,0,,,False,False,A,A,,Atlético Madrid (ESP)   v AC Milan (ITA)           0-1 (0-0),UCL 2021.txt,45
UCL_2021_0023,2021/22,2022-12-07,21:00,Group,Group B,FC Porto,POR,Atlético Madrid,ESP,1,3,1,3,0,0,,,False,False,A,A,,21:00  FC Porto (POR)          v Atlético Madrid (ESP)    1-3 (0-0),UCL 2021.txt,47
UCL_2021_0024,2021/22,2022-12-07,,Group,Group B,AC Milan,ITA,Liverpool FC,ENG,1,2,1,2,1,1,,,False,False,A,A,,AC Milan (ITA)          v Liverpool FC (ENG)       1-2 (1-1),UCL 2021.txt,48
UCL_2021_0025,2021/22,2023-09-15,18:45,Group,Group C,Beşiktaş,TUR,Borussia Dortmund,GER,1,2,1,2,0,2,,,False,False,A,A,,18:45  Beşiktaş (TUR)          v Borussia Dortmund (GER)  1-2 (0-2),UCL 2021.txt,53
UCL_2021_0026,2021/22,2023-09-15,21:00,Group,Group C,Sporting CP,POR,AFC Ajax,NED,1,5,1,5,1,3,,,False,False,A,A,,21:00  Sporting CP (POR)       v AFC Ajax (NED)           1-5 (1-3),UCL 2021.txt,54
UCL_2021_0027,2021/22,2023-09-28,18:45,Group,Group C,AFC Ajax,NED,Beşiktaş,TUR,2,0,2,0,2,0,,,False,False,H,H,,18:45  AFC Ajax (NED)          v Beşiktaş (TUR)           2-0 (2-0),UCL 2021.txt,56
UCL_2021_0028,2021/22,2023-09-28,21:00,Group,Group C,Borussia Dortmund,GER,Sporting CP,POR,1,0,1,0,1,0,,,False,False,H,H,,21:00  Borussia Dortmund (GER) v Sporting CP (POR)        1-0 (1-0),UCL 2021.txt,57
UCL_2021_0029,2021/22,2023-10-19,18:45,Group,Group C,Beşiktaş,TUR,Sporting CP,POR,1,4,1,4,1,3,,,False,False,A,A,,18:45  Beşiktaş (TUR)          v Sporting CP (POR)        1-4 (1-3),UCL 2021.txt,59
UCL_2021_0030,2021/22,2023-10-19,21:00,Group,Group C,AFC Ajax,NED,Borussia Dortmund,GER,4,0,4,0,2,0,,,False,False,H,H,,21:00  AFC Ajax (NED)          v Borussia Dortmund (GER)  4-0 (2-0),UCL 2021.txt,60
UCL_2021_0031,2021/22,2023-11-03,21:00,Group,Group C,Borussia Dortmund,GER,AFC Ajax,NED,1,3,1,3,1,0,,,False,False,A,A,,21:00  Borussia Dortmund (GER) v AFC Ajax (NED)           1-3 (1-0),UCL 2021.txt,62
UCL_2021_0032,2021/22,2023-11-03,,Group,Group C,Sporting CP,POR,Beşiktaş,TUR,4,0,4,0,3,0,,,False,False,H,H,,Sporting CP (POR)       v Beşiktaş (TUR)           4-0 (3-0),UCL 2021.txt,63
UCL_2021_0033,2021/22,2023-11-24,18:45,Group,Group C,Beşiktaş,TUR,AFC Ajax,NED,1,2,1,2,1,0,,,False,False,A,A,,18:45  Beşiktaş (TUR)          v AFC Ajax (NED)           1-2 (1-0),UCL 2021.txt,65
UCL_2021_0034,2021/22,2023-11-24,21:00,Group,Group C,Sporting CP,POR,Borussia Dortmund,GER,3,1,3,1,2,0,,,False,False,H,H,,21:00  Sporting CP (POR)       v Borussia Dortmund (GER)  3-1 (2-0),UCL 2021.txt,66
UCL_2021_0035,2021/22,2023-12-07,21:00,Group,Group C,AFC Ajax,NED,Sporting CP,POR,4,2,4,2,2,1,,,False,False,H,H,,21:00  AFC Ajax (NED)          v Sporting CP (POR)        4-2 (2-1),UCL 2021.txt,68
UCL_2021_0036,2021/22,2023-12-07,,Group,Group C,Borussia Dortmund,GER,Beşiktaş,TUR,5,0,5,0,2,0,,,False,False,H,H,,Borussia Dortmund (GER) v Beşiktaş (TUR)           5-0 (2-0),UCL 2021.txt,69
UCL_2021_0037,2021/22,2024-09-15,18:45,Group,Group D,FC Sheriff,MDA,Shakhtar Donetsk,UKR,2,0,2,0,1,0,,,False,False,H,H,,18:45  FC Sheriff (MDA)        v Shakhtar Donetsk (UKR)   2-0 (1-0),UCL 2021.txt,74
UCL_2021_0038,2021/22,2024-09-15,21:00,Group,Group D,Inter,ITA,Real Madrid,ESP,0,1,0,1,0,0,,,False,False,A,A,,21:00  Inter (ITA)             v Real Madrid (ESP)        0-1 (0-0),UCL 2021.txt,75
UCL_2021_0039,2021/22,2024-09-28,18:45,Group,Group D,Shakhtar Donetsk,UKR,Inter,ITA,0,0,0,0,,,,,False,False,D,D,,18:45  Shakhtar Donetsk (UKR)  v Inter (ITA)              0-0,UCL 2021.txt,77
UCL_2021_0040,2021/22,2024-09-28,21:00,Group,Group D,Real Madrid,ESP,FC Sheriff,MDA,1,2,1,2,0,1,,,False,False,A,A,,21:00  Real Madrid (ESP)       v FC Sheriff (MDA)         1-2 (0-1),UCL 2021.txt,78
UCL_2021_0041,2021/22,2024-10-19,21:00,Group,Group D,Shakhtar Donetsk,UKR,Real Madrid,ESP,0,5,0,5,0,1,,,False,False,A,A,,21:00  Shakhtar Donetsk (UKR)  v Real Madrid (ESP)        0-5 (0-1),UCL 2021.txt,80
UCL_2021_0042,2021/22,2024-10-19,,Group,Group D,Inter,ITA,FC Sheriff,MDA,3,1,3,1,1,0,,,False,False,H,H,,Inter (ITA)             v FC Sheriff (MDA)         3-1 (1-0),UCL 2021.txt,81
UCL_2021_0043,2021/22,2024-11-03,18:45,Group,Group D,Real Madrid,ESP,Shakhtar Donetsk,UKR,2,1,2,1,1,1,,,False,False,H,H,,18:45  Real Madrid (ESP)       v Shakhtar Donetsk (UKR)   2-1 (1-1),UCL 2021.txt,83
UCL_2021_0044,2021/22,2024-11-03,21:00,Group,Group D,FC Sheriff,MDA,Inter,ITA,1,3,1,3,0,0,,,False,False,A,A,,21:00  FC Sheriff (MDA)        v Inter (ITA)              1-3 (0-0),UCL 2021.txt,84
UCL_2021_0045,2021/22,2024-11-24,18:45,Group,Group D,Inter,ITA,Shakhtar Donetsk,UKR,2,0,2,0,0,0,,,False,False,H,H,,18:45  Inter (ITA)             v Shakhtar Donetsk (UKR)   2-0 (0-0),UCL 2021.txt,86
UCL_2021_0046,2021/22,2024-11-24,21:00,Group,Group D,FC Sheriff,MDA,Real Madrid,ESP,0,3,0,3,0,2,,,False,False,A,A,,21:00  FC Sheriff (MDA)        v Real Madrid (ESP)        0-3 (0-2),UCL 2021.txt,87
UCL_2021_0047,2021/22,2024-12-07,21:00,Group,Group D,Real Madrid,ESP,Inter,ITA,2,0,2,0,1,0,,,False,False,H,H,,21:00  Real Madrid (ESP)       v Inter (ITA)              2-0 (1-0),UCL 2021.txt,89
UCL_2021_0048,2021/22,2024-12-07,,Group,Group D,Shakhtar Donetsk,UKR,FC Sheriff,MDA,1,1,1,1,1,0,,,False,False,D,D,,Shakhtar Donetsk (UKR)  v FC Sheriff (MDA)         1-1 (1-0),UCL 2021.txt,90
UCL_2021_0049,2021/22,2025-09-14,21:00,Group,Group E,FC Barcelona,ESP,Bayern München,GER,0,3,0,3,0,1,,,False,False,A,A,,21:00  FC Barcelona (ESP)      v Bayern München (GER)     0-3 (0-1),UCL 2021.txt,95
UCL_2021_0050,2021/22,2025-09-14,,Group,Group E,Dinamo Kiev,UKR,SL Benfica,POR,0,0,0,0,,,,,False,False,D,D,,Dinamo Kiev (UKR)       v SL Benfica (POR)         0-0,UCL 2021.txt,96
UCL_2021_0051,2021/22,2025-09-29,21:00,Group,Group E,SL Benfica,POR,FC Barcelona,ESP,3,0,3,0,1,0,,,False,False,H,H,,21:00  SL Benfica (POR)        v FC Barcelona (ESP)       3-0 (1-0),UCL 2021.txt,98
UCL_2021_0052,2021/22,2025-09-29,,Group,Group E,Bayern München,GER,Dinamo Kiev,UKR,5,0,5,0,2,0,,,False,False,H,H,,Bayern München (GER)    v Dinamo Kiev (UKR)        5-0 (2-0),UCL 2021.txt,99
UCL_2021_0053,2021/22,2025-10-20,18:45,Group,Group E,FC Barcelona,ESP,Dinamo Kiev,UKR,1,0,1,0,1,0,,,False,False,H,H,,18:45  FC Barcelona (ESP)      v Dinamo Kiev (UKR)        1-0 (1-0),UCL 2021.txt,101
UCL_2021_0054,2021/22,2025-10-20,21:00,Group,Group E,SL Benfica,POR,Bayern München,GER,0,4,0,4,0,0,,,False,False,A,A,,21:00  SL Benfica (POR)        v Bayern München (GER)     0-4 (0-0),UCL 2021.txt,102
UCL_2021_0055,2021/22,2025-11-02,21:00,Group,Group E,Bayern München,GER,SL Benfica,POR,5,2,5,2,2,1,,,False,False,H,H,,21:00  Bayern München (GER)    v SL Benfica (POR)         5-2 (2-1),UCL 2021.txt,104
UCL_2021_0056,2021/22,2025-11-02,,Group,Group E,Dinamo Kiev,UKR,FC Barcelona,ESP,0,1,0,1,0,0,,,False,False,A,A,,Dinamo Kiev (UKR)       v FC Barcelona (ESP)       0-1 (0-0),UCL 2021.txt,105
UCL_2021_0057,2021/22,2025-11-23,18:45,Group,Group E,Dinamo Kiev,UKR,Bayern München,GER,1,2,1,2,0,2,,,False,False,A,A,,18:45  Dinamo Kiev (UKR)       v Bayern München (GER)     1-2 (0-2),UCL 2021.txt,107
UCL_2021_0058,2021/22,2025-11-23,21:00,Group,Group E,FC Barcelona,ESP,SL Benfica,POR,0,0,0,0,,,,,False,False,D,D,,21:00  FC Barcelona (ESP)      v SL Benfica (POR)         0-0,UCL 2021.txt,108
UCL_2021_0059,2021/22,2025-12-08,21:00,Group,Group E,Bayern München,GER,FC Barcelona,ESP,3,0,3,0,2,0,,,False,False,H,H,,21:00  Bayern München (GER)    v FC Barcelona (ESP)       3-0 (2-0),UCL 2021.txt,110
UCL_2021_0060,2021/22,2025-12-08,,Group,Group E,SL Benfica,POR,Dinamo Kiev,UKR,2,0,2,0,2,0,,,False,False,H,H,,SL Benfica (POR)        v Dinamo Kiev (UKR)        2-0 (2-0),UCL 2021.txt,111
UCL_2021_0061,2021/22,2026-09-14,18:45,Group,Group F,BSC Young Boys,SUI,Manchester United,ENG,2,1,2,1,0,1,,,False,False,H,H,,18:45  BSC Young Boys (SUI)    v Manchester United (ENG)  2-1 (0-1),UCL 2021.txt,116
UCL_2021_0062,2021/22,2026-09-14,21:00,Group,Group F,Villarreal CF,ESP,Atalanta,ITA,2,2,2,2,1,1,,,False,False,D,D,,21:00  Villarreal CF (ESP)     v Atalanta (ITA)           2-2 (1-1),UCL 2021.txt,117
UCL_2021_0063,2021/22,2026-09-29,18:45,Group,Group F,Atalanta,ITA,BSC Young Boys,SUI,1,0,1,0,0,0,,,False,False,H,H,,18:45  Atalanta (ITA)          v BSC Young Boys (SUI)     1-0 (0-0),UCL 2021.txt,119
UCL_2021_0064,2021/22,2026-09-29,21:00,Group,Group F,Manchester United,ENG,Villarreal CF,ESP,2,1,2,1,0,0,,,False,False,H,H,,21:00  Manchester United (ENG) v Villarreal CF (ESP)      2-1 (0-0),UCL 2021.txt,120
UCL_2021_0065,2021/22,2026-10-20,21:00,Group,Group F,Manchester United,ENG,Atalanta,ITA,3,2,3,2,0,2,,,False,False,H,H,,21:00  Manchester United (ENG) v Atalanta (ITA)           3-2 (0-2),UCL 2021.txt,122
UCL_2021_0066,2021/22,2026-10-20,,Group,Group F,BSC Young Boys,SUI,Villarreal CF,ESP,1,4,1,4,0,2,,,False,False,A,A,,BSC Young Boys (SUI)    v Villarreal CF (ESP)      1-4 (0-2),UCL 2021.txt,123
UCL_2021_0067,2021/22,2026-11-02,21:00,Group,Group F,Atalanta,ITA,Manchester United,ENG,2,2,2,2,1,1,,,False,False,D,D,,21:00  Atalanta (ITA)          v Manchester United (ENG)  2-2 (1-1),UCL 2021.txt,125
UCL_2021_0068,2021/22,2026-11-02,,Group,Group F,Villarreal CF,ESP,BSC Young Boys,SUI,2,0,2,0,1,0,,,False,False,H,H,,Villarreal CF (ESP)     v BSC Young Boys (SUI)     2-0 (1-0),UCL 2021.txt,126
UCL_2021_0069,2021/22,2026-11-23,18:45,Group,Group F,Villarreal CF,ESP,Manchester United,ENG,0,2,0,2,0,0,,,False,False,A,A,,18:45  Villarreal CF (ESP)     v Manchester United (ENG)  0-2 (0-0),UCL 2021.txt,128
UCL_2021_0070,2021/22,2026-11-23,21:00,Group,Group F,BSC Young Boys,SUI,Atalanta,ITA,3,3,3,3,1,1,,,False,False,D,D,,21:00  BSC Young Boys (SUI)    v Atalanta (ITA)           3-3 (1-1),UCL 2021.txt,129
UCL_2021_0071,2021/22,2026-12-08,21:00,Group,Group F,Manchester United,ENG,BSC Young Boys,SUI,1,1,1,1,1,1,,,False,False,D,D,,21:00  Manchester United (ENG) v BSC Young Boys (SUI)     1-1 (1-1),UCL 2021.txt,131
UCL_2021_0072,2021/22,2026-12-09,19:00,Group,Group F,Atalanta,ITA,Villarreal CF,ESP,2,3,2,3,0,2,,,False,False,A,A,,19:00  Atalanta (ITA)          v Villarreal CF (ESP)      2-3 (0-2),UCL 2021.txt,133
UCL_2021_0073,2021/22,2027-09-14,18:45,Group,Gruppe G,Sevilla FC,ESP,RB Salzburg,AUT,1,1,1,1,1,1,,,False,False,D,D,,18:45  Sevilla FC (ESP)        v RB Salzburg (AUT)        1-1 (1-1),UCL 2021.txt,138
UCL_2021_0074,2021/22,2027-09-14,21:00,Group,Gruppe G,Lille OSC,FRA,VfL Wolfsburg,GER,0,0,0,0,,,,,False,False,D,D,,21:00  Lille OSC (FRA)         v VfL Wolfsburg (GER)      0-0,UCL 2021.txt,139
UCL_2021_0075,2021/22,2027-09-29,21:00,Group,Gruppe G,RB Salzburg,AUT,Lille OSC,FRA,2,1,2,1,1,0,,,False,False,H,H,,21:00  RB Salzburg (AUT)       v Lille OSC (FRA)          2-1 (1-0),UCL 2021.txt,141
UCL_2021_0076,2021/22,2027-09-29,,Group,Gruppe G,VfL Wolfsburg,GER,Sevilla FC,ESP,1,1,1,1,0,0,,,False,False,D,D,,VfL Wolfsburg (GER)     v Sevilla FC (ESP)         1-1 (0-0),UCL 2021.txt,142
UCL_2021_0077,2021/22,2027-10-20,18:45,Group,Gruppe G,RB Salzburg,AUT,VfL Wolfsburg,GER,3,1,3,1,1,1,,,False,False,H,H,,18:45  RB Salzburg (AUT)       v VfL Wolfsburg (GER)      3-1 (1-1),UCL 2021.txt,144
UCL_2021_0078,2021/22,2027-10-20,21:00,Group,Gruppe G,Lille OSC,FRA,Sevilla FC,ESP,0,0,0,0,,,,,False,False,D,D,,21:00  Lille OSC (FRA)         v Sevilla FC (ESP)         0-0,UCL 2021.txt,145
UCL_2021_0079,2021/22,2027-11-02,18:45,Group,Gruppe G,VfL Wolfsburg,GER,RB Salzburg,AUT,2,1,2,1,1,1,,,False,False,H,H,,18:45  VfL Wolfsburg (GER)     v RB Salzburg (AUT)        2-1 (1-1),UCL 2021.txt,147
UCL_2021_0080,2021/22,2027-11-02,21:00,Group,Gruppe G,Sevilla FC,ESP,Lille OSC,FRA,1,2,1,2,1,1,,,False,False,A,A,,21:00  Sevilla FC (ESP)        v Lille OSC (FRA)          1-2 (1-1),UCL 2021.txt,148
UCL_2021_0081,2021/22,2027-11-23,21:00,Group,Gruppe G,Lille OSC,FRA,RB Salzburg,AUT,1,0,1,0,1,0,,,False,False,H,H,,21:00  Lille OSC (FRA)         v RB Salzburg (AUT)        1-0 (1-0),UCL 2021.txt,150
UCL_2021_0082,2021/22,2027-11-23,,Group,Gruppe G,Sevilla FC,ESP,VfL Wolfsburg,GER,2,0,2,0,1,0,,,False,False,H,H,,Sevilla FC (ESP)        v VfL Wolfsburg (GER)      2-0 (1-0),UCL 2021.txt,151
UCL_2021_0083,2021/22,2027-12-08,21:00,Group,Gruppe G,RB Salzburg,AUT,Sevilla FC,ESP,1,0,1,0,0,0,,,False,False,H,H,,21:00  RB Salzburg (AUT)       v Sevilla FC (ESP)         1-0 (0-0),UCL 2021.txt,153
UCL_2021_0084,2021/22,2027-12-08,,Group,Gruppe G,VfL Wolfsburg,GER,Lille OSC,FRA,1,3,1,3,0,1,,,False,False,A,A,,VfL Wolfsburg (GER)     v Lille OSC (FRA)          1-3 (0-1),UCL 2021.txt,154
UCL_2021_0085,2021/22,2028-09-14,21:00,Group,Gruppe H,Chelsea FC,ENG,Zenit St. Petersburg,RUS,1,0,1,0,0,0,,,False,False,H,H,,21:00  Chelsea FC (ENG)        v Zenit St. Petersburg (RUS)  1-0 (0-0),UCL 2021.txt,159
UCL_2021_0086,2021/22,2028-09-14,,Group,Gruppe H,Malmö FF,SWE,Juventus,ITA,0,3,0,3,0,3,,,False,False,A,A,,Malmö FF (SWE)          v Juventus (ITA)           0-3 (0-3),UCL 2021.txt,160
UCL_2021_0087,2021/22,2028-09-29,18:45,Group,Gruppe H,Zenit St. Petersburg,RUS,Malmö FF,SWE,4,0,4,0,1,0,,,False,False,H,H,,18:45  Zenit St. Petersburg (RUS) v Malmö FF (SWE)           4-0 (1-0),UCL 2021.txt,162
UCL_2021_0088,2021/22,2028-09-29,21:00,Group,Gruppe H,Juventus,ITA,Chelsea FC,ENG,1,0,1,0,0,0,,,False,False,H,H,,21:00  Juventus (ITA)          v Chelsea FC (ENG)         1-0 (0-0),UCL 2021.txt,163
UCL_2021_0089,2021/22,2028-10-20,21:00,Group,Gruppe H,Zenit St. Petersburg,RUS,Juventus,ITA,0,1,0,1,0,0,,,False,False,A,A,,21:00  Zenit St. Petersburg (RUS) v Juventus (ITA)           0-1 (0-0),UCL 2021.txt,165
UCL_2021_0090,2021/22,2028-10-20,,Group,Gruppe H,Chelsea FC,ENG,Malmö FF,SWE,4,0,4,0,2,0,,,False,False,H,H,,Chelsea FC (ENG)        v Malmö FF (SWE)           4-0 (2-0),UCL 2021.txt,166
UCL_2021_0091,2021/22,2028-11-02,18:45,Group,Gruppe H,Malmö FF,SWE,Chelsea FC,ENG,0,1,0,1,0,0,,,False,False,A,A,,18:45  Malmö FF (SWE)          v Chelsea FC (ENG)         0-1 (0-0),UCL 2021.txt,168
UCL_2021_0092,2021/22,2028-11-02,21:00,Group,Gruppe H,Juventus,ITA,Zenit St. Petersburg,RUS,4,2,4,2,1,1,,,False,False,H,H,,21:00  Juventus (ITA)          v Zenit St. Petersburg (RUS)  4-2 (1-1),UCL 2021.txt,169
UCL_2021_0093,2021/22,2028-11-23,21:00,Group,Gruppe H,Chelsea FC,ENG,Juventus,ITA,4,0,4,0,1,0,,,False,False,H,H,,21:00  Chelsea FC (ENG)        v Juventus (ITA)           4-0 (1-0),UCL 2021.txt,171
UCL_2021_0094,2021/22,2028-11-23,,Group,Gruppe H,Malmö FF,SWE,Zenit St. Petersburg,RUS,1,1,1,1,1,0,,,False,False,D,D,,Malmö FF (SWE)          v Zenit St. Petersburg (RUS)  1-1 (1-0),UCL 2021.txt,172
UCL_2021_0095,2021/22,2028-12-08,18:45,Group,Gruppe H,Zenit St. Petersburg,RUS,Chelsea FC,ENG,3,3,3,3,2,1,,,False,False,D,D,,18:45  Zenit St. Petersburg (RUS) v Chelsea FC (ENG)         3-3 (2-1),UCL 2021.txt,174
UCL_2021_0096,2021/22,2028-12-08,,Group,Gruppe H,Juventus,ITA,Malmö FF,SWE,1,0,1,0,1,0,,,False,False,H,H,,Juventus (ITA)          v Malmö FF (SWE)           1-0 (1-0),UCL 2021.txt,175
UCL_2021_0097,2021/22,2022-02-15,21:00,Round of 16,Round of 16,Sporting CP,POR,Manchester City,ENG,0,5,0,5,0,4,,,False,False,A,A,,21:00  Sporting CP (POR)       v Manchester City (ENG)    0-5 (0-4),UCL 2021.txt,180
UCL_2021_0098,2021/22,2022-02-15,,Round of 16,Round of 16,Paris Saint-Germain,FRA,Real Madrid,ESP,1,0,1,0,0,0,,,False,False,H,H,,Paris Saint-Germain (FRA) v Real Madrid (ESP)        1-0 (0-0),UCL 2021.txt,181
UCL_2021_0099,2021/22,2022-02-16,21:00,Round of 16,Round of 16,RB Salzburg,AUT,Bayern München,GER,1,1,1,1,1,0,,,False,False,D,D,,21:00  RB Salzburg (AUT)       v Bayern München (GER)     1-1 (1-0),UCL 2021.txt,183
UCL_2021_0100,2021/22,2022-02-16,,Round of 16,Round of 16,Inter,ITA,Liverpool FC,ENG,0,2,0,2,0,0,,,False,False,A,A,,Inter (ITA)             v Liverpool FC (ENG)       0-2 (0-0),UCL 2021.txt,184
UCL_2021_0101,2021/22,2022-02-22,21:00,Round of 16,Round of 16,Chelsea FC,ENG,Lille OSC,FRA,2,0,2,0,1,0,,,False,False,H,H,,21:00  Chelsea FC (ENG)        v Lille OSC (FRA)          2-0 (1-0),UCL 2021.txt,186
UCL_2021_0102,2021/22,2022-02-22,,Round of 16,Round of 16,Villarreal CF,ESP,Juventus,ITA,1,1,1,1,0,1,,,False,False,D,D,,Villarreal CF (ESP)     v Juventus (ITA)           1-1 (0-1),UCL 2021.txt,187
UCL_2021_0103,2021/22,2022-02-23,21:00,Round of 16,Round of 16,SL Benfica,POR,AFC Ajax,NED,2,2,2,2,1,2,,,False,False,D,D,,21:00  SL Benfica (POR)        v AFC Ajax (NED)           2-2 (1-2),UCL 2021.txt,189
UCL_2021_0104,2021/22,2022-02-23,,Round of 16,Round of 16,Atlético Madrid,ESP,Manchester United,ENG,1,1,1,1,1,0,,,False,False,D,D,,Atlético Madrid (ESP)   v Manchester United (ENG)  1-1 (1-0),UCL 2021.txt,190
UCL_2021_0105,2021/22,2022-03-08,21:00,Round of 16,Round of 16,Bayern München,GER,RB Salzburg,AUT,7,1,7,1,4,0,,,False,False,H,H,,21:00  Bayern München (GER)    v RB Salzburg (AUT)        7-1 (4-0),UCL 2021.txt,192
UCL_2021_0106,2021/22,2022-03-08,,Round of 16,Round of 16,Liverpool FC,ENG,Inter,ITA,0,1,0,1,0,0,,,False,False,A,A,,Liverpool FC (ENG)      v Inter (ITA)              0-1 (0-0),UCL 2021.txt,193
UCL_2021_0107,2021/22,2022-03-09,21:00,Round of 16,Round of 16,Manchester City,ENG,Sporting CP,POR,0,0,0,0,,,,,False,False,D,D,,21:00  Manchester City (ENG)   v Sporting CP (POR)        0-0,UCL 2021.txt,195
UCL_2021_0108,2021/22,2022-03-09,,Round of 16,Round of 16,Real Madrid,ESP,Paris Saint-Germain,FRA,3,1,3,1,0,1,,,False,False,H,H,,Real Madrid (ESP)       v Paris Saint-Germain (FRA)  3-1 (0-1),UCL 2021.txt,196
UCL_2021_0109,2021/22,2022-03-15,21:00,Round of 16,Round of 16,AFC Ajax,NED,SL Benfica,POR,0,1,0,1,0,0,,,False,False,A,A,,21:00  AFC Ajax (NED)          v SL Benfica (POR)         0-1 (0-0),UCL 2021.txt,198
UCL_2021_0110,2021/22,2022-03-15,,Round of 16,Round of 16,Manchester United,ENG,Atlético Madrid,ESP,0,1,0,1,0,1,,,False,False,A,A,,Manchester United (ENG) v Atlético Madrid (ESP)    0-1 (0-1),UCL 2021.txt,199
UCL_2021_0111,2021/22,2022-03-16,21:00,Round of 16,Round of 16,Lille OSC,FRA,Chelsea FC,ENG,1,2,1,2,1,1,,,False,False,A,A,,21:00  Lille OSC (FRA)         v Chelsea FC (ENG)         1-2 (1-1),UCL 2021.txt,201
UCL_2021_0112,2021/22,2022-03-16,,Round of 16,Round of 16,Juventus,ITA,Villarreal CF,ESP,0,3,0,3,0,0,,,False,False,A,A,,Juventus (ITA)          v Villarreal CF (ESP)      0-3 (0-0),UCL 2021.txt,202
UCL_2021_0113,2021/22,2022-04-05,21:00,Quarterfinals,Quarterfinals,Manchester City,ENG,Atlético Madrid,ESP,1,0,1,0,0,0,,,False,False,H,H,,21:00  Manchester City (ENG)   v Atlético Madrid (ESP)    1-0 (0-0),UCL 2021.txt,207
UCL_2021_0114,2021/22,2022-04-05,,Quarterfinals,Quarterfinals,SL Benfica,POR,Liverpool FC,ENG,1,3,1,3,0,2,,,False,False,A,A,,SL Benfica (POR)        v Liverpool FC (ENG)       1-3 (0-2),UCL 2021.txt,208
UCL_2021_0115,2021/22,2022-04-06,21:00,Quarterfinals,Quarterfinals,Chelsea FC,ENG,Real Madrid,ESP,1,3,1,3,1,2,,,False,False,A,A,,21:00  Chelsea FC (ENG)        v Real Madrid (ESP)        1-3 (1-2),UCL 2021.txt,210
UCL_2021_0116,2021/22,2022-04-06,,Quarterfinals,Quarterfinals,Villarreal CF,ESP,Bayern München,GER,1,0,1,0,1,0,,,False,False,H,H,,Villarreal CF (ESP)     v Bayern München (GER)     1-0 (1-0),UCL 2021.txt,211
UCL_2021_0117,2021/22,2022-04-12,21:00,Quarterfinals,Quarterfinals,Real Madrid,ESP,Chelsea FC,ENG,2,3,1,3,0,1,,,True,False,A,A,,"21:00  Real Madrid (ESP)       v Chelsea FC (ENG)         2-3 a.e.t. (1-3, 0-1)",UCL 2021.txt,213
UCL_2021_0118,2021/22,2022-04-12,,Quarterfinals,Quarterfinals,Bayern München,GER,Villarreal CF,ESP,1,1,1,1,0,0,,,False,False,D,D,,Bayern München (GER)    v Villarreal CF (ESP)      1-1 (0-0),UCL 2021.txt,214
UCL_2021_0119,2021/22,2022-04-13,21:00,Quarterfinals,Quarterfinals,Atlético Madrid,ESP,Manchester City,ENG,0,0,0,0,,,,,False,False,D,D,,21:00  Atlético Madrid (ESP)   v Manchester City (ENG)    0-0,UCL 2021.txt,216
UCL_2021_0120,2021/22,2022-04-13,,Quarterfinals,Quarterfinals,Liverpool FC,ENG,SL Benfica,POR,3,3,3,3,1,1,,,False,False,D,D,,Liverpool FC (ENG)      v SL Benfica (POR)         3-3 (1-1),UCL 2021.txt,217
UCL_2021_0121,2021/22,2022-04-26,21:00,Semifinals,Semifinals,Manchester City,ENG,Real Madrid,ESP,4,3,4,3,2,1,,,False,False,H,H,,21:00  Manchester City (ENG)   v Real Madrid (ESP)        4-3 (2-1),UCL 2021.txt,222
UCL_2021_0122,2021/22,2022-04-27,21:00,Semifinals,Semifinals,Liverpool FC,ENG,Villarreal CF,ESP,2,0,2,0,0,0,,,False,False,H,H,,21:00  Liverpool FC (ENG)      v Villarreal CF (ESP)      2-0 (0-0),UCL 2021.txt,224
UCL_2021_0123,2021/22,2022-05-03,21:00,Semifinals,Semifinals,Villarreal CF,ESP,Liverpool FC,ENG,2,3,2,3,2,0,,,False,False,A,A,,21:00  Villarreal CF (ESP)     v Liverpool FC (ENG)       2-3 (2-0),UCL 2021.txt,226
UCL_2021_0124,2021/22,2022-05-04,21:00,Semifinals,Semifinals,Real Madrid,ESP,Manchester City,ENG,3,1,2,1,0,0,,,True,False,H,H,,"21:00  Real Madrid (ESP)       v Manchester City (ENG)    3-1 a.e.t. (2-1, 0-0)",UCL 2021.txt,228
UCL_2021_0125,2021/22,2022-05-28,21:35,Final,Final,Liverpool FC,ENG,Real Madrid,ESP,0,1,0,1,0,0,,,False,False,A,A,,21:35  Liverpool FC (ENG)      v Real Madrid (ESP)        0-1 (0-0),UCL 2021.txt,233
UCL_2022_0001,2022/23,2022-09-07,18:45,Group,Group A,AFC Ajax,NED,Rangers FC,SCO,4,0,4,0,3,0,,,False,False,H,H,,18:45  AFC Ajax (NED)          v Rangers FC (SCO)         4-0 (3-0),UCL 2022.txt,11
UCL_2022_0002,2022/23,2022-09-07,21:00,Group,Group A,SSC Napoli,ITA,Liverpool FC,ENG,4,1,4,1,3,0,,,False,False,H,H,,21:00  SSC Napoli (ITA)        v Liverpool FC (ENG)       4-1 (3-0),UCL 2022.txt,12
UCL_2022_0003,2022/23,2022-09-13,21:00,Group,Group A,Liverpool FC,ENG,AFC Ajax,NED,2,1,2,1,1,1,,,False,False,H,H,,21:00  Liverpool FC (ENG)      v AFC Ajax (NED)           2-1 (1-1),UCL 2022.txt,14
UCL_2022_0004,2022/23,2022-09-14,21:00,Group,Group A,Rangers FC,SCO,SSC Napoli,ITA,0,3,0,3,0,0,,,False,False,A,A,,21:00  Rangers FC (SCO)        v SSC Napoli (ITA)         0-3 (0-0),UCL 2022.txt,16
UCL_2022_0005,2022/23,2022-10-04,21:00,Group,Group A,AFC Ajax,NED,SSC Napoli,ITA,1,6,1,6,1,3,,,False,False,A,A,,21:00  AFC Ajax (NED)          v SSC Napoli (ITA)         1-6 (1-3),UCL 2022.txt,18
UCL_2022_0006,2022/23,2022-10-04,,Group,Group A,Liverpool FC,ENG,Rangers FC,SCO,2,0,2,0,1,0,,,False,False,H,H,,Liverpool FC (ENG)      v Rangers FC (SCO)         2-0 (1-0),UCL 2022.txt,19
UCL_2022_0007,2022/23,2022-10-12,18:45,Group,Group A,SSC Napoli,ITA,AFC Ajax,NED,4,2,4,2,2,0,,,False,False,H,H,,18:45  SSC Napoli (ITA)        v AFC Ajax (NED)           4-2 (2-0),UCL 2022.txt,21
UCL_2022_0008,2022/23,2022-10-12,21:00,Group,Group A,Rangers FC,SCO,Liverpool FC,ENG,1,7,1,7,1,1,,,False,False,A,A,,21:00  Rangers FC (SCO)        v Liverpool FC (ENG)       1-7 (1-1),UCL 2022.txt,22
UCL_2022_0009,2022/23,2022-10-26,21:00,Group,Group A,AFC Ajax,NED,Liverpool FC,ENG,0,3,0,3,0,1,,,False,False,A,A,,21:00  AFC Ajax (NED)          v Liverpool FC (ENG)       0-3 (0-1),UCL 2022.txt,24
UCL_2022_0010,2022/23,2022-10-26,,Group,Group A,SSC Napoli,ITA,Rangers FC,SCO,3,0,3,0,2,0,,,False,False,H,H,,SSC Napoli (ITA)        v Rangers FC (SCO)         3-0 (2-0),UCL 2022.txt,25
UCL_2022_0011,2022/23,2022-11-01,21:00,Group,Group A,Rangers FC,SCO,AFC Ajax,NED,1,3,1,3,0,2,,,False,False,A,A,,21:00  Rangers FC (SCO)        v AFC Ajax (NED)           1-3 (0-2),UCL 2022.txt,27
UCL_2022_0012,2022/23,2022-11-01,,Group,Group A,Liverpool FC,ENG,SSC Napoli,ITA,2,0,2,0,0,0,,,False,False,H,H,,Liverpool FC (ENG)      v SSC Napoli (ITA)         2-0 (0-0),UCL 2022.txt,28
UCL_2022_0013,2022/23,2023-09-07,21:00,Group,Group B,Atlético Madrid,ESP,FC Porto,POR,2,1,2,1,0,0,,,False,False,H,H,,21:00  Atlético Madrid (ESP)   v FC Porto (POR)           2-1 (0-0),UCL 2022.txt,33
UCL_2022_0014,2022/23,2023-09-07,,Group,Group B,Club Brugge KV,BEL,Bayer Leverkusen,GER,1,0,1,0,1,0,,,False,False,H,H,,Club Brugge KV (BEL)    v Bayer Leverkusen (GER)   1-0 (1-0),UCL 2022.txt,34
UCL_2022_0015,2022/23,2023-09-13,21:00,Group,Group B,Bayer Leverkusen,GER,Atlético Madrid,ESP,2,0,2,0,0,0,,,False,False,H,H,,21:00  Bayer Leverkusen (GER)  v Atlético Madrid (ESP)    2-0 (0-0),UCL 2022.txt,36
UCL_2022_0016,2022/23,2023-09-13,,Group,Group B,FC Porto,POR,Club Brugge KV,BEL,0,4,0,4,0,1,,,False,False,A,A,,FC Porto (POR)          v Club Brugge KV (BEL)     0-4 (0-1),UCL 2022.txt,37
UCL_2022_0017,2022/23,2023-10-04,21:00,Group,Group B,Club Brugge KV,BEL,Atlético Madrid,ESP,2,0,2,0,1,0,,,False,False,H,H,,21:00  Club Brugge KV (BEL)    v Atlético Madrid (ESP)    2-0 (1-0),UCL 2022.txt,39
UCL_2022_0018,2022/23,2023-10-04,,Group,Group B,FC Porto,POR,Bayer Leverkusen,GER,2,0,2,0,0,0,,,False,False,H,H,,FC Porto (POR)          v Bayer Leverkusen (GER)   2-0 (0-0),UCL 2022.txt,40
UCL_2022_0019,2022/23,2023-10-12,18:45,Group,Group B,Atlético Madrid,ESP,Club Brugge KV,BEL,0,0,0,0,,,,,False,False,D,D,,18:45  Atlético Madrid (ESP)   v Club Brugge KV (BEL)     0-0,UCL 2022.txt,42
UCL_2022_0020,2022/23,2023-10-12,21:00,Group,Group B,Bayer Leverkusen,GER,FC Porto,POR,0,3,0,3,0,1,,,False,False,A,A,,21:00  Bayer Leverkusen (GER)  v FC Porto (POR)           0-3 (0-1),UCL 2022.txt,43
UCL_2022_0021,2022/23,2023-10-26,18:45,Group,Group B,Club Brugge KV,BEL,FC Porto,POR,0,4,0,4,0,1,,,False,False,A,A,,18:45  Club Brugge KV (BEL)    v FC Porto (POR)           0-4 (0-1),UCL 2022.txt,45
UCL_2022_0022,2022/23,2023-10-26,21:00,Group,Group B,Atlético Madrid,ESP,Bayer Leverkusen,GER,2,2,2,2,1,2,,,False,False,D,D,,21:00  Atlético Madrid (ESP)   v Bayer Leverkusen (GER)   2-2 (1-2),UCL 2022.txt,46
UCL_2022_0023,2022/23,2023-11-01,18:45,Group,Group B,FC Porto,POR,Atlético Madrid,ESP,2,1,2,1,2,0,,,False,False,H,H,,18:45  FC Porto (POR)          v Atlético Madrid (ESP)    2-1 (2-0),UCL 2022.txt,48
UCL_2022_0024,2022/23,2023-11-01,,Group,Group B,Bayer Leverkusen,GER,Club Brugge KV,BEL,0,0,0,0,,,,,False,False,D,D,,Bayer Leverkusen (GER)  v Club Brugge KV (BEL)     0-0,UCL 2022.txt,49
UCL_2022_0025,2022/23,2024-09-07,21:00,Group,Group C,Inter,ITA,Bayern München,GER,0,2,0,2,0,1,,,False,False,A,A,,21:00  Inter (ITA)             v Bayern München (GER)     0-2 (0-1),UCL 2022.txt,54
UCL_2022_0026,2022/23,2024-09-07,,Group,Group C,FC Barcelona,ESP,Viktoria Plzeň,CZE,5,1,5,1,3,1,,,False,False,H,H,,FC Barcelona (ESP)      v Viktoria Plzeň (CZE)     5-1 (3-1),UCL 2022.txt,55
UCL_2022_0027,2022/23,2024-09-13,18:45,Group,Group C,Viktoria Plzeň,CZE,Inter,ITA,0,2,0,2,0,1,,,False,False,A,A,,18:45  Viktoria Plzeň (CZE)    v Inter (ITA)              0-2 (0-1),UCL 2022.txt,57
UCL_2022_0028,2022/23,2024-09-13,21:00,Group,Group C,Bayern München,GER,FC Barcelona,ESP,2,0,2,0,0,0,,,False,False,H,H,,21:00  Bayern München (GER)    v FC Barcelona (ESP)       2-0 (0-0),UCL 2022.txt,58
UCL_2022_0029,2022/23,2024-10-04,18:45,Group,Group C,Bayern München,GER,Viktoria Plzeň,CZE,5,0,5,0,3,0,,,False,False,H,H,,18:45  Bayern München (GER)    v Viktoria Plzeň (CZE)     5-0 (3-0),UCL 2022.txt,60
UCL_2022_0030,2022/23,2024-10-04,21:00,Group,Group C,Inter,ITA,FC Barcelona,ESP,1,0,1,0,1,0,,,False,False,H,H,,21:00  Inter (ITA)             v FC Barcelona (ESP)       1-0 (1-0),UCL 2022.txt,61
UCL_2022_0031,2022/23,2024-10-12,21:00,Group,Group C,Viktoria Plzeň,CZE,Bayern München,GER,2,4,2,4,0,4,,,False,False,A,A,,21:00  Viktoria Plzeň (CZE)    v Bayern München (GER)     2-4 (0-4),UCL 2022.txt,63
UCL_2022_0032,2022/23,2024-10-12,,Group,Group C,FC Barcelona,ESP,Inter,ITA,3,3,3,3,1,0,,,False,False,D,D,,FC Barcelona (ESP)      v Inter (ITA)              3-3 (1-0),UCL 2022.txt,64
UCL_2022_0033,2022/23,2024-10-26,18:45,Group,Group C,Inter,ITA,Viktoria Plzeň,CZE,4,0,4,0,2,0,,,False,False,H,H,,18:45  Inter (ITA)             v Viktoria Plzeň (CZE)     4-0 (2-0),UCL 2022.txt,66
UCL_2022_0034,2022/23,2024-10-26,21:00,Group,Group C,FC Barcelona,ESP,Bayern München,GER,0,3,0,3,0,2,,,False,False,A,A,,21:00  FC Barcelona (ESP)      v Bayern München (GER)     0-3 (0-2),UCL 2022.txt,67
UCL_2022_0035,2022/23,2024-11-01,21:00,Group,Group C,Bayern München,GER,Inter,ITA,2,0,2,0,1,0,,,False,False,H,H,,21:00  Bayern München (GER)    v Inter (ITA)              2-0 (1-0),UCL 2022.txt,69
UCL_2022_0036,2022/23,2024-11-01,,Group,Group C,Viktoria Plzeň,CZE,FC Barcelona,ESP,2,4,2,4,0,2,,,False,False,A,A,,Viktoria Plzeň (CZE)    v FC Barcelona (ESP)       2-4 (0-2),UCL 2022.txt,70
UCL_2022_0037,2022/23,2025-09-07,18:45,Group,Group D,Eintracht Frankfurt,GER,Sporting CP,POR,0,3,0,3,0,0,,,False,False,A,A,,18:45  Eintracht Frankfurt (GER) v Sporting CP (POR)        0-3 (0-0),UCL 2022.txt,75
UCL_2022_0038,2022/23,2025-09-07,21:00,Group,Group D,Tottenham Hotspur,ENG,Olympique Marseille,FRA,2,0,2,0,0,0,,,False,False,H,H,,21:00  Tottenham Hotspur (ENG) v Olympique Marseille (FRA)  2-0 (0-0),UCL 2022.txt,76
UCL_2022_0039,2022/23,2025-09-13,18:45,Group,Group D,Sporting CP,POR,Tottenham Hotspur,ENG,2,0,2,0,0,0,,,False,False,H,H,,18:45  Sporting CP (POR)       v Tottenham Hotspur (ENG)  2-0 (0-0),UCL 2022.txt,78
UCL_2022_0040,2022/23,2025-09-13,21:00,Group,Group D,Olympique Marseille,FRA,Eintracht Frankfurt,GER,0,1,0,1,0,1,,,False,False,A,A,,21:00  Olympique Marseille (FRA) v Eintracht Frankfurt (GER)  0-1 (0-1),UCL 2022.txt,79
UCL_2022_0041,2022/23,2025-10-04,18:45,Group,Group D,Olympique Marseille,FRA,Sporting CP,POR,4,1,4,1,3,1,,,False,False,H,H,,18:45  Olympique Marseille (FRA) v Sporting CP (POR)        4-1 (3-1),UCL 2022.txt,81
UCL_2022_0042,2022/23,2025-10-04,21:00,Group,Group D,Eintracht Frankfurt,GER,Tottenham Hotspur,ENG,0,0,0,0,,,,,False,False,D,D,,21:00  Eintracht Frankfurt (GER) v Tottenham Hotspur (ENG)  0-0,UCL 2022.txt,82
UCL_2022_0043,2022/23,2025-10-12,21:00,Group,Group D,Tottenham Hotspur,ENG,Eintracht Frankfurt,GER,3,2,3,2,3,1,,,False,False,H,H,,21:00  Tottenham Hotspur (ENG) v Eintracht Frankfurt (GER)  3-2 (3-1),UCL 2022.txt,84
UCL_2022_0044,2022/23,2025-10-12,,Group,Group D,Sporting CP,POR,Olympique Marseille,FRA,0,2,0,2,0,2,,,False,False,A,A,,Sporting CP (POR)       v Olympique Marseille (FRA)  0-2 (0-2),UCL 2022.txt,85
UCL_2022_0045,2022/23,2025-10-26,21:00,Group,Group D,Eintracht Frankfurt,GER,Olympique Marseille,FRA,2,1,2,1,2,1,,,False,False,H,H,,21:00  Eintracht Frankfurt (GER) v Olympique Marseille (FRA)  2-1 (2-1),UCL 2022.txt,87
UCL_2022_0046,2022/23,2025-10-26,,Group,Group D,Tottenham Hotspur,ENG,Sporting CP,POR,1,1,1,1,0,1,,,False,False,D,D,,Tottenham Hotspur (ENG) v Sporting CP (POR)        1-1 (0-1),UCL 2022.txt,88
UCL_2022_0047,2022/23,2025-11-01,21:00,Group,Group D,Sporting CP,POR,Eintracht Frankfurt,GER,1,2,1,2,1,0,,,False,False,A,A,,21:00  Sporting CP (POR)       v Eintracht Frankfurt (GER)  1-2 (1-0),UCL 2022.txt,90
UCL_2022_0048,2022/23,2025-11-01,,Group,Group D,Olympique Marseille,FRA,Tottenham Hotspur,ENG,1,2,1,2,1,0,,,False,False,A,A,,Olympique Marseille (FRA) v Tottenham Hotspur (ENG)  1-2 (1-0),UCL 2022.txt,91
UCL_2022_0049,2022/23,2026-09-06,18:45,Group,Group E,Dinamo Zagreb,CRO,Chelsea FC,ENG,1,0,1,0,1,0,,,False,False,H,H,,18:45  Dinamo Zagreb (CRO)     v Chelsea FC (ENG)         1-0 (1-0),UCL 2022.txt,96
UCL_2022_0050,2022/23,2026-09-06,21:00,Group,Group E,RB Salzburg,AUT,AC Milan,ITA,1,1,1,1,1,1,,,False,False,D,D,,21:00  RB Salzburg (AUT)       v AC Milan (ITA)           1-1 (1-1),UCL 2022.txt,97
UCL_2022_0051,2022/23,2026-09-14,18:45,Group,Group E,AC Milan,ITA,Dinamo Zagreb,CRO,3,1,3,1,1,0,,,False,False,H,H,,18:45  AC Milan (ITA)          v Dinamo Zagreb (CRO)      3-1 (1-0),UCL 2022.txt,99
UCL_2022_0052,2022/23,2026-09-14,21:00,Group,Group E,Chelsea FC,ENG,RB Salzburg,AUT,1,1,1,1,0,0,,,False,False,D,D,,21:00  Chelsea FC (ENG)        v RB Salzburg (AUT)        1-1 (0-0),UCL 2022.txt,100
UCL_2022_0053,2022/23,2026-10-05,18:45,Group,Group E,RB Salzburg,AUT,Dinamo Zagreb,CRO,1,0,1,0,0,0,,,False,False,H,H,,18:45  RB Salzburg (AUT)       v Dinamo Zagreb (CRO)      1-0 (0-0),UCL 2022.txt,102
UCL_2022_0054,2022/23,2026-10-05,21:00,Group,Group E,Chelsea FC,ENG,AC Milan,ITA,3,0,3,0,1,0,,,False,False,H,H,,21:00  Chelsea FC (ENG)        v AC Milan (ITA)           3-0 (1-0),UCL 2022.txt,103
UCL_2022_0055,2022/23,2026-10-11,21:00,Group,Group E,AC Milan,ITA,Chelsea FC,ENG,0,2,0,2,0,2,,,False,False,A,A,,21:00  AC Milan (ITA)          v Chelsea FC (ENG)         0-2 (0-2),UCL 2022.txt,105
UCL_2022_0056,2022/23,2026-10-11,,Group,Group E,Dinamo Zagreb,CRO,RB Salzburg,AUT,1,1,1,1,1,1,,,False,False,D,D,,Dinamo Zagreb (CRO)     v RB Salzburg (AUT)        1-1 (1-1),UCL 2022.txt,106
UCL_2022_0057,2022/23,2026-10-25,18:45,Group,Group E,RB Salzburg,AUT,Chelsea FC,ENG,1,2,1,2,0,1,,,False,False,A,A,,18:45  RB Salzburg (AUT)       v Chelsea FC (ENG)         1-2 (0-1),UCL 2022.txt,108
UCL_2022_0058,2022/23,2026-10-25,21:00,Group,Group E,Dinamo Zagreb,CRO,AC Milan,ITA,0,4,0,4,0,1,,,False,False,A,A,,21:00  Dinamo Zagreb (CRO)     v AC Milan (ITA)           0-4 (0-1),UCL 2022.txt,109
UCL_2022_0059,2022/23,2026-11-02,21:00,Group,Group E,AC Milan,ITA,RB Salzburg,AUT,4,0,4,0,1,0,,,False,False,H,H,,21:00  AC Milan (ITA)          v RB Salzburg (AUT)        4-0 (1-0),UCL 2022.txt,111
UCL_2022_0060,2022/23,2026-11-02,,Group,Group E,Chelsea FC,ENG,Dinamo Zagreb,CRO,2,1,2,1,2,1,,,False,False,H,H,,Chelsea FC (ENG)        v Dinamo Zagreb (CRO)      2-1 (2-1),UCL 2022.txt,112
UCL_2022_0061,2022/23,2027-09-06,21:00,Group,Group F,Celtic FC,SCO,Real Madrid,ESP,0,3,0,3,0,0,,,False,False,A,A,,21:00  Celtic FC (SCO)         v Real Madrid (ESP)        0-3 (0-0),UCL 2022.txt,117
UCL_2022_0062,2022/23,2027-09-06,,Group,Group F,RB Leipzig,GER,Shakhtar Donetsk,UKR,1,4,1,4,0,1,,,False,False,A,A,,RB Leipzig (GER)        v Shakhtar Donetsk (UKR)   1-4 (0-1),UCL 2022.txt,118
UCL_2022_0063,2022/23,2027-09-14,18:45,Group,Group F,Shakhtar Donetsk,UKR,Celtic FC,SCO,1,1,1,1,1,1,,,False,False,D,D,,18:45  Shakhtar Donetsk (UKR)  v Celtic FC (SCO)          1-1 (1-1),UCL 2022.txt,120
UCL_2022_0064,2022/23,2027-09-14,21:00,Group,Group F,Real Madrid,ESP,RB Leipzig,GER,2,0,2,0,0,0,,,False,False,H,H,,21:00  Real Madrid (ESP)       v RB Leipzig (GER)         2-0 (0-0),UCL 2022.txt,121
UCL_2022_0065,2022/23,2027-10-05,18:45,Group,Group F,RB Leipzig,GER,Celtic FC,SCO,3,1,3,1,1,0,,,False,False,H,H,,18:45  RB Leipzig (GER)        v Celtic FC (SCO)          3-1 (1-0),UCL 2022.txt,123
UCL_2022_0066,2022/23,2027-10-05,21:00,Group,Group F,Real Madrid,ESP,Shakhtar Donetsk,UKR,2,1,2,1,2,1,,,False,False,H,H,,21:00  Real Madrid (ESP)       v Shakhtar Donetsk (UKR)   2-1 (2-1),UCL 2022.txt,124
UCL_2022_0067,2022/23,2027-10-11,21:00,Group,Group F,Celtic FC,SCO,RB Leipzig,GER,0,2,0,2,0,0,,,False,False,A,A,,21:00  Celtic FC (SCO)         v RB Leipzig (GER)         0-2 (0-0),UCL 2022.txt,126
UCL_2022_0068,2022/23,2027-10-11,,Group,Group F,Shakhtar Donetsk,UKR,Real Madrid,ESP,1,1,1,1,0,0,,,False,False,D,D,,Shakhtar Donetsk (UKR)  v Real Madrid (ESP)        1-1 (0-0),UCL 2022.txt,127
UCL_2022_0069,2022/23,2027-10-25,21:00,Group,Group F,Celtic FC,SCO,Shakhtar Donetsk,UKR,1,1,1,1,1,0,,,False,False,D,D,,21:00  Celtic FC (SCO)         v Shakhtar Donetsk (UKR)   1-1 (1-0),UCL 2022.txt,129
UCL_2022_0070,2022/23,2027-10-25,,Group,Group F,RB Leipzig,GER,Real Madrid,ESP,3,2,3,2,2,1,,,False,False,H,H,,RB Leipzig (GER)        v Real Madrid (ESP)        3-2 (2-1),UCL 2022.txt,130
UCL_2022_0071,2022/23,2027-11-02,18:45,Group,Group F,Real Madrid,ESP,Celtic FC,SCO,5,1,5,1,2,0,,,False,False,H,H,,18:45  Real Madrid (ESP)       v Celtic FC (SCO)          5-1 (2-0),UCL 2022.txt,132
UCL_2022_0072,2022/23,2027-11-02,,Group,Group F,Shakhtar Donetsk,UKR,RB Leipzig,GER,0,4,0,4,0,1,,,False,False,A,A,,Shakhtar Donetsk (UKR)  v RB Leipzig (GER)         0-4 (0-1),UCL 2022.txt,133
UCL_2022_0073,2022/23,2028-09-06,18:45,Group,Gruppe G,Borussia Dortmund,GER,FC København,DEN,3,0,3,0,2,0,,,False,False,H,H,,18:45  Borussia Dortmund (GER) v FC København (DEN)       3-0 (2-0),UCL 2022.txt,138
UCL_2022_0074,2022/23,2028-09-06,21:00,Group,Gruppe G,Sevilla FC,ESP,Manchester City,ENG,0,4,0,4,0,1,,,False,False,A,A,,21:00  Sevilla FC (ESP)        v Manchester City (ENG)    0-4 (0-1),UCL 2022.txt,139
UCL_2022_0075,2022/23,2028-09-14,21:00,Group,Gruppe G,Manchester City,ENG,Borussia Dortmund,GER,2,1,2,1,0,0,,,False,False,H,H,,21:00  Manchester City (ENG)   v Borussia Dortmund (GER)  2-1 (0-0),UCL 2022.txt,141
UCL_2022_0076,2022/23,2028-09-14,,Group,Gruppe G,FC København,DEN,Sevilla FC,ESP,0,0,0,0,,,,,False,False,D,D,,FC København (DEN)      v Sevilla FC (ESP)         0-0,UCL 2022.txt,142
UCL_2022_0077,2022/23,2028-10-05,21:00,Group,Gruppe G,Sevilla FC,ESP,Borussia Dortmund,GER,1,4,1,4,0,3,,,False,False,A,A,,21:00  Sevilla FC (ESP)        v Borussia Dortmund (GER)  1-4 (0-3),UCL 2022.txt,144
UCL_2022_0078,2022/23,2028-10-05,,Group,Gruppe G,Manchester City,ENG,FC København,DEN,5,0,5,0,3,0,,,False,False,H,H,,Manchester City (ENG)   v FC København (DEN)       5-0 (3-0),UCL 2022.txt,145
UCL_2022_0079,2022/23,2028-10-11,18:45,Group,Gruppe G,FC København,DEN,Manchester City,ENG,0,0,0,0,,,,,False,False,D,D,,18:45  FC København (DEN)      v Manchester City (ENG)    0-0,UCL 2022.txt,147
UCL_2022_0080,2022/23,2028-10-11,21:00,Group,Gruppe G,Borussia Dortmund,GER,Sevilla FC,ESP,1,1,1,1,1,1,,,False,False,D,D,,21:00  Borussia Dortmund (GER) v Sevilla FC (ESP)         1-1 (1-1),UCL 2022.txt,148
UCL_2022_0081,2022/23,2028-10-25,18:45,Group,Gruppe G,Sevilla FC,ESP,FC København,DEN,3,0,3,0,0,0,,,False,False,H,H,,18:45  Sevilla FC (ESP)        v FC København (DEN)       3-0 (0-0),UCL 2022.txt,150
UCL_2022_0082,2022/23,2028-10-25,21:00,Group,Gruppe G,Borussia Dortmund,GER,Manchester City,ENG,0,0,0,0,,,,,False,False,D,D,,21:00  Borussia Dortmund (GER) v Manchester City (ENG)    0-0,UCL 2022.txt,151
UCL_2022_0083,2022/23,2028-11-02,21:00,Group,Gruppe G,FC København,DEN,Borussia Dortmund,GER,1,1,1,1,1,1,,,False,False,D,D,,21:00  FC København (DEN)      v Borussia Dortmund (GER)  1-1 (1-1),UCL 2022.txt,153
UCL_2022_0084,2022/23,2028-11-02,,Group,Gruppe G,Manchester City,ENG,Sevilla FC,ESP,3,1,3,1,0,1,,,False,False,H,H,,Manchester City (ENG)   v Sevilla FC (ESP)         3-1 (0-1),UCL 2022.txt,154
UCL_2022_0085,2022/23,2029-09-06,21:00,Group,Gruppe H,Paris Saint-Germain,FRA,Juventus,ITA,2,1,2,1,2,0,,,False,False,H,H,,21:00  Paris Saint-Germain (FRA) v Juventus (ITA)           2-1 (2-0),UCL 2022.txt,159
UCL_2022_0086,2022/23,2029-09-06,,Group,Gruppe H,SL Benfica,POR,Maccabi Haifa,ISR,2,0,2,0,0,0,,,False,False,H,H,,SL Benfica (POR)        v Maccabi Haifa (ISR)      2-0 (0-0),UCL 2022.txt,160
UCL_2022_0087,2022/23,2029-09-14,21:00,Group,Gruppe H,Juventus,ITA,SL Benfica,POR,1,2,1,2,1,1,,,False,False,A,A,,21:00  Juventus (ITA)          v SL Benfica (POR)         1-2 (1-1),UCL 2022.txt,162
UCL_2022_0088,2022/23,2029-09-14,,Group,Gruppe H,Maccabi Haifa,ISR,Paris Saint-Germain,FRA,1,3,1,3,1,1,,,False,False,A,A,,Maccabi Haifa (ISR)     v Paris Saint-Germain (FRA)  1-3 (1-1),UCL 2022.txt,163
UCL_2022_0089,2022/23,2029-10-05,21:00,Group,Gruppe H,Juventus,ITA,Maccabi Haifa,ISR,3,1,3,1,1,0,,,False,False,H,H,,21:00  Juventus (ITA)          v Maccabi Haifa (ISR)      3-1 (1-0),UCL 2022.txt,165
UCL_2022_0090,2022/23,2029-10-05,,Group,Gruppe H,SL Benfica,POR,Paris Saint-Germain,FRA,1,1,1,1,1,1,,,False,False,D,D,,SL Benfica (POR)        v Paris Saint-Germain (FRA)  1-1 (1-1),UCL 2022.txt,166
UCL_2022_0091,2022/23,2029-10-11,18:45,Group,Gruppe H,Maccabi Haifa,ISR,Juventus,ITA,2,0,2,0,2,0,,,False,False,H,H,,18:45  Maccabi Haifa (ISR)     v Juventus (ITA)           2-0 (2-0),UCL 2022.txt,168
UCL_2022_0092,2022/23,2029-10-11,21:00,Group,Gruppe H,Paris Saint-Germain,FRA,SL Benfica,POR,1,1,1,1,1,0,,,False,False,D,D,,21:00  Paris Saint-Germain (FRA) v SL Benfica (POR)         1-1 (1-0),UCL 2022.txt,169
UCL_2022_0093,2022/23,2029-10-25,21:00,Group,Gruppe H,SL Benfica,POR,Juventus,ITA,4,3,4,3,2,1,,,False,False,H,H,,21:00  SL Benfica (POR)        v Juventus (ITA)           4-3 (2-1),UCL 2022.txt,171
UCL_2022_0094,2022/23,2029-10-25,,Group,Gruppe H,Paris Saint-Germain,FRA,Maccabi Haifa,ISR,7,2,7,2,4,1,,,False,False,H,H,,Paris Saint-Germain (FRA) v Maccabi Haifa (ISR)      7-2 (4-1),UCL 2022.txt,172
UCL_2022_0095,2022/23,2029-11-02,21:00,Group,Gruppe H,Juventus,ITA,Paris Saint-Germain,FRA,1,2,1,2,1,1,,,False,False,A,A,,21:00  Juventus (ITA)          v Paris Saint-Germain (FRA)  1-2 (1-1),UCL 2022.txt,174
UCL_2022_0096,2022/23,2029-11-02,,Group,Gruppe H,Maccabi Haifa,ISR,SL Benfica,POR,1,6,1,6,1,1,,,False,False,A,A,,Maccabi Haifa (ISR)     v SL Benfica (POR)         1-6 (1-1),UCL 2022.txt,175
UCL_2022_0097,2022/23,2023-02-14,21:00,Round of 16,Round of 16,AC Milan,ITA,Tottenham Hotspur,ENG,1,0,1,0,1,0,,,False,False,H,H,,21:00  AC Milan (ITA)          v Tottenham Hotspur (ENG)  1-0 (1-0),UCL 2022.txt,180
UCL_2022_0098,2022/23,2023-02-14,,Round of 16,Round of 16,Paris Saint-Germain,FRA,Bayern München,GER,0,1,0,1,0,0,,,False,False,A,A,,Paris Saint-Germain (FRA) v Bayern München (GER)     0-1 (0-0),UCL 2022.txt,181
UCL_2022_0099,2022/23,2023-02-15,21:00,Round of 16,Round of 16,Club Brugge KV,BEL,SL Benfica,POR,0,2,0,2,0,0,,,False,False,A,A,,21:00  Club Brugge KV (BEL)    v SL Benfica (POR)         0-2 (0-0),UCL 2022.txt,183
UCL_2022_0100,2022/23,2023-02-15,,Round of 16,Round of 16,Borussia Dortmund,GER,Chelsea FC,ENG,1,0,1,0,0,0,,,False,False,H,H,,Borussia Dortmund (GER) v Chelsea FC (ENG)         1-0 (0-0),UCL 2022.txt,184
UCL_2022_0101,2022/23,2023-02-21,21:00,Round of 16,Round of 16,Liverpool FC,ENG,Real Madrid,ESP,2,5,2,5,2,2,,,False,False,A,A,,21:00  Liverpool FC (ENG)      v Real Madrid (ESP)        2-5 (2-2),UCL 2022.txt,186
UCL_2022_0102,2022/23,2023-02-21,,Round of 16,Round of 16,Eintracht Frankfurt,GER,SSC Napoli,ITA,0,2,0,2,0,1,,,False,False,A,A,,Eintracht Frankfurt (GER) v SSC Napoli (ITA)         0-2 (0-1),UCL 2022.txt,187
UCL_2022_0103,2022/23,2023-02-22,21:00,Round of 16,Round of 16,RB Leipzig,GER,Manchester City,ENG,1,1,1,1,0,1,,,False,False,D,D,,21:00  RB Leipzig (GER)        v Manchester City (ENG)    1-1 (0-1),UCL 2022.txt,189
UCL_2022_0104,2022/23,2023-02-22,,Round of 16,Round of 16,Inter,ITA,FC Porto,POR,1,0,1,0,0,0,,,False,False,H,H,,Inter (ITA)             v FC Porto (POR)           1-0 (0-0),UCL 2022.txt,190
UCL_2022_0105,2022/23,2023-03-07,21:00,Round of 16,Round of 16,SL Benfica,POR,Club Brugge KV,BEL,5,1,5,1,2,0,,,False,False,H,H,,21:00  SL Benfica (POR)        v Club Brugge KV (BEL)     5-1 (2-0),UCL 2022.txt,192
UCL_2022_0106,2022/23,2023-03-07,21:10,Round of 16,Round of 16,Chelsea FC,ENG,Borussia Dortmund,GER,2,0,2,0,1,0,,,False,False,H,H,,21:10  Chelsea FC (ENG)        v Borussia Dortmund (GER)  2-0 (1-0),UCL 2022.txt,193
UCL_2022_0107,2022/23,2023-03-08,21:00,Round of 16,Round of 16,Bayern München,GER,Paris Saint-Germain,FRA,2,0,2,0,0,0,,,False,False,H,H,,21:00  Bayern München (GER)    v Paris Saint-Germain (FRA)  2-0 (0-0),UCL 2022.txt,195
UCL_2022_0108,2022/23,2023-03-08,21:10,Round of 16,Round of 16,Tottenham Hotspur,ENG,AC Milan,ITA,0,0,0,0,,,,,False,False,D,D,,21:10  Tottenham Hotspur (ENG) v AC Milan (ITA)           0-0,UCL 2022.txt,196
UCL_2022_0109,2022/23,2023-03-14,21:00,Round of 16,Round of 16,Manchester City,ENG,RB Leipzig,GER,7,0,7,0,3,0,,,False,False,H,H,,21:00  Manchester City (ENG)   v RB Leipzig (GER)         7-0 (3-0),UCL 2022.txt,198
UCL_2022_0110,2022/23,2023-03-14,,Round of 16,Round of 16,FC Porto,POR,Inter,ITA,0,0,0,0,,,,,False,False,D,D,,FC Porto (POR)          v Inter (ITA)              0-0,UCL 2022.txt,199
UCL_2022_0111,2022/23,2023-03-15,21:00,Round of 16,Round of 16,Real Madrid,ESP,Liverpool FC,ENG,1,0,1,0,0,0,,,False,False,H,H,,21:00  Real Madrid (ESP)       v Liverpool FC (ENG)       1-0 (0-0),UCL 2022.txt,201
UCL_2022_0112,2022/23,2023-03-15,,Round of 16,Round of 16,SSC Napoli,ITA,Eintracht Frankfurt,GER,3,0,3,0,1,0,,,False,False,H,H,,SSC Napoli (ITA)        v Eintracht Frankfurt (GER)  3-0 (1-0),UCL 2022.txt,202
UCL_2022_0113,2022/23,2023-04-11,21:00,Quarterfinals,Quarterfinals,SL Benfica,POR,Inter,ITA,0,2,0,2,0,0,,,False,False,A,A,,21:00  SL Benfica (POR)        v Inter (ITA)              0-2 (0-0),UCL 2022.txt,207
UCL_2022_0114,2022/23,2023-04-11,,Quarterfinals,Quarterfinals,Manchester City,ENG,Bayern München,GER,3,0,3,0,1,0,,,False,False,H,H,,Manchester City (ENG)   v Bayern München (GER)     3-0 (1-0),UCL 2022.txt,208
UCL_2022_0115,2022/23,2023-04-12,21:00,Quarterfinals,Quarterfinals,Real Madrid,ESP,Chelsea FC,ENG,2,0,2,0,1,0,,,False,False,H,H,,21:00  Real Madrid (ESP)       v Chelsea FC (ENG)         2-0 (1-0),UCL 2022.txt,210
UCL_2022_0116,2022/23,2023-04-12,,Quarterfinals,Quarterfinals,AC Milan,ITA,SSC Napoli,ITA,1,0,1,0,1,0,,,False,False,H,H,,AC Milan (ITA)          v SSC Napoli (ITA)         1-0 (1-0),UCL 2022.txt,211
UCL_2022_0117,2022/23,2023-04-18,21:00,Quarterfinals,Quarterfinals,Chelsea FC,ENG,Real Madrid,ESP,0,2,0,2,0,0,,,False,False,A,A,,21:00  Chelsea FC (ENG)        v Real Madrid (ESP)        0-2 (0-0),UCL 2022.txt,213
UCL_2022_0118,2022/23,2023-04-18,,Quarterfinals,Quarterfinals,SSC Napoli,ITA,AC Milan,ITA,1,1,1,1,0,1,,,False,False,D,D,,SSC Napoli (ITA)        v AC Milan (ITA)           1-1 (0-1),UCL 2022.txt,214
UCL_2022_0119,2022/23,2023-04-19,21:00,Quarterfinals,Quarterfinals,Inter,ITA,SL Benfica,POR,3,3,3,3,1,1,,,False,False,D,D,,21:00  Inter (ITA)             v SL Benfica (POR)         3-3 (1-1),UCL 2022.txt,216
UCL_2022_0120,2022/23,2023-04-19,,Quarterfinals,Quarterfinals,Bayern München,GER,Manchester City,ENG,1,1,1,1,0,0,,,False,False,D,D,,Bayern München (GER)    v Manchester City (ENG)    1-1 (0-0),UCL 2022.txt,217
UCL_2022_0121,2022/23,2023-05-09,21:00,Semifinals,Semifinals,Real Madrid,ESP,Manchester City,ENG,1,1,1,1,1,0,,,False,False,D,D,,21:00  Real Madrid (ESP)       v Manchester City (ENG)    1-1 (1-0),UCL 2022.txt,222
UCL_2022_0122,2022/23,2023-05-10,21:00,Semifinals,Semifinals,AC Milan,ITA,Inter,ITA,0,2,0,2,0,2,,,False,False,A,A,,21:00  AC Milan (ITA)          v Inter (ITA)              0-2 (0-2),UCL 2022.txt,224
UCL_2022_0123,2022/23,2023-05-16,21:00,Semifinals,Semifinals,Inter,ITA,AC Milan,ITA,1,0,1,0,0,0,,,False,False,H,H,,21:00  Inter (ITA)             v AC Milan (ITA)           1-0 (0-0),UCL 2022.txt,226
UCL_2022_0124,2022/23,2023-05-17,21:00,Semifinals,Semifinals,Manchester City,ENG,Real Madrid,ESP,4,0,4,0,2,0,,,False,False,H,H,,21:00  Manchester City (ENG)   v Real Madrid (ESP)        4-0 (2-0),UCL 2022.txt,228
UCL_2022_0125,2022/23,2023-06-10,21:00,Final,Final,Manchester City,ENG,Inter,ITA,1,0,1,0,0,0,,,False,False,H,H,,21:00  Manchester City (ENG)   v Inter (ITA)              1-0 (0-0),UCL 2022.txt,233
UCL_2023_0001,2023/24,2023-09-19,18:45,Group,Matchday 1,AC Milan,ITA,Newcastle United FC,ENG,0,0,0,0,,,,,False,False,D,D,,18:45  AC Milan (ITA)          v Newcastle United FC (ENG)  0-0,UCL 2023.txt,12
UCL_2023_0002,2023/24,2023-09-19,,Group,Matchday 1,BSC Young Boys,SUI,RB Leipzig,GER,1,3,1,3,1,1,,,False,False,A,A,,BSC Young Boys (SUI)    v RB Leipzig (GER)         1-3 (1-1),UCL 2023.txt,13
UCL_2023_0003,2023/24,2023-09-19,21:00,Group,Matchday 1,SS Lazio,ITA,Club Atlético de Madrid,ESP,1,1,1,1,0,1,,,False,False,D,D,,21:00  SS Lazio (ITA)          v Club Atlético de Madrid (ESP)  1-1 (0-1),UCL 2023.txt,14
UCL_2023_0004,2023/24,2023-09-19,,Group,Matchday 1,Feyenoord Rotterdam,NED,Celtic FC,SCO,2,0,2,0,1,0,,,False,False,H,H,,Feyenoord Rotterdam (NED) v Celtic FC (SCO)          2-0 (1-0),UCL 2023.txt,15
UCL_2023_0005,2023/24,2023-09-19,,Group,Matchday 1,Paris Saint-Germain FC,FRA,Borussia Dortmund,GER,2,0,2,0,0,0,,,False,False,H,H,,Paris Saint-Germain FC (FRA) v Borussia Dortmund (GER)  2-0 (0-0),UCL 2023.txt,16
UCL_2023_0006,2023/24,2023-09-19,,Group,Matchday 1,Manchester City FC,ENG,FK Crvena Zvezda,SRB,3,1,3,1,0,1,,,False,False,H,H,,Manchester City FC (ENG) v FK Crvena Zvezda (SRB)   3-1 (0-1),UCL 2023.txt,17
UCL_2023_0007,2023/24,2023-09-19,,Group,Matchday 1,FC Barcelona,ESP,Royal Antwerp FC,BEL,5,0,5,0,3,0,,,False,False,H,H,,FC Barcelona (ESP)      v Royal Antwerp FC (BEL)   5-0 (3-0),UCL 2023.txt,18
UCL_2023_0008,2023/24,2023-09-19,,Group,Matchday 1,FK Shakhtar Donetsk,UKR,FC Porto,POR,1,3,1,3,1,3,,,False,False,A,A,,FK Shakhtar Donetsk (UKR) v FC Porto (POR)           1-3 (1-3),UCL 2023.txt,19
UCL_2023_0009,2023/24,2023-09-20,18:45,Group,Matchday 1,Real Madrid CF,ESP,1. FC Union Berlin,GER,1,0,1,0,0,0,,,False,False,H,H,,18:45  Real Madrid CF (ESP)    v 1. FC Union Berlin (GER)  1-0 (0-0),UCL 2023.txt,21
UCL_2023_0010,2023/24,2023-09-20,,Group,Matchday 1,Galatasaray SK,TUR,FC København,DEN,2,2,2,2,0,1,,,False,False,D,D,,Galatasaray SK (TUR)    v FC København (DEN)       2-2 (0-1),UCL 2023.txt,22
UCL_2023_0011,2023/24,2023-09-20,21:00,Group,Matchday 1,Sevilla FC,ESP,Racing Club de Lens,FRA,1,1,1,1,1,1,,,False,False,D,D,,21:00  Sevilla FC (ESP)        v Racing Club de Lens (FRA)  1-1 (1-1),UCL 2023.txt,23
UCL_2023_0012,2023/24,2023-09-20,,Group,Matchday 1,Sporting Clube de Braga,POR,SSC Napoli,ITA,1,2,1,2,0,1,,,False,False,A,A,,Sporting Clube de Braga (POR) v SSC Napoli (ITA)         1-2 (0-1),UCL 2023.txt,24
UCL_2023_0013,2023/24,2023-09-20,,Group,Matchday 1,Real Sociedad de Fútbol,ESP,FC Internazionale Milano,ITA,1,1,1,1,1,0,,,False,False,D,D,,Real Sociedad de Fútbol (ESP) v FC Internazionale Milano (ITA)  1-1 (1-0),UCL 2023.txt,25
UCL_2023_0014,2023/24,2023-09-20,,Group,Matchday 1,Sport Lisboa e Benfica,POR,FC Red Bull Salzburg,AUT,0,2,0,2,0,1,,,False,False,A,A,,Sport Lisboa e Benfica (POR) v FC Red Bull Salzburg (AUT)  0-2 (0-1),UCL 2023.txt,26
UCL_2023_0015,2023/24,2023-09-20,,Group,Matchday 1,FC Bayern München,GER,Manchester United FC,ENG,4,3,4,3,2,0,,,False,False,H,H,,FC Bayern München (GER) v Manchester United FC (ENG)  4-3 (2-0),UCL 2023.txt,27
UCL_2023_0016,2023/24,2023-09-20,,Group,Matchday 1,Arsenal FC,ENG,PSV,NED,4,0,4,0,3,0,,,False,False,H,H,,Arsenal FC (ENG)        v PSV (NED)                4-0 (3-0),UCL 2023.txt,28
UCL_2023_0017,2023/24,2023-10-03,18:45,Group,Matchday 2,1. FC Union Berlin,GER,Sporting Clube de Braga,POR,2,3,2,3,2,1,,,False,False,A,A,,18:45  1. FC Union Berlin (GER) v Sporting Clube de Braga (POR)  2-3 (2-1),UCL 2023.txt,33
UCL_2023_0018,2023/24,2023-10-03,,Group,Matchday 2,FC Red Bull Salzburg,AUT,Real Sociedad de Fútbol,ESP,0,2,0,2,0,2,,,False,False,A,A,,FC Red Bull Salzburg (AUT) v Real Sociedad de Fútbol (ESP)  0-2 (0-2),UCL 2023.txt,34
UCL_2023_0019,2023/24,2023-10-03,21:00,Group,Matchday 2,SSC Napoli,ITA,Real Madrid CF,ESP,2,3,2,3,1,2,,,False,False,A,A,,21:00  SSC Napoli (ITA)        v Real Madrid CF (ESP)     2-3 (1-2),UCL 2023.txt,35
UCL_2023_0020,2023/24,2023-10-03,,Group,Matchday 2,FC Internazionale Milano,ITA,Sport Lisboa e Benfica,POR,1,0,1,0,0,0,,,False,False,H,H,,FC Internazionale Milano (ITA) v Sport Lisboa e Benfica (POR)  1-0 (0-0),UCL 2023.txt,36
UCL_2023_0021,2023/24,2023-10-03,,Group,Matchday 2,FC København,DEN,FC Bayern München,GER,1,2,1,2,0,0,,,False,False,A,A,,FC København (DEN)      v FC Bayern München (GER)  1-2 (0-0),UCL 2023.txt,37
UCL_2023_0022,2023/24,2023-10-03,,Group,Matchday 2,Manchester United FC,ENG,Galatasaray SK,TUR,2,3,2,3,1,1,,,False,False,A,A,,Manchester United FC (ENG) v Galatasaray SK (TUR)     2-3 (1-1),UCL 2023.txt,38
UCL_2023_0023,2023/24,2023-10-03,,Group,Matchday 2,Racing Club de Lens,FRA,Arsenal FC,ENG,2,1,2,1,1,1,,,False,False,H,H,,Racing Club de Lens (FRA) v Arsenal FC (ENG)         2-1 (1-1),UCL 2023.txt,39
UCL_2023_0024,2023/24,2023-10-03,,Group,Matchday 2,PSV,NED,Sevilla FC,ESP,2,2,2,2,0,0,,,False,False,D,D,,PSV (NED)               v Sevilla FC (ESP)         2-2 (0-0),UCL 2023.txt,40
UCL_2023_0025,2023/24,2023-10-04,18:45,Group,Matchday 2,Club Atlético de Madrid,ESP,Feyenoord Rotterdam,NED,3,2,3,2,2,2,,,False,False,H,H,,18:45  Club Atlético de Madrid (ESP) v Feyenoord Rotterdam (NED)  3-2 (2-2),UCL 2023.txt,42
UCL_2023_0026,2023/24,2023-10-04,,Group,Matchday 2,Royal Antwerp FC,BEL,FK Shakhtar Donetsk,UKR,2,3,2,3,2,0,,,False,False,A,A,,Royal Antwerp FC (BEL)  v FK Shakhtar Donetsk (UKR)  2-3 (2-0),UCL 2023.txt,43
UCL_2023_0027,2023/24,2023-10-04,21:00,Group,Matchday 2,Celtic FC,SCO,SS Lazio,ITA,1,2,1,2,1,1,,,False,False,A,A,,21:00  Celtic FC (SCO)         v SS Lazio (ITA)           1-2 (1-1),UCL 2023.txt,44
UCL_2023_0028,2023/24,2023-10-04,,Group,Matchday 2,Borussia Dortmund,GER,AC Milan,ITA,0,0,0,0,,,,,False,False,D,D,,Borussia Dortmund (GER) v AC Milan (ITA)           0-0,UCL 2023.txt,45
UCL_2023_0029,2023/24,2023-10-04,,Group,Matchday 2,Newcastle United FC,ENG,Paris Saint-Germain FC,FRA,4,1,4,1,2,0,,,False,False,H,H,,Newcastle United FC (ENG) v Paris Saint-Germain FC (FRA)  4-1 (2-0),UCL 2023.txt,46
UCL_2023_0030,2023/24,2023-10-04,,Group,Matchday 2,FK Crvena Zvezda,SRB,BSC Young Boys,SUI,2,2,2,2,1,0,,,False,False,D,D,,FK Crvena Zvezda (SRB)  v BSC Young Boys (SUI)     2-2 (1-0),UCL 2023.txt,47
UCL_2023_0031,2023/24,2023-10-04,,Group,Matchday 2,RB Leipzig,GER,Manchester City FC,ENG,1,3,1,3,0,1,,,False,False,A,A,,RB Leipzig (GER)        v Manchester City FC (ENG)  1-3 (0-1),UCL 2023.txt,48
UCL_2023_0032,2023/24,2023-10-04,,Group,Matchday 2,FC Porto,POR,FC Barcelona,ESP,0,1,0,1,0,1,,,False,False,A,A,,FC Porto (POR)          v FC Barcelona (ESP)       0-1 (0-1),UCL 2023.txt,49
UCL_2023_0033,2023/24,2023-10-24,18:45,Group,Matchday 3,FC Internazionale Milano,ITA,FC Red Bull Salzburg,AUT,2,1,2,1,1,0,,,False,False,H,H,,18:45  FC Internazionale Milano (ITA) v FC Red Bull Salzburg (AUT)  2-1 (1-0),UCL 2023.txt,54
UCL_2023_0034,2023/24,2023-10-24,,Group,Matchday 3,Galatasaray SK,TUR,FC Bayern München,GER,1,3,1,3,1,1,,,False,False,A,A,,Galatasaray SK (TUR)    v FC Bayern München (GER)  1-3 (1-1),UCL 2023.txt,55
UCL_2023_0035,2023/24,2023-10-24,21:00,Group,Matchday 3,1. FC Union Berlin,GER,SSC Napoli,ITA,0,1,0,1,0,0,,,False,False,A,A,,21:00  1. FC Union Berlin (GER) v SSC Napoli (ITA)         0-1 (0-0),UCL 2023.txt,56
UCL_2023_0036,2023/24,2023-10-24,,Group,Matchday 3,Sporting Clube de Braga,POR,Real Madrid CF,ESP,1,2,1,2,0,1,,,False,False,A,A,,Sporting Clube de Braga (POR) v Real Madrid CF (ESP)     1-2 (0-1),UCL 2023.txt,57
UCL_2023_0037,2023/24,2023-10-24,,Group,Matchday 3,Sport Lisboa e Benfica,POR,Real Sociedad de Fútbol,ESP,0,1,0,1,0,0,,,False,False,A,A,,Sport Lisboa e Benfica (POR) v Real Sociedad de Fútbol (ESP)  0-1 (0-0),UCL 2023.txt,58
UCL_2023_0038,2023/24,2023-10-24,,Group,Matchday 3,Manchester United FC,ENG,FC København,DEN,1,0,1,0,0,0,,,False,False,H,H,,Manchester United FC (ENG) v FC København (DEN)       1-0 (0-0),UCL 2023.txt,59
UCL_2023_0039,2023/24,2023-10-24,,Group,Matchday 3,Sevilla FC,ESP,Arsenal FC,ENG,1,2,1,2,0,1,,,False,False,A,A,,Sevilla FC (ESP)        v Arsenal FC (ENG)         1-2 (0-1),UCL 2023.txt,60
UCL_2023_0040,2023/24,2023-10-24,,Group,Matchday 3,Racing Club de Lens,FRA,PSV,NED,1,1,1,1,0,0,,,False,False,D,D,,Racing Club de Lens (FRA) v PSV (NED)                1-1 (0-0),UCL 2023.txt,61
UCL_2023_0041,2023/24,2023-10-25,18:45,Group,Matchday 3,Feyenoord Rotterdam,NED,SS Lazio,ITA,3,1,3,1,2,0,,,False,False,H,H,,18:45  Feyenoord Rotterdam (NED) v SS Lazio (ITA)           3-1 (2-0),UCL 2023.txt,63
UCL_2023_0042,2023/24,2023-10-25,,Group,Matchday 3,FC Barcelona,ESP,FK Shakhtar Donetsk,UKR,2,1,2,1,2,0,,,False,False,H,H,,FC Barcelona (ESP)      v FK Shakhtar Donetsk (UKR)  2-1 (2-0),UCL 2023.txt,64
UCL_2023_0043,2023/24,2023-10-25,21:00,Group,Matchday 3,Celtic FC,SCO,Club Atlético de Madrid,ESP,2,2,2,2,2,1,,,False,False,D,D,,21:00  Celtic FC (SCO)         v Club Atlético de Madrid (ESP)  2-2 (2-1),UCL 2023.txt,65
UCL_2023_0044,2023/24,2023-10-25,,Group,Matchday 3,Paris Saint-Germain FC,FRA,AC Milan,ITA,3,0,3,0,1,0,,,False,False,H,H,,Paris Saint-Germain FC (FRA) v AC Milan (ITA)           3-0 (1-0),UCL 2023.txt,66
UCL_2023_0045,2023/24,2023-10-25,,Group,Matchday 3,Newcastle United FC,ENG,Borussia Dortmund,GER,0,1,0,1,0,1,,,False,False,A,A,,Newcastle United FC (ENG) v Borussia Dortmund (GER)  0-1 (0-1),UCL 2023.txt,67
UCL_2023_0046,2023/24,2023-10-25,,Group,Matchday 3,BSC Young Boys,SUI,Manchester City FC,ENG,1,3,1,3,0,0,,,False,False,A,A,,BSC Young Boys (SUI)    v Manchester City FC (ENG)  1-3 (0-0),UCL 2023.txt,68
UCL_2023_0047,2023/24,2023-10-25,,Group,Matchday 3,RB Leipzig,GER,FK Crvena Zvezda,SRB,3,1,3,1,1,0,,,False,False,H,H,,RB Leipzig (GER)        v FK Crvena Zvezda (SRB)   3-1 (1-0),UCL 2023.txt,69
UCL_2023_0048,2023/24,2023-10-25,,Group,Matchday 3,Royal Antwerp FC,BEL,FC Porto,POR,1,4,1,4,1,0,,,False,False,A,A,,Royal Antwerp FC (BEL)  v FC Porto (POR)           1-4 (1-0),UCL 2023.txt,70
UCL_2023_0049,2023/24,2023-11-07,18:45,Group,Matchday 4,Borussia Dortmund,GER,Newcastle United FC,ENG,2,0,2,0,1,0,,,False,False,H,H,,18:45  Borussia Dortmund (GER) v Newcastle United FC (ENG)  2-0 (1-0),UCL 2023.txt,75
UCL_2023_0050,2023/24,2023-11-07,,Group,Matchday 4,FK Shakhtar Donetsk,UKR,FC Barcelona,ESP,1,0,1,0,1,0,,,False,False,H,H,,FK Shakhtar Donetsk (UKR) v FC Barcelona (ESP)       1-0 (1-0),UCL 2023.txt,76
UCL_2023_0051,2023/24,2023-11-07,21:00,Group,Matchday 4,Club Atlético de Madrid,ESP,Celtic FC,SCO,6,0,6,0,2,0,,,False,False,H,H,,21:00  Club Atlético de Madrid (ESP) v Celtic FC (SCO)          6-0 (2-0),UCL 2023.txt,77
UCL_2023_0052,2023/24,2023-11-07,,Group,Matchday 4,SS Lazio,ITA,Feyenoord Rotterdam,NED,1,0,1,0,1,0,,,False,False,H,H,,SS Lazio (ITA)          v Feyenoord Rotterdam (NED)  1-0 (1-0),UCL 2023.txt,78
UCL_2023_0053,2023/24,2023-11-07,,Group,Matchday 4,AC Milan,ITA,Paris Saint-Germain FC,FRA,2,1,2,1,1,1,,,False,False,H,H,,AC Milan (ITA)          v Paris Saint-Germain FC (FRA)  2-1 (1-1),UCL 2023.txt,79
UCL_2023_0054,2023/24,2023-11-07,,Group,Matchday 4,Manchester City FC,ENG,BSC Young Boys,SUI,3,0,3,0,2,0,,,False,False,H,H,,Manchester City FC (ENG) v BSC Young Boys (SUI)     3-0 (2-0),UCL 2023.txt,80
UCL_2023_0055,2023/24,2023-11-07,,Group,Matchday 4,FK Crvena Zvezda,SRB,RB Leipzig,GER,1,2,1,2,0,1,,,False,False,A,A,,FK Crvena Zvezda (SRB)  v RB Leipzig (GER)         1-2 (0-1),UCL 2023.txt,81
UCL_2023_0056,2023/24,2023-11-07,,Group,Matchday 4,FC Porto,POR,Royal Antwerp FC,BEL,2,0,2,0,1,0,,,False,False,H,H,,FC Porto (POR)          v Royal Antwerp FC (BEL)   2-0 (1-0),UCL 2023.txt,82
UCL_2023_0057,2023/24,2023-11-08,18:45,Group,Matchday 4,SSC Napoli,ITA,1. FC Union Berlin,GER,1,1,1,1,1,0,,,False,False,D,D,,18:45  SSC Napoli (ITA)        v 1. FC Union Berlin (GER)  1-1 (1-0),UCL 2023.txt,84
UCL_2023_0058,2023/24,2023-11-08,,Group,Matchday 4,Real Sociedad de Fútbol,ESP,Sport Lisboa e Benfica,POR,3,1,3,1,3,0,,,False,False,H,H,,Real Sociedad de Fútbol (ESP) v Sport Lisboa e Benfica (POR)  3-1 (3-0),UCL 2023.txt,85
UCL_2023_0059,2023/24,2023-11-08,21:00,Group,Matchday 4,Real Madrid CF,ESP,Sporting Clube de Braga,POR,3,0,3,0,1,0,,,False,False,H,H,,21:00  Real Madrid CF (ESP)    v Sporting Clube de Braga (POR)  3-0 (1-0),UCL 2023.txt,86
UCL_2023_0060,2023/24,2023-11-08,,Group,Matchday 4,FC Red Bull Salzburg,AUT,FC Internazionale Milano,ITA,0,1,0,1,0,0,,,False,False,A,A,,FC Red Bull Salzburg (AUT) v FC Internazionale Milano (ITA)  0-1 (0-0),UCL 2023.txt,87
UCL_2023_0061,2023/24,2023-11-08,,Group,Matchday 4,FC Bayern München,GER,Galatasaray SK,TUR,2,1,2,1,0,0,,,False,False,H,H,,FC Bayern München (GER) v Galatasaray SK (TUR)     2-1 (0-0),UCL 2023.txt,88
UCL_2023_0062,2023/24,2023-11-08,,Group,Matchday 4,FC København,DEN,Manchester United FC,ENG,4,3,4,3,2,2,,,False,False,H,H,,FC København (DEN)      v Manchester United FC (ENG)  4-3 (2-2),UCL 2023.txt,89
UCL_2023_0063,2023/24,2023-11-08,,Group,Matchday 4,Arsenal FC,ENG,Sevilla FC,ESP,2,0,2,0,1,0,,,False,False,H,H,,Arsenal FC (ENG)        v Sevilla FC (ESP)         2-0 (1-0),UCL 2023.txt,90
UCL_2023_0064,2023/24,2023-11-08,,Group,Matchday 4,PSV,NED,Racing Club de Lens,FRA,1,0,1,0,1,0,,,False,False,H,H,,PSV (NED)               v Racing Club de Lens (FRA)  1-0 (1-0),UCL 2023.txt,91
UCL_2023_0065,2023/24,2023-11-28,18:45,Group,Matchday 5,SS Lazio,ITA,Celtic FC,SCO,2,0,2,0,0,0,,,False,False,H,H,,18:45  SS Lazio (ITA)          v Celtic FC (SCO)          2-0 (0-0),UCL 2023.txt,96
UCL_2023_0066,2023/24,2023-11-28,,Group,Matchday 5,FK Shakhtar Donetsk,UKR,Royal Antwerp FC,BEL,1,0,1,0,1,0,,,False,False,H,H,,FK Shakhtar Donetsk (UKR) v Royal Antwerp FC (BEL)   1-0 (1-0),UCL 2023.txt,97
UCL_2023_0067,2023/24,2023-11-28,21:00,Group,Matchday 5,Feyenoord Rotterdam,NED,Club Atlético de Madrid,ESP,1,3,1,3,0,1,,,False,False,A,A,,21:00  Feyenoord Rotterdam (NED) v Club Atlético de Madrid (ESP)  1-3 (0-1),UCL 2023.txt,98
UCL_2023_0068,2023/24,2023-11-28,,Group,Matchday 5,AC Milan,ITA,Borussia Dortmund,GER,1,3,1,3,1,1,,,False,False,A,A,,AC Milan (ITA)          v Borussia Dortmund (GER)  1-3 (1-1),UCL 2023.txt,99
UCL_2023_0069,2023/24,2023-11-28,,Group,Matchday 5,Paris Saint-Germain FC,FRA,Newcastle United FC,ENG,1,1,1,1,0,1,,,False,False,D,D,,Paris Saint-Germain FC (FRA) v Newcastle United FC (ENG)  1-1 (0-1),UCL 2023.txt,100
UCL_2023_0070,2023/24,2023-11-28,,Group,Matchday 5,BSC Young Boys,SUI,FK Crvena Zvezda,SRB,2,0,2,0,2,0,,,False,False,H,H,,BSC Young Boys (SUI)    v FK Crvena Zvezda (SRB)   2-0 (2-0),UCL 2023.txt,101
UCL_2023_0071,2023/24,2023-11-28,,Group,Matchday 5,Manchester City FC,ENG,RB Leipzig,GER,3,2,3,2,0,2,,,False,False,H,H,,Manchester City FC (ENG) v RB Leipzig (GER)         3-2 (0-2),UCL 2023.txt,102
UCL_2023_0072,2023/24,2023-11-28,,Group,Matchday 5,FC Barcelona,ESP,FC Porto,POR,2,1,2,1,1,1,,,False,False,H,H,,FC Barcelona (ESP)      v FC Porto (POR)           2-1 (1-1),UCL 2023.txt,103
UCL_2023_0073,2023/24,2023-11-29,18:45,Group,Matchday 5,Galatasaray SK,TUR,Manchester United FC,ENG,3,3,3,3,1,2,,,False,False,D,D,,18:45  Galatasaray SK (TUR)    v Manchester United FC (ENG)  3-3 (1-2),UCL 2023.txt,105
UCL_2023_0074,2023/24,2023-11-29,,Group,Matchday 5,Sevilla FC,ESP,PSV,NED,2,3,2,3,1,0,,,False,False,A,A,,Sevilla FC (ESP)        v PSV (NED)                2-3 (1-0),UCL 2023.txt,106
UCL_2023_0075,2023/24,2023-11-29,21:00,Group,Matchday 5,Sporting Clube de Braga,POR,1. FC Union Berlin,GER,1,1,1,1,0,1,,,False,False,D,D,,21:00  Sporting Clube de Braga (POR) v 1. FC Union Berlin (GER)  1-1 (0-1),UCL 2023.txt,107
UCL_2023_0076,2023/24,2023-11-29,,Group,Matchday 5,Real Madrid CF,ESP,SSC Napoli,ITA,4,2,4,2,2,1,,,False,False,H,H,,Real Madrid CF (ESP)    v SSC Napoli (ITA)         4-2 (2-1),UCL 2023.txt,108
UCL_2023_0077,2023/24,2023-11-29,,Group,Matchday 5,Sport Lisboa e Benfica,POR,FC Internazionale Milano,ITA,3,3,3,3,3,0,,,False,False,D,D,,Sport Lisboa e Benfica (POR) v FC Internazionale Milano (ITA)  3-3 (3-0),UCL 2023.txt,109
UCL_2023_0078,2023/24,2023-11-29,,Group,Matchday 5,Real Sociedad de Fútbol,ESP,FC Red Bull Salzburg,AUT,0,0,0,0,,,,,False,False,D,D,,Real Sociedad de Fútbol (ESP) v FC Red Bull Salzburg (AUT)  0-0,UCL 2023.txt,110
UCL_2023_0079,2023/24,2023-11-29,,Group,Matchday 5,FC Bayern München,GER,FC København,DEN,0,0,0,0,,,,,False,False,D,D,,FC Bayern München (GER) v FC København (DEN)       0-0,UCL 2023.txt,111
UCL_2023_0080,2023/24,2023-11-29,,Group,Matchday 5,Arsenal FC,ENG,Racing Club de Lens,FRA,6,0,6,0,5,0,,,False,False,H,H,,Arsenal FC (ENG)        v Racing Club de Lens (FRA)  6-0 (5-0),UCL 2023.txt,112
UCL_2023_0081,2023/24,2023-12-12,18:45,Group,Matchday 6,PSV,NED,Arsenal FC,ENG,1,1,1,1,0,1,,,False,False,D,D,,18:45  PSV (NED)               v Arsenal FC (ENG)         1-1 (0-1),UCL 2023.txt,117
UCL_2023_0082,2023/24,2023-12-12,,Group,Matchday 6,Racing Club de Lens,FRA,Sevilla FC,ESP,2,1,2,1,0,0,,,False,False,H,H,,Racing Club de Lens (FRA) v Sevilla FC (ESP)         2-1 (0-0),UCL 2023.txt,118
UCL_2023_0083,2023/24,2023-12-12,21:00,Group,Matchday 6,1. FC Union Berlin,GER,Real Madrid CF,ESP,2,3,2,3,1,0,,,False,False,A,A,,21:00  1. FC Union Berlin (GER) v Real Madrid CF (ESP)     2-3 (1-0),UCL 2023.txt,119
UCL_2023_0084,2023/24,2023-12-12,,Group,Matchday 6,SSC Napoli,ITA,Sporting Clube de Braga,POR,2,0,2,0,2,0,,,False,False,H,H,,SSC Napoli (ITA)        v Sporting Clube de Braga (POR)  2-0 (2-0),UCL 2023.txt,120
UCL_2023_0085,2023/24,2023-12-12,,Group,Matchday 6,FC Internazionale Milano,ITA,Real Sociedad de Fútbol,ESP,0,0,0,0,,,,,False,False,D,D,,FC Internazionale Milano (ITA) v Real Sociedad de Fútbol (ESP)  0-0,UCL 2023.txt,121
UCL_2023_0086,2023/24,2023-12-12,,Group,Matchday 6,FC Red Bull Salzburg,AUT,Sport Lisboa e Benfica,POR,1,3,1,3,0,2,,,False,False,A,A,,FC Red Bull Salzburg (AUT) v Sport Lisboa e Benfica (POR)  1-3 (0-2),UCL 2023.txt,122
UCL_2023_0087,2023/24,2023-12-12,,Group,Matchday 6,Manchester United FC,ENG,FC Bayern München,GER,0,1,0,1,0,0,,,False,False,A,A,,Manchester United FC (ENG) v FC Bayern München (GER)  0-1 (0-0),UCL 2023.txt,123
UCL_2023_0088,2023/24,2023-12-12,,Group,Matchday 6,FC København,DEN,Galatasaray SK,TUR,1,0,1,0,0,0,,,False,False,H,H,,FC København (DEN)      v Galatasaray SK (TUR)     1-0 (0-0),UCL 2023.txt,124
UCL_2023_0089,2023/24,2023-12-13,18:45,Group,Matchday 6,RB Leipzig,GER,BSC Young Boys,SUI,2,1,2,1,0,0,,,False,False,H,H,,18:45  RB Leipzig (GER)        v BSC Young Boys (SUI)     2-1 (0-0),UCL 2023.txt,126
UCL_2023_0090,2023/24,2023-12-13,,Group,Matchday 6,FK Crvena Zvezda,SRB,Manchester City FC,ENG,2,3,2,3,0,1,,,False,False,A,A,,FK Crvena Zvezda (SRB)  v Manchester City FC (ENG)  2-3 (0-1),UCL 2023.txt,127
UCL_2023_0091,2023/24,2023-12-13,21:00,Group,Matchday 6,Club Atlético de Madrid,ESP,SS Lazio,ITA,2,0,2,0,1,0,,,False,False,H,H,,21:00  Club Atlético de Madrid (ESP) v SS Lazio (ITA)           2-0 (1-0),UCL 2023.txt,128
UCL_2023_0092,2023/24,2023-12-13,,Group,Matchday 6,Celtic FC,SCO,Feyenoord Rotterdam,NED,2,1,2,1,1,0,,,False,False,H,H,,Celtic FC (SCO)         v Feyenoord Rotterdam (NED)  2-1 (1-0),UCL 2023.txt,129
UCL_2023_0093,2023/24,2023-12-13,,Group,Matchday 6,Newcastle United FC,ENG,AC Milan,ITA,1,2,1,2,1,0,,,False,False,A,A,,Newcastle United FC (ENG) v AC Milan (ITA)           1-2 (1-0),UCL 2023.txt,130
UCL_2023_0094,2023/24,2023-12-13,,Group,Matchday 6,Borussia Dortmund,GER,Paris Saint-Germain FC,FRA,1,1,1,1,0,0,,,False,False,D,D,,Borussia Dortmund (GER) v Paris Saint-Germain FC (FRA)  1-1 (0-0),UCL 2023.txt,131
UCL_2023_0095,2023/24,2023-12-13,,Group,Matchday 6,Royal Antwerp FC,BEL,FC Barcelona,ESP,3,2,3,2,1,1,,,False,False,H,H,,Royal Antwerp FC (BEL)  v FC Barcelona (ESP)       3-2 (1-1),UCL 2023.txt,132
UCL_2023_0096,2023/24,2023-12-13,,Group,Matchday 6,FC Porto,POR,FK Shakhtar Donetsk,UKR,5,3,5,3,2,1,,,False,False,H,H,,FC Porto (POR)          v FK Shakhtar Donetsk (UKR)  5-3 (2-1),UCL 2023.txt,133
UCL_2023_0097,2023/24,2024-02-13,21:00,Finals,Round of 16,FC København,DEN,Manchester City FC,ENG,1,3,1,3,1,2,,,False,False,A,A,,21:00  FC København (DEN)      v Manchester City FC (ENG)  1-3 (1-2),UCL 2023.txt,138
UCL_2023_0098,2023/24,2024-02-13,,Finals,Round of 16,RB Leipzig,GER,Real Madrid CF,ESP,0,1,0,1,0,0,,,False,False,A,A,,RB Leipzig (GER)        v Real Madrid CF (ESP)     0-1 (0-0),UCL 2023.txt,139
UCL_2023_0099,2023/24,2024-02-14,21:00,Finals,Round of 16,Paris Saint-Germain FC,FRA,Real Sociedad de Fútbol,ESP,2,0,2,0,0,0,,,False,False,H,H,,21:00  Paris Saint-Germain FC (FRA) v Real Sociedad de Fútbol (ESP)  2-0 (0-0),UCL 2023.txt,141
UCL_2023_0100,2023/24,2024-02-14,,Finals,Round of 16,SS Lazio,ITA,FC Bayern München,GER,1,0,1,0,0,0,,,False,False,H,H,,SS Lazio (ITA)          v FC Bayern München (GER)  1-0 (0-0),UCL 2023.txt,142
UCL_2023_0101,2023/24,2024-02-20,21:00,Finals,Round of 16,FC Internazionale Milano,ITA,Club Atlético de Madrid,ESP,1,0,1,0,0,0,,,False,False,H,H,,21:00  FC Internazionale Milano (ITA) v Club Atlético de Madrid (ESP)  1-0 (0-0),UCL 2023.txt,144
UCL_2023_0102,2023/24,2024-02-20,,Finals,Round of 16,PSV,NED,Borussia Dortmund,GER,1,1,1,1,0,1,,,False,False,D,D,,PSV (NED)               v Borussia Dortmund (GER)  1-1 (0-1),UCL 2023.txt,145
UCL_2023_0103,2023/24,2024-02-21,21:00,Finals,Round of 16,FC Porto,POR,Arsenal FC,ENG,1,0,1,0,0,0,,,False,False,H,H,,21:00  FC Porto (POR)          v Arsenal FC (ENG)         1-0 (0-0),UCL 2023.txt,147
UCL_2023_0104,2023/24,2024-02-21,,Finals,Round of 16,SSC Napoli,ITA,FC Barcelona,ESP,1,1,1,1,0,0,,,False,False,D,D,,SSC Napoli (ITA)        v FC Barcelona (ESP)       1-1 (0-0),UCL 2023.txt,148
UCL_2023_0105,2023/24,2024-03-05,21:00,Finals,Round of 16,Real Sociedad de Fútbol,ESP,Paris Saint-Germain FC,FRA,1,2,1,2,0,1,,,False,False,A,A,,21:00  Real Sociedad de Fútbol (ESP) v Paris Saint-Germain FC (FRA)  1-2 (0-1),UCL 2023.txt,150
UCL_2023_0106,2023/24,2024-03-05,,Finals,Round of 16,FC Bayern München,GER,SS Lazio,ITA,3,0,3,0,2,0,,,False,False,H,H,,FC Bayern München (GER) v SS Lazio (ITA)           3-0 (2-0),UCL 2023.txt,151
UCL_2023_0107,2023/24,2024-03-06,21:00,Finals,Round of 16,Manchester City FC,ENG,FC København,DEN,3,1,3,1,3,1,,,False,False,H,H,,21:00  Manchester City FC (ENG) v FC København (DEN)       3-1 (3-1),UCL 2023.txt,153
UCL_2023_0108,2023/24,2024-03-06,,Finals,Round of 16,Real Madrid CF,ESP,RB Leipzig,GER,1,1,1,1,0,0,,,False,False,D,D,,Real Madrid CF (ESP)    v RB Leipzig (GER)         1-1 (0-0),UCL 2023.txt,154
UCL_2023_0109,2023/24,2024-03-12,21:00,Finals,Round of 16,Arsenal FC,ENG,FC Porto,POR,4,2,1,0,1,0,1,0,True,True,H,H,H,"21:00  Arsenal FC (ENG)        v FC Porto (POR)           4-2 pen. 1-0 a.e.t. (1-0, 1-0)",UCL 2023.txt,156
UCL_2023_0110,2023/24,2024-03-12,,Finals,Round of 16,FC Barcelona,ESP,SSC Napoli,ITA,3,1,3,1,2,1,,,False,False,H,H,,FC Barcelona (ESP)      v SSC Napoli (ITA)         3-1 (2-1),UCL 2023.txt,157
UCL_2023_0111,2023/24,2024-03-13,21:00,Finals,Round of 16,Club Atlético de Madrid,ESP,FC Internazionale Milano,ITA,3,2,2,1,1,1,2,1,True,True,H,H,H,"21:00  Club Atlético de Madrid (ESP) v FC Internazionale Milano (ITA)  3-2 pen. 2-1 a.e.t. (2-1, 1-1)",UCL 2023.txt,159
UCL_2023_0112,2023/24,2024-03-13,,Finals,Round of 16,Borussia Dortmund,GER,PSV,NED,2,0,2,0,1,0,,,False,False,H,H,,Borussia Dortmund (GER) v PSV (NED)                2-0 (1-0),UCL 2023.txt,160
UCL_2023_0113,2023/24,2024-04-09,21:00,Finals,Quarterfinals,Arsenal FC,ENG,FC Bayern München,GER,2,2,2,2,1,2,,,False,False,D,D,,21:00  Arsenal FC (ENG)        v FC Bayern München (GER)  2-2 (1-2),UCL 2023.txt,165
UCL_2023_0114,2023/24,2024-04-09,,Finals,Quarterfinals,Real Madrid CF,ESP,Manchester City FC,ENG,3,3,3,3,2,1,,,False,False,D,D,,Real Madrid CF (ESP)    v Manchester City FC (ENG)  3-3 (2-1),UCL 2023.txt,166
UCL_2023_0115,2023/24,2024-04-10,21:00,Finals,Quarterfinals,Club Atlético de Madrid,ESP,Borussia Dortmund,GER,2,1,2,1,2,0,,,False,False,H,H,,21:00  Club Atlético de Madrid (ESP) v Borussia Dortmund (GER)  2-1 (2-0),UCL 2023.txt,168
UCL_2023_0116,2023/24,2024-04-10,,Finals,Quarterfinals,Paris Saint-Germain FC,FRA,FC Barcelona,ESP,2,3,2,3,0,1,,,False,False,A,A,,Paris Saint-Germain FC (FRA) v FC Barcelona (ESP)       2-3 (0-1),UCL 2023.txt,169
UCL_2023_0117,2023/24,2024-04-16,21:00,Finals,Quarterfinals,Borussia Dortmund,GER,Club Atlético de Madrid,ESP,4,2,4,2,2,0,,,False,False,H,H,,21:00  Borussia Dortmund (GER) v Club Atlético de Madrid (ESP)  4-2 (2-0),UCL 2023.txt,171
UCL_2023_0118,2023/24,2024-04-16,,Finals,Quarterfinals,FC Barcelona,ESP,Paris Saint-Germain FC,FRA,1,4,1,4,1,1,,,False,False,A,A,,FC Barcelona (ESP)      v Paris Saint-Germain FC (FRA)  1-4 (1-1),UCL 2023.txt,172
UCL_2023_0119,2023/24,2024-04-17,21:00,Finals,Quarterfinals,FC Bayern München,GER,Arsenal FC,ENG,1,0,1,0,0,0,,,False,False,H,H,,21:00  FC Bayern München (GER) v Arsenal FC (ENG)         1-0 (0-0),UCL 2023.txt,174
UCL_2023_0120,2023/24,2024-04-17,,Finals,Quarterfinals,Manchester City FC,ENG,Real Madrid CF,ESP,3,4,1,1,0,1,1,1,True,True,D,A,A,"Manchester City FC (ENG) v Real Madrid CF (ESP)     3-4 pen. 1-1 a.e.t. (1-1, 0-1)",UCL 2023.txt,175
UCL_2023_0121,2023/24,2024-04-30,21:00,Finals,Semifinals,FC Bayern München,GER,Real Madrid CF,ESP,2,2,2,2,0,1,,,False,False,D,D,,21:00  FC Bayern München (GER) v Real Madrid CF (ESP)     2-2 (0-1),UCL 2023.txt,180
UCL_2023_0122,2023/24,2024-05-01,21:00,Finals,Semifinals,Borussia Dortmund,GER,Paris Saint-Germain FC,FRA,1,0,1,0,1,0,,,False,False,H,H,,21:00  Borussia Dortmund (GER) v Paris Saint-Germain FC (FRA)  1-0 (1-0),UCL 2023.txt,182
UCL_2023_0123,2023/24,2024-05-07,21:00,Finals,Semifinals,Paris Saint-Germain FC,FRA,Borussia Dortmund,GER,0,1,0,1,0,0,,,False,False,A,A,,21:00  Paris Saint-Germain FC (FRA) v Borussia Dortmund (GER)  0-1 (0-0),UCL 2023.txt,184
UCL_2023_0124,2023/24,2024-05-08,21:00,Finals,Semifinals,Real Madrid CF,ESP,FC Bayern München,GER,2,1,2,1,0,0,,,False,False,H,H,,21:00  Real Madrid CF (ESP)    v FC Bayern München (GER)  2-1 (0-0),UCL 2023.txt,186
UCL_2023_0125,2023/24,2024-06-01,21:00,Finals,Final,Borussia Dortmund,GER,Real Madrid CF,ESP,0,2,0,2,0,0,,,False,False,A,A,,21:00  Borussia Dortmund (GER) v Real Madrid CF (ESP)     0-2 (0-0),UCL 2023.txt,191
UCL_2024_0001,2024/25,2024-09-17,18:45,League,Matchday 1,BSC Young Boys,SUI,Aston Villa FC,ENG,0,3,0,3,0,2,,,False,False,A,A,,18:45  BSC Young Boys (SUI)    v Aston Villa FC (ENG)     0-3 (0-2),UCL 2024.txt,12
UCL_2024_0002,2024/25,2024-09-17,,League,Matchday 1,Juventus FC,ITA,PSV,NED,3,1,3,1,2,0,,,False,False,H,H,,Juventus FC (ITA)       v PSV (NED)                3-1 (2-0),UCL 2024.txt,13
UCL_2024_0003,2024/25,2024-09-17,21:00,League,Matchday 1,Sporting Clube de Portugal,POR,Lille OSC,FRA,2,0,2,0,1,0,,,False,False,H,H,,21:00  Sporting Clube de Portugal (POR) v Lille OSC (FRA)          2-0 (1-0),UCL 2024.txt,14
UCL_2024_0004,2024/25,2024-09-17,,League,Matchday 1,FC Bayern München,GER,GNK Dinamo Zagreb,CRO,9,2,9,2,3,0,,,False,False,H,H,,FC Bayern München (GER) v GNK Dinamo Zagreb (CRO)  9-2 (3-0),UCL 2024.txt,15
UCL_2024_0005,2024/25,2024-09-17,,League,Matchday 1,Real Madrid CF,ESP,VfB Stuttgart,GER,3,1,3,1,0,0,,,False,False,H,H,,Real Madrid CF (ESP)    v VfB Stuttgart (GER)      3-1 (0-0),UCL 2024.txt,16
UCL_2024_0006,2024/25,2024-09-17,,League,Matchday 1,AC Milan,ITA,Liverpool FC,ENG,1,3,1,3,1,2,,,False,False,A,A,,AC Milan (ITA)          v Liverpool FC (ENG)       1-3 (1-2),UCL 2024.txt,17
UCL_2024_0007,2024/25,2024-09-18,18:45,League,Matchday 1,Bologna FC 1909,ITA,FK Shakhtar Donetsk,UKR,0,0,0,0,,,,,False,False,D,D,,18:45  Bologna FC 1909 (ITA)   v FK Shakhtar Donetsk (UKR)  0-0,UCL 2024.txt,19
UCL_2024_0008,2024/25,2024-09-18,,League,Matchday 1,AC Sparta Praha,CZE,FC Red Bull Salzburg,AUT,3,0,3,0,2,0,,,False,False,H,H,,AC Sparta Praha (CZE)   v FC Red Bull Salzburg (AUT)  3-0 (2-0),UCL 2024.txt,20
UCL_2024_0009,2024/25,2024-09-18,21:00,League,Matchday 1,Manchester City FC,ENG,FC Internazionale Milano,ITA,0,0,0,0,,,,,False,False,D,D,,21:00  Manchester City FC (ENG) v FC Internazionale Milano (ITA)  0-0,UCL 2024.txt,21
UCL_2024_0010,2024/25,2024-09-18,,League,Matchday 1,Paris Saint-Germain FC,FRA,Girona FC,ESP,1,0,1,0,0,0,,,False,False,H,H,,Paris Saint-Germain FC (FRA) v Girona FC (ESP)          1-0 (0-0),UCL 2024.txt,22
UCL_2024_0011,2024/25,2024-09-18,,League,Matchday 1,Club Brugge KV,BEL,Borussia Dortmund,GER,0,3,0,3,0,0,,,False,False,A,A,,Club Brugge KV (BEL)    v Borussia Dortmund (GER)  0-3 (0-0),UCL 2024.txt,23
UCL_2024_0012,2024/25,2024-09-18,,League,Matchday 1,Celtic FC,SCO,ŠK Slovan Bratislava,SVK,5,1,5,1,1,0,,,False,False,H,H,,Celtic FC (SCO)         v ŠK Slovan Bratislava (SVK)  5-1 (1-0),UCL 2024.txt,24
UCL_2024_0013,2024/25,2024-09-19,18:45,League,Matchday 1,Feyenoord Rotterdam,NED,Bayer 04 Leverkusen,GER,0,4,0,4,0,4,,,False,False,A,A,,18:45  Feyenoord Rotterdam (NED) v Bayer 04 Leverkusen (GER)  0-4 (0-4),UCL 2024.txt,26
UCL_2024_0014,2024/25,2024-09-19,,League,Matchday 1,FK Crvena Zvezda,SRB,Sport Lisboa e Benfica,POR,1,2,1,2,0,2,,,False,False,A,A,,FK Crvena Zvezda (SRB)  v Sport Lisboa e Benfica (POR)  1-2 (0-2),UCL 2024.txt,27
UCL_2024_0015,2024/25,2024-09-19,21:00,League,Matchday 1,AS Monaco FC,MCO,FC Barcelona,ESP,2,1,2,1,1,1,,,False,False,H,H,,21:00  AS Monaco FC (MCO)      v FC Barcelona (ESP)       2-1 (1-1),UCL 2024.txt,28
UCL_2024_0016,2024/25,2024-09-19,,League,Matchday 1,Stade Brestois 29,FRA,SK Sturm Graz,AUT,2,1,2,1,1,1,,,False,False,H,H,,Stade Brestois 29 (FRA) v SK Sturm Graz (AUT)      2-1 (1-1),UCL 2024.txt,29
UCL_2024_0017,2024/25,2024-09-19,,League,Matchday 1,Atalanta BC,ITA,Arsenal FC,ENG,0,0,0,0,,,,,False,False,D,D,,Atalanta BC (ITA)       v Arsenal FC (ENG)         0-0,UCL 2024.txt,30
UCL_2024_0018,2024/25,2024-09-19,,League,Matchday 1,Club Atlético de Madrid,ESP,RB Leipzig,GER,2,1,2,1,1,1,,,False,False,H,H,,Club Atlético de Madrid (ESP) v RB Leipzig (GER)         2-1 (1-1),UCL 2024.txt,31
UCL_2024_0019,2024/25,2024-10-01,18:45,League,Matchday 2,VfB Stuttgart,GER,AC Sparta Praha,CZE,1,1,1,1,1,1,,,False,False,D,D,,18:45  VfB Stuttgart (GER)     v AC Sparta Praha (CZE)    1-1 (1-1),UCL 2024.txt,36
UCL_2024_0020,2024/25,2024-10-01,,League,Matchday 2,FC Red Bull Salzburg,AUT,Stade Brestois 29,FRA,0,4,0,4,0,1,,,False,False,A,A,,FC Red Bull Salzburg (AUT) v Stade Brestois 29 (FRA)  0-4 (0-1),UCL 2024.txt,37
UCL_2024_0021,2024/25,2024-10-01,21:00,League,Matchday 2,ŠK Slovan Bratislava,SVK,Manchester City FC,ENG,0,4,0,4,0,2,,,False,False,A,A,,21:00  ŠK Slovan Bratislava (SVK) v Manchester City FC (ENG)  0-4 (0-2),UCL 2024.txt,38
UCL_2024_0022,2024/25,2024-10-01,,League,Matchday 2,Borussia Dortmund,GER,Celtic FC,SCO,7,1,7,1,5,1,,,False,False,H,H,,Borussia Dortmund (GER) v Celtic FC (SCO)          7-1 (5-1),UCL 2024.txt,39
UCL_2024_0023,2024/25,2024-10-01,,League,Matchday 2,FC Barcelona,ESP,BSC Young Boys,SUI,5,0,5,0,3,0,,,False,False,H,H,,FC Barcelona (ESP)      v BSC Young Boys (SUI)     5-0 (3-0),UCL 2024.txt,40
UCL_2024_0024,2024/25,2024-10-01,,League,Matchday 2,FC Internazionale Milano,ITA,FK Crvena Zvezda,SRB,4,0,4,0,1,0,,,False,False,H,H,,FC Internazionale Milano (ITA) v FK Crvena Zvezda (SRB)   4-0 (1-0),UCL 2024.txt,41
UCL_2024_0025,2024/25,2024-10-01,,League,Matchday 2,Bayer 04 Leverkusen,GER,AC Milan,ITA,1,0,1,0,0,0,,,False,False,H,H,,Bayer 04 Leverkusen (GER) v AC Milan (ITA)           1-0 (0-0),UCL 2024.txt,42
UCL_2024_0026,2024/25,2024-10-01,,League,Matchday 2,Arsenal FC,ENG,Paris Saint-Germain FC,FRA,2,0,2,0,2,0,,,False,False,H,H,,Arsenal FC (ENG)        v Paris Saint-Germain FC (FRA)  2-0 (2-0),UCL 2024.txt,43
UCL_2024_0027,2024/25,2024-10-01,,League,Matchday 2,PSV,NED,Sporting Clube de Portugal,POR,1,1,1,1,1,0,,,False,False,D,D,,PSV (NED)               v Sporting Clube de Portugal (POR)  1-1 (1-0),UCL 2024.txt,44
UCL_2024_0028,2024/25,2024-10-02,18:45,League,Matchday 2,Girona FC,ESP,Feyenoord Rotterdam,NED,2,3,2,3,1,2,,,False,False,A,A,,18:45  Girona FC (ESP)         v Feyenoord Rotterdam (NED)  2-3 (1-2),UCL 2024.txt,46
UCL_2024_0029,2024/25,2024-10-02,,League,Matchday 2,FK Shakhtar Donetsk,UKR,Atalanta BC,ITA,0,3,0,3,0,2,,,False,False,A,A,,FK Shakhtar Donetsk (UKR) v Atalanta BC (ITA)        0-3 (0-2),UCL 2024.txt,47
UCL_2024_0030,2024/25,2024-10-02,21:00,League,Matchday 2,Aston Villa FC,ENG,FC Bayern München,GER,1,0,1,0,0,0,,,False,False,H,H,,21:00  Aston Villa FC (ENG)    v FC Bayern München (GER)  1-0 (0-0),UCL 2024.txt,48
UCL_2024_0031,2024/25,2024-10-02,,League,Matchday 2,SK Sturm Graz,AUT,Club Brugge KV,BEL,0,1,0,1,0,1,,,False,False,A,A,,SK Sturm Graz (AUT)     v Club Brugge KV (BEL)     0-1 (0-1),UCL 2024.txt,49
UCL_2024_0032,2024/25,2024-10-02,,League,Matchday 2,Liverpool FC,ENG,Bologna FC 1909,ITA,2,0,2,0,1,0,,,False,False,H,H,,Liverpool FC (ENG)      v Bologna FC 1909 (ITA)    2-0 (1-0),UCL 2024.txt,50
UCL_2024_0033,2024/25,2024-10-02,,League,Matchday 2,RB Leipzig,GER,Juventus FC,ITA,2,3,2,3,1,0,,,False,False,A,A,,RB Leipzig (GER)        v Juventus FC (ITA)        2-3 (1-0),UCL 2024.txt,51
UCL_2024_0034,2024/25,2024-10-02,,League,Matchday 2,Sport Lisboa e Benfica,POR,Club Atlético de Madrid,ESP,4,0,4,0,1,0,,,False,False,H,H,,Sport Lisboa e Benfica (POR) v Club Atlético de Madrid (ESP)  4-0 (1-0),UCL 2024.txt,52
UCL_2024_0035,2024/25,2024-10-02,,League,Matchday 2,GNK Dinamo Zagreb,CRO,AS Monaco FC,MCO,2,2,2,2,1,0,,,False,False,D,D,,GNK Dinamo Zagreb (CRO) v AS Monaco FC (MCO)       2-2 (1-0),UCL 2024.txt,53
UCL_2024_0036,2024/25,2024-10-02,,League,Matchday 2,Lille OSC,FRA,Real Madrid CF,ESP,1,0,1,0,1,0,,,False,False,H,H,,Lille OSC (FRA)         v Real Madrid CF (ESP)     1-0 (1-0),UCL 2024.txt,54
UCL_2024_0037,2024/25,2024-10-22,18:45,League,Matchday 3,AS Monaco FC,MCO,FK Crvena Zvezda,SRB,5,1,5,1,2,1,,,False,False,H,H,,18:45  AS Monaco FC (MCO)      v FK Crvena Zvezda (SRB)   5-1 (2-1),UCL 2024.txt,59
UCL_2024_0038,2024/25,2024-10-22,,League,Matchday 3,AC Milan,ITA,Club Brugge KV,BEL,3,1,3,1,1,0,,,False,False,H,H,,AC Milan (ITA)          v Club Brugge KV (BEL)     3-1 (1-0),UCL 2024.txt,60
UCL_2024_0039,2024/25,2024-10-22,21:00,League,Matchday 3,Aston Villa FC,ENG,Bologna FC 1909,ITA,2,0,2,0,0,0,,,False,False,H,H,,21:00  Aston Villa FC (ENG)    v Bologna FC 1909 (ITA)    2-0 (0-0),UCL 2024.txt,61
UCL_2024_0040,2024/25,2024-10-22,,League,Matchday 3,Girona FC,ESP,ŠK Slovan Bratislava,SVK,2,0,2,0,1,0,,,False,False,H,H,,Girona FC (ESP)         v ŠK Slovan Bratislava (SVK)  2-0 (1-0),UCL 2024.txt,62
UCL_2024_0041,2024/25,2024-10-22,,League,Matchday 3,SK Sturm Graz,AUT,Sporting Clube de Portugal,POR,0,2,0,2,0,1,,,False,False,A,A,,SK Sturm Graz (AUT)     v Sporting Clube de Portugal (POR)  0-2 (0-1),UCL 2024.txt,63
UCL_2024_0042,2024/25,2024-10-22,,League,Matchday 3,Paris Saint-Germain FC,FRA,PSV,NED,1,1,1,1,0,1,,,False,False,D,D,,Paris Saint-Germain FC (FRA) v PSV (NED)                1-1 (0-1),UCL 2024.txt,64
UCL_2024_0043,2024/25,2024-10-22,,League,Matchday 3,Real Madrid CF,ESP,Borussia Dortmund,GER,5,2,5,2,0,2,,,False,False,H,H,,Real Madrid CF (ESP)    v Borussia Dortmund (GER)  5-2 (0-2),UCL 2024.txt,65
UCL_2024_0044,2024/25,2024-10-22,,League,Matchday 3,Arsenal FC,ENG,FK Shakhtar Donetsk,UKR,1,0,1,0,1,0,,,False,False,H,H,,Arsenal FC (ENG)        v FK Shakhtar Donetsk (UKR)  1-0 (1-0),UCL 2024.txt,66
UCL_2024_0045,2024/25,2024-10-22,,League,Matchday 3,Juventus FC,ITA,VfB Stuttgart,GER,0,1,0,1,0,0,,,False,False,A,A,,Juventus FC (ITA)       v VfB Stuttgart (GER)      0-1 (0-0),UCL 2024.txt,67
UCL_2024_0046,2024/25,2024-10-23,18:45,League,Matchday 3,Stade Brestois 29,FRA,Bayer 04 Leverkusen,GER,1,1,1,1,1,1,,,False,False,D,D,,18:45  Stade Brestois 29 (FRA) v Bayer 04 Leverkusen (GER)  1-1 (1-1),UCL 2024.txt,69
UCL_2024_0047,2024/25,2024-10-23,,League,Matchday 3,Atalanta BC,ITA,Celtic FC,SCO,0,0,0,0,,,,,False,False,D,D,,Atalanta BC (ITA)       v Celtic FC (SCO)          0-0,UCL 2024.txt,70
UCL_2024_0048,2024/25,2024-10-23,21:00,League,Matchday 3,BSC Young Boys,SUI,FC Internazionale Milano,ITA,0,1,0,1,0,0,,,False,False,A,A,,21:00  BSC Young Boys (SUI)    v FC Internazionale Milano (ITA)  0-1 (0-0),UCL 2024.txt,71
UCL_2024_0049,2024/25,2024-10-23,,League,Matchday 3,FC Barcelona,ESP,FC Bayern München,GER,4,1,4,1,3,1,,,False,False,H,H,,FC Barcelona (ESP)      v FC Bayern München (GER)  4-1 (3-1),UCL 2024.txt,72
UCL_2024_0050,2024/25,2024-10-23,,League,Matchday 3,Manchester City FC,ENG,AC Sparta Praha,CZE,5,0,5,0,1,0,,,False,False,H,H,,Manchester City FC (ENG) v AC Sparta Praha (CZE)    5-0 (1-0),UCL 2024.txt,73
UCL_2024_0051,2024/25,2024-10-23,,League,Matchday 3,RB Leipzig,GER,Liverpool FC,ENG,0,1,0,1,0,1,,,False,False,A,A,,RB Leipzig (GER)        v Liverpool FC (ENG)       0-1 (0-1),UCL 2024.txt,74
UCL_2024_0052,2024/25,2024-10-23,,League,Matchday 3,Club Atlético de Madrid,ESP,Lille OSC,FRA,1,3,1,3,1,0,,,False,False,A,A,,Club Atlético de Madrid (ESP) v Lille OSC (FRA)          1-3 (1-0),UCL 2024.txt,75
UCL_2024_0053,2024/25,2024-10-23,,League,Matchday 3,Sport Lisboa e Benfica,POR,Feyenoord Rotterdam,NED,1,3,1,3,0,2,,,False,False,A,A,,Sport Lisboa e Benfica (POR) v Feyenoord Rotterdam (NED)  1-3 (0-2),UCL 2024.txt,76
UCL_2024_0054,2024/25,2024-10-23,,League,Matchday 3,FC Red Bull Salzburg,AUT,GNK Dinamo Zagreb,CRO,0,2,0,2,0,0,,,False,False,A,A,,FC Red Bull Salzburg (AUT) v GNK Dinamo Zagreb (CRO)  0-2 (0-0),UCL 2024.txt,77
UCL_2024_0055,2024/25,2024-11-05,18:45,League,Matchday 4,ŠK Slovan Bratislava,SVK,GNK Dinamo Zagreb,CRO,1,4,1,4,1,2,,,False,False,A,A,,18:45  ŠK Slovan Bratislava (SVK) v GNK Dinamo Zagreb (CRO)  1-4 (1-2),UCL 2024.txt,82
UCL_2024_0056,2024/25,2024-11-05,,League,Matchday 4,PSV,NED,Girona FC,ESP,4,0,4,0,2,0,,,False,False,H,H,,PSV (NED)               v Girona FC (ESP)          4-0 (2-0),UCL 2024.txt,83
UCL_2024_0057,2024/25,2024-11-05,21:00,League,Matchday 4,Sporting Clube de Portugal,POR,Manchester City FC,ENG,4,1,4,1,1,1,,,False,False,H,H,,21:00  Sporting Clube de Portugal (POR) v Manchester City FC (ENG)  4-1 (1-1),UCL 2024.txt,84
UCL_2024_0058,2024/25,2024-11-05,,League,Matchday 4,Bologna FC 1909,ITA,AS Monaco FC,MCO,0,1,0,1,0,0,,,False,False,A,A,,Bologna FC 1909 (ITA)   v AS Monaco FC (MCO)       0-1 (0-0),UCL 2024.txt,85
UCL_2024_0059,2024/25,2024-11-05,,League,Matchday 4,Borussia Dortmund,GER,SK Sturm Graz,AUT,1,0,1,0,0,0,,,False,False,H,H,,Borussia Dortmund (GER) v SK Sturm Graz (AUT)      1-0 (0-0),UCL 2024.txt,86
UCL_2024_0060,2024/25,2024-11-05,,League,Matchday 4,Liverpool FC,ENG,Bayer 04 Leverkusen,GER,4,0,4,0,0,0,,,False,False,H,H,,Liverpool FC (ENG)      v Bayer 04 Leverkusen (GER)  4-0 (0-0),UCL 2024.txt,87
UCL_2024_0061,2024/25,2024-11-05,,League,Matchday 4,Real Madrid CF,ESP,AC Milan,ITA,1,3,1,3,1,2,,,False,False,A,A,,Real Madrid CF (ESP)    v AC Milan (ITA)           1-3 (1-2),UCL 2024.txt,88
UCL_2024_0062,2024/25,2024-11-05,,League,Matchday 4,Celtic FC,SCO,RB Leipzig,GER,3,1,3,1,2,1,,,False,False,H,H,,Celtic FC (SCO)         v RB Leipzig (GER)         3-1 (2-1),UCL 2024.txt,89
UCL_2024_0063,2024/25,2024-11-05,,League,Matchday 4,Lille OSC,FRA,Juventus FC,ITA,1,1,1,1,1,0,,,False,False,D,D,,Lille OSC (FRA)         v Juventus FC (ITA)        1-1 (1-0),UCL 2024.txt,90
UCL_2024_0064,2024/25,2024-11-06,18:45,League,Matchday 4,Club Brugge KV,BEL,Aston Villa FC,ENG,1,0,1,0,0,0,,,False,False,H,H,,18:45  Club Brugge KV (BEL)    v Aston Villa FC (ENG)     1-0 (0-0),UCL 2024.txt,92
UCL_2024_0065,2024/25,2024-11-06,,League,Matchday 4,FK Shakhtar Donetsk,UKR,BSC Young Boys,SUI,2,1,2,1,2,1,,,False,False,H,H,,FK Shakhtar Donetsk (UKR) v BSC Young Boys (SUI)     2-1 (2-1),UCL 2024.txt,93
UCL_2024_0066,2024/25,2024-11-06,21:00,League,Matchday 4,AC Sparta Praha,CZE,Stade Brestois 29,FRA,1,2,1,2,0,1,,,False,False,A,A,,21:00  AC Sparta Praha (CZE)   v Stade Brestois 29 (FRA)  1-2 (0-1),UCL 2024.txt,94
UCL_2024_0067,2024/25,2024-11-06,,League,Matchday 4,VfB Stuttgart,GER,Atalanta BC,ITA,0,2,0,2,0,0,,,False,False,A,A,,VfB Stuttgart (GER)     v Atalanta BC (ITA)        0-2 (0-0),UCL 2024.txt,95
UCL_2024_0068,2024/25,2024-11-06,,League,Matchday 4,FC Internazionale Milano,ITA,Arsenal FC,ENG,1,0,1,0,1,0,,,False,False,H,H,,FC Internazionale Milano (ITA) v Arsenal FC (ENG)         1-0 (1-0),UCL 2024.txt,96
UCL_2024_0069,2024/25,2024-11-06,,League,Matchday 4,Paris Saint-Germain FC,FRA,Club Atlético de Madrid,ESP,1,2,1,2,1,1,,,False,False,A,A,,Paris Saint-Germain FC (FRA) v Club Atlético de Madrid (ESP)  1-2 (1-1),UCL 2024.txt,97
UCL_2024_0070,2024/25,2024-11-06,,League,Matchday 4,Feyenoord Rotterdam,NED,FC Red Bull Salzburg,AUT,1,3,1,3,0,1,,,False,False,A,A,,Feyenoord Rotterdam (NED) v FC Red Bull Salzburg (AUT)  1-3 (0-1),UCL 2024.txt,98
UCL_2024_0071,2024/25,2024-11-06,,League,Matchday 4,FK Crvena Zvezda,SRB,FC Barcelona,ESP,2,5,2,5,1,2,,,False,False,A,A,,FK Crvena Zvezda (SRB)  v FC Barcelona (ESP)       2-5 (1-2),UCL 2024.txt,99
UCL_2024_0072,2024/25,2024-11-06,21:15,League,Matchday 4,FC Bayern München,GER,Sport Lisboa e Benfica,POR,1,0,1,0,0,0,,,False,False,H,H,,21:15  FC Bayern München (GER) v Sport Lisboa e Benfica (POR)  1-0 (0-0),UCL 2024.txt,100
UCL_2024_0073,2024/25,2024-11-26,18:45,League,Matchday 5,ŠK Slovan Bratislava,SVK,AC Milan,ITA,2,3,2,3,1,1,,,False,False,A,A,,18:45  ŠK Slovan Bratislava (SVK) v AC Milan (ITA)           2-3 (1-1),UCL 2024.txt,105
UCL_2024_0074,2024/25,2024-11-26,,League,Matchday 5,AC Sparta Praha,CZE,Club Atlético de Madrid,ESP,0,6,0,6,0,2,,,False,False,A,A,,AC Sparta Praha (CZE)   v Club Atlético de Madrid (ESP)  0-6 (0-2),UCL 2024.txt,106
UCL_2024_0075,2024/25,2024-11-26,21:00,League,Matchday 5,Sporting Clube de Portugal,POR,Arsenal FC,ENG,1,5,1,5,0,3,,,False,False,A,A,,21:00  Sporting Clube de Portugal (POR) v Arsenal FC (ENG)         1-5 (0-3),UCL 2024.txt,107
UCL_2024_0076,2024/25,2024-11-26,,League,Matchday 5,BSC Young Boys,SUI,Atalanta BC,ITA,1,6,1,6,1,4,,,False,False,A,A,,BSC Young Boys (SUI)    v Atalanta BC (ITA)        1-6 (1-4),UCL 2024.txt,108
UCL_2024_0077,2024/25,2024-11-26,,League,Matchday 5,FC Bayern München,GER,Paris Saint-Germain FC,FRA,1,0,1,0,1,0,,,False,False,H,H,,FC Bayern München (GER) v Paris Saint-Germain FC (FRA)  1-0 (1-0),UCL 2024.txt,109
UCL_2024_0078,2024/25,2024-11-26,,League,Matchday 5,FC Barcelona,ESP,Stade Brestois 29,FRA,3,0,3,0,1,0,,,False,False,H,H,,FC Barcelona (ESP)      v Stade Brestois 29 (FRA)  3-0 (1-0),UCL 2024.txt,110
UCL_2024_0079,2024/25,2024-11-26,,League,Matchday 5,FC Internazionale Milano,ITA,RB Leipzig,GER,1,0,1,0,1,0,,,False,False,H,H,,FC Internazionale Milano (ITA) v RB Leipzig (GER)         1-0 (1-0),UCL 2024.txt,111
UCL_2024_0080,2024/25,2024-11-26,,League,Matchday 5,Manchester City FC,ENG,Feyenoord Rotterdam,NED,3,3,3,3,1,0,,,False,False,D,D,,Manchester City FC (ENG) v Feyenoord Rotterdam (NED)  3-3 (1-0),UCL 2024.txt,112
UCL_2024_0081,2024/25,2024-11-26,,League,Matchday 5,Bayer 04 Leverkusen,GER,FC Red Bull Salzburg,AUT,5,0,5,0,3,0,,,False,False,H,H,,Bayer 04 Leverkusen (GER) v FC Red Bull Salzburg (AUT)  5-0 (3-0),UCL 2024.txt,113
UCL_2024_0082,2024/25,2024-11-27,18:45,League,Matchday 5,SK Sturm Graz,AUT,Girona FC,ESP,1,0,1,0,0,0,,,False,False,H,H,,18:45  SK Sturm Graz (AUT)     v Girona FC (ESP)          1-0 (0-0),UCL 2024.txt,115
UCL_2024_0083,2024/25,2024-11-27,,League,Matchday 5,FK Crvena Zvezda,SRB,VfB Stuttgart,GER,5,1,5,1,2,1,,,False,False,H,H,,FK Crvena Zvezda (SRB)  v VfB Stuttgart (GER)      5-1 (2-1),UCL 2024.txt,116
UCL_2024_0084,2024/25,2024-11-27,21:00,League,Matchday 5,AS Monaco FC,MCO,Sport Lisboa e Benfica,POR,2,3,2,3,1,0,,,False,False,A,A,,21:00  AS Monaco FC (MCO)      v Sport Lisboa e Benfica (POR)  2-3 (1-0),UCL 2024.txt,117
UCL_2024_0085,2024/25,2024-11-27,,League,Matchday 5,Aston Villa FC,ENG,Juventus FC,ITA,0,0,0,0,,,,,False,False,D,D,,Aston Villa FC (ENG)    v Juventus FC (ITA)        0-0,UCL 2024.txt,118
UCL_2024_0086,2024/25,2024-11-27,,League,Matchday 5,Bologna FC 1909,ITA,Lille OSC,FRA,1,2,1,2,0,1,,,False,False,A,A,,Bologna FC 1909 (ITA)   v Lille OSC (FRA)          1-2 (0-1),UCL 2024.txt,119
UCL_2024_0087,2024/25,2024-11-27,,League,Matchday 5,Liverpool FC,ENG,Real Madrid CF,ESP,2,0,2,0,0,0,,,False,False,H,H,,Liverpool FC (ENG)      v Real Madrid CF (ESP)     2-0 (0-0),UCL 2024.txt,120
UCL_2024_0088,2024/25,2024-11-27,,League,Matchday 5,Celtic FC,SCO,Club Brugge KV,BEL,1,1,1,1,0,1,,,False,False,D,D,,Celtic FC (SCO)         v Club Brugge KV (BEL)     1-1 (0-1),UCL 2024.txt,121
UCL_2024_0089,2024/25,2024-11-27,,League,Matchday 5,GNK Dinamo Zagreb,CRO,Borussia Dortmund,GER,0,3,0,3,0,1,,,False,False,A,A,,GNK Dinamo Zagreb (CRO) v Borussia Dortmund (GER)  0-3 (0-1),UCL 2024.txt,122
UCL_2024_0090,2024/25,2024-11-27,,League,Matchday 5,PSV,NED,FK Shakhtar Donetsk,UKR,3,2,3,2,0,2,,,False,False,H,H,,PSV (NED)               v FK Shakhtar Donetsk (UKR)  3-2 (0-2),UCL 2024.txt,123
UCL_2024_0091,2024/25,2024-12-10,18:45,League,Matchday 6,Girona FC,ESP,Liverpool FC,ENG,0,1,0,1,0,0,,,False,False,A,A,,18:45  Girona FC (ESP)         v Liverpool FC (ENG)       0-1 (0-0),UCL 2024.txt,128
UCL_2024_0092,2024/25,2024-12-10,,League,Matchday 6,GNK Dinamo Zagreb,CRO,Celtic FC,SCO,0,0,0,0,,,,,False,False,D,D,,GNK Dinamo Zagreb (CRO) v Celtic FC (SCO)          0-0,UCL 2024.txt,129
UCL_2024_0093,2024/25,2024-12-10,21:00,League,Matchday 6,Stade Brestois 29,FRA,PSV,NED,1,0,1,0,1,0,,,False,False,H,H,,21:00  Stade Brestois 29 (FRA) v PSV (NED)                1-0 (1-0),UCL 2024.txt,130
UCL_2024_0094,2024/25,2024-12-10,,League,Matchday 6,RB Leipzig,GER,Aston Villa FC,ENG,2,3,2,3,1,1,,,False,False,A,A,,RB Leipzig (GER)        v Aston Villa FC (ENG)     2-3 (1-1),UCL 2024.txt,131
UCL_2024_0095,2024/25,2024-12-10,,League,Matchday 6,Atalanta BC,ITA,Real Madrid CF,ESP,2,3,2,3,1,1,,,False,False,A,A,,Atalanta BC (ITA)       v Real Madrid CF (ESP)     2-3 (1-1),UCL 2024.txt,132
UCL_2024_0096,2024/25,2024-12-10,,League,Matchday 6,Bayer 04 Leverkusen,GER,FC Internazionale Milano,ITA,1,0,1,0,0,0,,,False,False,H,H,,Bayer 04 Leverkusen (GER) v FC Internazionale Milano (ITA)  1-0 (0-0),UCL 2024.txt,133
UCL_2024_0097,2024/25,2024-12-10,,League,Matchday 6,Club Brugge KV,BEL,Sporting Clube de Portugal,POR,2,1,2,1,1,1,,,False,False,H,H,,Club Brugge KV (BEL)    v Sporting Clube de Portugal (POR)  2-1 (1-1),UCL 2024.txt,134
UCL_2024_0098,2024/25,2024-12-10,,League,Matchday 6,FK Shakhtar Donetsk,UKR,FC Bayern München,GER,1,5,1,5,1,2,,,False,False,A,A,,FK Shakhtar Donetsk (UKR) v FC Bayern München (GER)  1-5 (1-2),UCL 2024.txt,135
UCL_2024_0099,2024/25,2024-12-10,,League,Matchday 6,FC Red Bull Salzburg,AUT,Paris Saint-Germain FC,FRA,0,3,0,3,0,1,,,False,False,A,A,,FC Red Bull Salzburg (AUT) v Paris Saint-Germain FC (FRA)  0-3 (0-1),UCL 2024.txt,136
UCL_2024_0100,2024/25,2024-12-11,18:45,League,Matchday 6,Club Atlético de Madrid,ESP,ŠK Slovan Bratislava,SVK,3,1,3,1,2,0,,,False,False,H,H,,18:45  Club Atlético de Madrid (ESP) v ŠK Slovan Bratislava (SVK)  3-1 (2-0),UCL 2024.txt,138
UCL_2024_0101,2024/25,2024-12-11,,League,Matchday 6,Lille OSC,FRA,SK Sturm Graz,AUT,3,2,3,2,2,1,,,False,False,H,H,,Lille OSC (FRA)         v SK Sturm Graz (AUT)      3-2 (2-1),UCL 2024.txt,139
UCL_2024_0102,2024/25,2024-12-11,21:00,League,Matchday 6,VfB Stuttgart,GER,BSC Young Boys,SUI,5,1,5,1,1,1,,,False,False,H,H,,21:00  VfB Stuttgart (GER)     v BSC Young Boys (SUI)     5-1 (1-1),UCL 2024.txt,140
UCL_2024_0103,2024/25,2024-12-11,,League,Matchday 6,Borussia Dortmund,GER,FC Barcelona,ESP,2,3,2,3,0,0,,,False,False,A,A,,Borussia Dortmund (GER) v FC Barcelona (ESP)       2-3 (0-0),UCL 2024.txt,141
UCL_2024_0104,2024/25,2024-12-11,,League,Matchday 6,AC Milan,ITA,FK Crvena Zvezda,SRB,2,1,2,1,1,0,,,False,False,H,H,,AC Milan (ITA)          v FK Crvena Zvezda (SRB)   2-1 (1-0),UCL 2024.txt,142
UCL_2024_0105,2024/25,2024-12-11,,League,Matchday 6,Sport Lisboa e Benfica,POR,Bologna FC 1909,ITA,0,0,0,0,,,,,False,False,D,D,,Sport Lisboa e Benfica (POR) v Bologna FC 1909 (ITA)    0-0,UCL 2024.txt,143
UCL_2024_0106,2024/25,2024-12-11,,League,Matchday 6,Arsenal FC,ENG,AS Monaco FC,MCO,3,0,3,0,1,0,,,False,False,H,H,,Arsenal FC (ENG)        v AS Monaco FC (MCO)       3-0 (1-0),UCL 2024.txt,144
UCL_2024_0107,2024/25,2024-12-11,,League,Matchday 6,Juventus FC,ITA,Manchester City FC,ENG,2,0,2,0,0,0,,,False,False,H,H,,Juventus FC (ITA)       v Manchester City FC (ENG)  2-0 (0-0),UCL 2024.txt,145
UCL_2024_0108,2024/25,2024-12-11,,League,Matchday 6,Feyenoord Rotterdam,NED,AC Sparta Praha,CZE,4,2,4,2,3,1,,,False,False,H,H,,Feyenoord Rotterdam (NED) v AC Sparta Praha (CZE)    4-2 (3-1),UCL 2024.txt,146
UCL_2024_0109,2024/25,2025-01-21,18:45,League,Matchday 7,AS Monaco FC,MCO,Aston Villa FC,ENG,1,0,1,0,1,0,,,False,False,H,H,,18:45  AS Monaco FC (MCO)      v Aston Villa FC (ENG)     1-0 (1-0),UCL 2024.txt,151
UCL_2024_0110,2024/25,2025-01-21,,League,Matchday 7,Atalanta BC,ITA,SK Sturm Graz,AUT,5,0,5,0,1,0,,,False,False,H,H,,Atalanta BC (ITA)       v SK Sturm Graz (AUT)      5-0 (1-0),UCL 2024.txt,152
UCL_2024_0111,2024/25,2025-01-21,21:00,League,Matchday 7,Bologna FC 1909,ITA,Borussia Dortmund,GER,2,1,2,1,0,1,,,False,False,H,H,,21:00  Bologna FC 1909 (ITA)   v Borussia Dortmund (GER)  2-1 (0-1),UCL 2024.txt,153
UCL_2024_0112,2024/25,2025-01-21,,League,Matchday 7,ŠK Slovan Bratislava,SVK,VfB Stuttgart,GER,1,3,1,3,0,2,,,False,False,A,A,,ŠK Slovan Bratislava (SVK) v VfB Stuttgart (GER)      1-3 (0-2),UCL 2024.txt,154
UCL_2024_0113,2024/25,2025-01-21,,League,Matchday 7,Liverpool FC,ENG,Lille OSC,FRA,2,1,2,1,1,0,,,False,False,H,H,,Liverpool FC (ENG)      v Lille OSC (FRA)          2-1 (1-0),UCL 2024.txt,155
UCL_2024_0114,2024/25,2025-01-21,,League,Matchday 7,Club Atlético de Madrid,ESP,Bayer 04 Leverkusen,GER,2,1,2,1,0,1,,,False,False,H,H,,Club Atlético de Madrid (ESP) v Bayer 04 Leverkusen (GER)  2-1 (0-1),UCL 2024.txt,156
UCL_2024_0115,2024/25,2025-01-21,,League,Matchday 7,Sport Lisboa e Benfica,POR,FC Barcelona,ESP,4,5,4,5,3,1,,,False,False,A,A,,Sport Lisboa e Benfica (POR) v FC Barcelona (ESP)       4-5 (3-1),UCL 2024.txt,157
UCL_2024_0116,2024/25,2025-01-21,,League,Matchday 7,Club Brugge KV,BEL,Juventus FC,ITA,0,0,0,0,,,,,False,False,D,D,,Club Brugge KV (BEL)    v Juventus FC (ITA)        0-0,UCL 2024.txt,158
UCL_2024_0117,2024/25,2025-01-21,,League,Matchday 7,FK Crvena Zvezda,SRB,PSV,NED,2,3,2,3,0,3,,,False,False,A,A,,FK Crvena Zvezda (SRB)  v PSV (NED)                2-3 (0-3),UCL 2024.txt,159
UCL_2024_0118,2024/25,2025-01-22,18:45,League,Matchday 7,RB Leipzig,GER,Sporting Clube de Portugal,POR,2,1,2,1,1,0,,,False,False,H,H,,18:45  RB Leipzig (GER)        v Sporting Clube de Portugal (POR)  2-1 (1-0),UCL 2024.txt,161
UCL_2024_0119,2024/25,2025-01-22,,League,Matchday 7,FK Shakhtar Donetsk,UKR,Stade Brestois 29,FRA,2,0,2,0,2,0,,,False,False,H,H,,FK Shakhtar Donetsk (UKR) v Stade Brestois 29 (FRA)  2-0 (2-0),UCL 2024.txt,162
UCL_2024_0120,2024/25,2025-01-22,21:00,League,Matchday 7,AC Sparta Praha,CZE,FC Internazionale Milano,ITA,0,1,0,1,0,1,,,False,False,A,A,,21:00  AC Sparta Praha (CZE)   v FC Internazionale Milano (ITA)  0-1 (0-1),UCL 2024.txt,163
UCL_2024_0121,2024/25,2025-01-22,,League,Matchday 7,Paris Saint-Germain FC,FRA,Manchester City FC,ENG,4,2,4,2,0,0,,,False,False,H,H,,Paris Saint-Germain FC (FRA) v Manchester City FC (ENG)  4-2 (0-0),UCL 2024.txt,164
UCL_2024_0122,2024/25,2025-01-22,,League,Matchday 7,Real Madrid CF,ESP,FC Red Bull Salzburg,AUT,5,1,5,1,2,0,,,False,False,H,H,,Real Madrid CF (ESP)    v FC Red Bull Salzburg (AUT)  5-1 (2-0),UCL 2024.txt,165
UCL_2024_0123,2024/25,2025-01-22,,League,Matchday 7,AC Milan,ITA,Girona FC,ESP,1,0,1,0,1,0,,,False,False,H,H,,AC Milan (ITA)          v Girona FC (ESP)          1-0 (1-0),UCL 2024.txt,166
UCL_2024_0124,2024/25,2025-01-22,,League,Matchday 7,Arsenal FC,ENG,GNK Dinamo Zagreb,CRO,3,0,3,0,1,0,,,False,False,H,H,,Arsenal FC (ENG)        v GNK Dinamo Zagreb (CRO)  3-0 (1-0),UCL 2024.txt,167
UCL_2024_0125,2024/25,2025-01-22,,League,Matchday 7,Celtic FC,SCO,BSC Young Boys,SUI,1,0,1,0,0,0,,,False,False,H,H,,Celtic FC (SCO)         v BSC Young Boys (SUI)     1-0 (0-0),UCL 2024.txt,168
UCL_2024_0126,2024/25,2025-01-22,,League,Matchday 7,Feyenoord Rotterdam,NED,FC Bayern München,GER,3,0,3,0,2,0,,,False,False,H,H,,Feyenoord Rotterdam (NED) v FC Bayern München (GER)  3-0 (2-0),UCL 2024.txt,169
UCL_2024_0127,2024/25,2025-01-29,21:00,League,Matchday 8,Sporting Clube de Portugal,POR,Bologna FC 1909,ITA,1,1,1,1,0,1,,,False,False,D,D,,21:00  Sporting Clube de Portugal (POR) v Bologna FC 1909 (ITA)    1-1 (0-1),UCL 2024.txt,174
UCL_2024_0128,2024/25,2025-01-29,,League,Matchday 8,BSC Young Boys,SUI,FK Crvena Zvezda,SRB,0,1,0,1,0,0,,,False,False,A,A,,BSC Young Boys (SUI)    v FK Crvena Zvezda (SRB)   0-1 (0-0),UCL 2024.txt,175
UCL_2024_0129,2024/25,2025-01-29,,League,Matchday 8,Aston Villa FC,ENG,Celtic FC,SCO,4,2,4,2,2,2,,,False,False,H,H,,Aston Villa FC (ENG)    v Celtic FC (SCO)          4-2 (2-2),UCL 2024.txt,176
UCL_2024_0130,2024/25,2025-01-29,,League,Matchday 8,Girona FC,ESP,Arsenal FC,ENG,1,2,1,2,1,2,,,False,False,A,A,,Girona FC (ESP)         v Arsenal FC (ENG)         1-2 (1-2),UCL 2024.txt,177
UCL_2024_0131,2024/25,2025-01-29,,League,Matchday 8,Stade Brestois 29,FRA,Real Madrid CF,ESP,0,3,0,3,0,1,,,False,False,A,A,,Stade Brestois 29 (FRA) v Real Madrid CF (ESP)     0-3 (0-1),UCL 2024.txt,178
UCL_2024_0132,2024/25,2025-01-29,,League,Matchday 8,SK Sturm Graz,AUT,RB Leipzig,GER,1,0,1,0,1,0,,,False,False,H,H,,SK Sturm Graz (AUT)     v RB Leipzig (GER)         1-0 (1-0),UCL 2024.txt,179
UCL_2024_0133,2024/25,2025-01-29,,League,Matchday 8,VfB Stuttgart,GER,Paris Saint-Germain FC,FRA,1,4,1,4,0,3,,,False,False,A,A,,VfB Stuttgart (GER)     v Paris Saint-Germain FC (FRA)  1-4 (0-3),UCL 2024.txt,180
UCL_2024_0134,2024/25,2025-01-29,,League,Matchday 8,FC Bayern München,GER,ŠK Slovan Bratislava,SVK,3,1,3,1,1,0,,,False,False,H,H,,FC Bayern München (GER) v ŠK Slovan Bratislava (SVK)  3-1 (1-0),UCL 2024.txt,181
UCL_2024_0135,2024/25,2025-01-29,,League,Matchday 8,Borussia Dortmund,GER,FK Shakhtar Donetsk,UKR,3,1,3,1,2,0,,,False,False,H,H,,Borussia Dortmund (GER) v FK Shakhtar Donetsk (UKR)  3-1 (2-0),UCL 2024.txt,182
UCL_2024_0136,2024/25,2025-01-29,,League,Matchday 8,FC Barcelona,ESP,Atalanta BC,ITA,2,2,2,2,0,0,,,False,False,D,D,,FC Barcelona (ESP)      v Atalanta BC (ITA)        2-2 (0-0),UCL 2024.txt,183
UCL_2024_0137,2024/25,2025-01-29,,League,Matchday 8,FC Internazionale Milano,ITA,AS Monaco FC,MCO,3,0,3,0,2,0,,,False,False,H,H,,FC Internazionale Milano (ITA) v AS Monaco FC (MCO)       3-0 (2-0),UCL 2024.txt,184
UCL_2024_0138,2024/25,2025-01-29,,League,Matchday 8,Manchester City FC,ENG,Club Brugge KV,BEL,3,1,3,1,0,1,,,False,False,H,H,,Manchester City FC (ENG) v Club Brugge KV (BEL)     3-1 (0-1),UCL 2024.txt,185
UCL_2024_0139,2024/25,2025-01-29,,League,Matchday 8,Bayer 04 Leverkusen,GER,AC Sparta Praha,CZE,2,0,2,0,1,0,,,False,False,H,H,,Bayer 04 Leverkusen (GER) v AC Sparta Praha (CZE)    2-0 (1-0),UCL 2024.txt,186
UCL_2024_0140,2024/25,2025-01-29,,League,Matchday 8,Juventus FC,ITA,Sport Lisboa e Benfica,POR,0,2,0,2,0,1,,,False,False,A,A,,Juventus FC (ITA)       v Sport Lisboa e Benfica (POR)  0-2 (0-1),UCL 2024.txt,187
UCL_2024_0141,2024/25,2025-01-29,,League,Matchday 8,GNK Dinamo Zagreb,CRO,AC Milan,ITA,2,1,2,1,1,0,,,False,False,H,H,,GNK Dinamo Zagreb (CRO) v AC Milan (ITA)           2-1 (1-0),UCL 2024.txt,188
UCL_2024_0142,2024/25,2025-01-29,,League,Matchday 8,Lille OSC,FRA,Feyenoord Rotterdam,NED,6,1,6,1,2,1,,,False,False,H,H,,Lille OSC (FRA)         v Feyenoord Rotterdam (NED)  6-1 (2-1),UCL 2024.txt,189
UCL_2024_0143,2024/25,2025-01-29,,League,Matchday 8,PSV,NED,Liverpool FC,ENG,3,2,3,2,3,2,,,False,False,H,H,,PSV (NED)               v Liverpool FC (ENG)       3-2 (3-2),UCL 2024.txt,190
UCL_2024_0144,2024/25,2025-01-29,,League,Matchday 8,FC Red Bull Salzburg,AUT,Club Atlético de Madrid,ESP,1,4,1,4,0,3,,,False,False,A,A,,FC Red Bull Salzburg (AUT) v Club Atlético de Madrid (ESP)  1-4 (0-3),UCL 2024.txt,191
UCL_2024_0145,2024/25,2025-02-11,18:45,Playoffs,Matchday 1,Stade Brestois 29,FRA,Paris Saint-Germain FC,FRA,0,3,0,3,0,2,,,False,False,A,A,,18:45  Stade Brestois 29 (FRA) v Paris Saint-Germain FC (FRA)  0-3 (0-2),UCL 2024.txt,196
UCL_2024_0146,2024/25,2025-02-11,21:00,Playoffs,Matchday 1,Manchester City FC,ENG,Real Madrid CF,ESP,2,3,2,3,1,0,,,False,False,A,A,,21:00  Manchester City FC (ENG) v Real Madrid CF (ESP)     2-3 (1-0),UCL 2024.txt,197
UCL_2024_0147,2024/25,2025-02-11,,Playoffs,Matchday 1,Juventus FC,ITA,PSV,NED,2,1,2,1,1,0,,,False,False,H,H,,Juventus FC (ITA)       v PSV (NED)                2-1 (1-0),UCL 2024.txt,198
UCL_2024_0148,2024/25,2025-02-11,,Playoffs,Matchday 1,Sporting Clube de Portugal,POR,Borussia Dortmund,GER,0,3,0,3,0,0,,,False,False,A,A,,Sporting Clube de Portugal (POR) v Borussia Dortmund (GER)  0-3 (0-0),UCL 2024.txt,199
UCL_2024_0149,2024/25,2025-02-12,18:45,Playoffs,Matchday 1,Club Brugge KV,BEL,Atalanta BC,ITA,2,1,2,1,1,1,,,False,False,H,H,,18:45  Club Brugge KV (BEL)    v Atalanta BC (ITA)        2-1 (1-1),UCL 2024.txt,201
UCL_2024_0150,2024/25,2025-02-12,21:00,Playoffs,Matchday 1,AS Monaco FC,MCO,Sport Lisboa e Benfica,POR,0,1,0,1,0,0,,,False,False,A,A,,21:00  AS Monaco FC (MCO)      v Sport Lisboa e Benfica (POR)  0-1 (0-0),UCL 2024.txt,202
UCL_2024_0151,2024/25,2025-02-12,,Playoffs,Matchday 1,Celtic FC,SCO,FC Bayern München,GER,1,2,1,2,0,1,,,False,False,A,A,,Celtic FC (SCO)         v FC Bayern München (GER)  1-2 (0-1),UCL 2024.txt,203
UCL_2024_0152,2024/25,2025-02-12,,Playoffs,Matchday 1,Feyenoord Rotterdam,NED,AC Milan,ITA,1,0,1,0,1,0,,,False,False,H,H,,Feyenoord Rotterdam (NED) v AC Milan (ITA)           1-0 (1-0),UCL 2024.txt,204
UCL_2024_0153,2024/25,2025-02-18,18:45,Playoffs,Matchday 2,AC Milan,ITA,Feyenoord Rotterdam,NED,1,1,1,1,1,0,,,False,False,D,D,,18:45  AC Milan (ITA)          v Feyenoord Rotterdam (NED)  1-1 (1-0),UCL 2024.txt,209
UCL_2024_0154,2024/25,2025-02-18,21:00,Playoffs,Matchday 2,Sport Lisboa e Benfica,POR,AS Monaco FC,MCO,3,3,3,3,1,1,,,False,False,D,D,,21:00  Sport Lisboa e Benfica (POR) v AS Monaco FC (MCO)       3-3 (1-1),UCL 2024.txt,210
UCL_2024_0155,2024/25,2025-02-18,,Playoffs,Matchday 2,FC Bayern München,GER,Celtic FC,SCO,1,1,1,1,0,0,,,False,False,D,D,,FC Bayern München (GER) v Celtic FC (SCO)          1-1 (0-0),UCL 2024.txt,211
UCL_2024_0156,2024/25,2025-02-18,,Playoffs,Matchday 2,Atalanta BC,ITA,Club Brugge KV,BEL,1,3,1,3,0,3,,,False,False,A,A,,Atalanta BC (ITA)       v Club Brugge KV (BEL)     1-3 (0-3),UCL 2024.txt,212
UCL_2024_0157,2024/25,2025-02-19,18:45,Playoffs,Matchday 2,Borussia Dortmund,GER,Sporting Clube de Portugal,POR,0,0,0,0,,,,,False,False,D,D,,18:45  Borussia Dortmund (GER) v Sporting Clube de Portugal (POR)  0-0,UCL 2024.txt,214
UCL_2024_0158,2024/25,2025-02-19,21:00,Playoffs,Matchday 2,Paris Saint-Germain FC,FRA,Stade Brestois 29,FRA,7,0,7,0,2,0,,,False,False,H,H,,21:00  Paris Saint-Germain FC (FRA) v Stade Brestois 29 (FRA)  7-0 (2-0),UCL 2024.txt,215
UCL_2024_0159,2024/25,2025-02-19,,Playoffs,Matchday 2,Real Madrid CF,ESP,Manchester City FC,ENG,3,1,3,1,2,0,,,False,False,H,H,,Real Madrid CF (ESP)    v Manchester City FC (ENG)  3-1 (2-0),UCL 2024.txt,216
UCL_2024_0160,2024/25,2025-02-19,,Playoffs,Matchday 2,PSV,NED,Juventus FC,ITA,3,1,3,1,0,0,,,False,False,H,H,,PSV (NED)               v Juventus FC (ITA)        3-1 (0-0),UCL 2024.txt,217
UCL_2024_0161,2024/25,2025-03-04,18:45,Finals,Round of 16,Club Brugge KV,BEL,Aston Villa FC,ENG,1,3,1,3,1,1,,,False,False,A,A,,18:45  Club Brugge KV (BEL)    v Aston Villa FC (ENG)     1-3 (1-1),UCL 2024.txt,222
UCL_2024_0162,2024/25,2025-03-04,21:00,Finals,Round of 16,Real Madrid CF,ESP,Club Atlético de Madrid,ESP,2,1,2,1,1,1,,,False,False,H,H,,21:00  Real Madrid CF (ESP)    v Club Atlético de Madrid (ESP)  2-1 (1-1),UCL 2024.txt,223
UCL_2024_0163,2024/25,2025-03-04,,Finals,Round of 16,PSV,NED,Arsenal FC,ENG,1,7,1,7,1,3,,,False,False,A,A,,PSV (NED)               v Arsenal FC (ENG)         1-7 (1-3),UCL 2024.txt,224
UCL_2024_0164,2024/25,2025-03-04,,Finals,Round of 16,Borussia Dortmund,GER,Lille OSC,FRA,1,1,1,1,1,0,,,False,False,D,D,,Borussia Dortmund (GER) v Lille OSC (FRA)          1-1 (1-0),UCL 2024.txt,225
UCL_2024_0165,2024/25,2025-03-05,18:45,Finals,Round of 16,Feyenoord Rotterdam,NED,FC Internazionale Milano,ITA,0,2,0,2,0,1,,,False,False,A,A,,18:45  Feyenoord Rotterdam (NED) v FC Internazionale Milano (ITA)  0-2 (0-1),UCL 2024.txt,227
UCL_2024_0166,2024/25,2025-03-05,21:00,Finals,Round of 16,Paris Saint-Germain FC,FRA,Liverpool FC,ENG,0,1,0,1,0,0,,,False,False,A,A,,21:00  Paris Saint-Germain FC (FRA) v Liverpool FC (ENG)       0-1 (0-0),UCL 2024.txt,228
UCL_2024_0167,2024/25,2025-03-05,,Finals,Round of 16,FC Bayern München,GER,Bayer 04 Leverkusen,GER,3,0,3,0,1,0,,,False,False,H,H,,FC Bayern München (GER) v Bayer 04 Leverkusen (GER)  3-0 (1-0),UCL 2024.txt,229
UCL_2024_0168,2024/25,2025-03-05,,Finals,Round of 16,Sport Lisboa e Benfica,POR,FC Barcelona,ESP,0,1,0,1,0,0,,,False,False,A,A,,Sport Lisboa e Benfica (POR) v FC Barcelona (ESP)       0-1 (0-0),UCL 2024.txt,230
UCL_2024_0169,2024/25,2025-03-11,18:45,Finals,Round of 16,FC Barcelona,ESP,Sport Lisboa e Benfica,POR,3,1,3,1,3,1,,,False,False,H,H,,18:45  FC Barcelona (ESP)      v Sport Lisboa e Benfica (POR)  3-1 (3-1),UCL 2024.txt,232
UCL_2024_0170,2024/25,2025-03-11,21:00,Finals,Round of 16,Liverpool FC,ENG,Paris Saint-Germain FC,FRA,1,4,0,1,0,1,0,1,True,True,A,A,A,"21:00  Liverpool FC (ENG)      v Paris Saint-Germain FC (FRA)  1-4 pen. 0-1 a.e.t. (0-1, 0-1)",UCL 2024.txt,233
UCL_2024_0171,2024/25,2025-03-11,,Finals,Round of 16,FC Internazionale Milano,ITA,Feyenoord Rotterdam,NED,2,1,2,1,1,1,,,False,False,H,H,,FC Internazionale Milano (ITA) v Feyenoord Rotterdam (NED)  2-1 (1-1),UCL 2024.txt,234
UCL_2024_0172,2024/25,2025-03-11,,Finals,Round of 16,Bayer 04 Leverkusen,GER,FC Bayern München,GER,0,2,0,2,0,0,,,False,False,A,A,,Bayer 04 Leverkusen (GER) v FC Bayern München (GER)  0-2 (0-0),UCL 2024.txt,235
UCL_2024_0173,2024/25,2025-03-12,18:45,Finals,Round of 16,Lille OSC,FRA,Borussia Dortmund,GER,1,2,1,2,1,0,,,False,False,A,A,,18:45  Lille OSC (FRA)         v Borussia Dortmund (GER)  1-2 (1-0),UCL 2024.txt,237
UCL_2024_0174,2024/25,2025-03-12,21:00,Finals,Round of 16,Aston Villa FC,ENG,Club Brugge KV,BEL,3,0,3,0,0,0,,,False,False,H,H,,21:00  Aston Villa FC (ENG)    v Club Brugge KV (BEL)     3-0 (0-0),UCL 2024.txt,238
UCL_2024_0175,2024/25,2025-03-12,,Finals,Round of 16,Club Atlético de Madrid,ESP,Real Madrid CF,ESP,2,4,1,0,1,0,1,0,True,True,H,H,H,"Club Atlético de Madrid (ESP) v Real Madrid CF (ESP)     2-4 pen. 1-0 a.e.t. (1-0, 1-0)",UCL 2024.txt,239
UCL_2024_0176,2024/25,2025-03-12,,Finals,Round of 16,Arsenal FC,ENG,PSV,NED,2,2,2,2,2,1,,,False,False,D,D,,Arsenal FC (ENG)        v PSV (NED)                2-2 (2-1),UCL 2024.txt,240
UCL_2024_0177,2024/25,2025-04-08,21:00,Finals,Quarterfinals,Arsenal FC,ENG,Real Madrid CF,ESP,3,0,3,0,0,0,,,False,False,H,H,,21:00  Arsenal FC (ENG)        v Real Madrid CF (ESP)     3-0 (0-0),UCL 2024.txt,245
UCL_2024_0178,2024/25,2025-04-08,,Finals,Quarterfinals,FC Bayern München,GER,FC Internazionale Milano,ITA,1,2,1,2,0,1,,,False,False,A,A,,FC Bayern München (GER) v FC Internazionale Milano (ITA)  1-2 (0-1),UCL 2024.txt,246
UCL_2024_0179,2024/25,2025-04-09,21:00,Finals,Quarterfinals,Paris Saint-Germain FC,FRA,Aston Villa FC,ENG,3,1,3,1,1,1,,,False,False,H,H,,21:00  Paris Saint-Germain FC (FRA) v Aston Villa FC (ENG)     3-1 (1-1),UCL 2024.txt,248
UCL_2024_0180,2024/25,2025-04-09,,Finals,Quarterfinals,FC Barcelona,ESP,Borussia Dortmund,GER,4,0,4,0,1,0,,,False,False,H,H,,FC Barcelona (ESP)      v Borussia Dortmund (GER)  4-0 (1-0),UCL 2024.txt,249
UCL_2024_0181,2024/25,2025-04-15,21:00,Finals,Quarterfinals,Aston Villa FC,ENG,Paris Saint-Germain FC,FRA,3,2,3,2,1,2,,,False,False,H,H,,21:00  Aston Villa FC (ENG)    v Paris Saint-Germain FC (FRA)  3-2 (1-2),UCL 2024.txt,251
UCL_2024_0182,2024/25,2025-04-15,,Finals,Quarterfinals,Borussia Dortmund,GER,FC Barcelona,ESP,3,1,3,1,1,0,,,False,False,H,H,,Borussia Dortmund (GER) v FC Barcelona (ESP)       3-1 (1-0),UCL 2024.txt,252
UCL_2024_0183,2024/25,2025-04-16,21:00,Finals,Quarterfinals,Real Madrid CF,ESP,Arsenal FC,ENG,1,2,1,2,0,0,,,False,False,A,A,,21:00  Real Madrid CF (ESP)    v Arsenal FC (ENG)         1-2 (0-0),UCL 2024.txt,254
UCL_2024_0184,2024/25,2025-04-16,,Finals,Quarterfinals,FC Internazionale Milano,ITA,FC Bayern München,GER,2,2,2,2,0,0,,,False,False,D,D,,FC Internazionale Milano (ITA) v FC Bayern München (GER)  2-2 (0-0),UCL 2024.txt,255
UCL_2024_0185,2024/25,2025-04-29,21:00,Finals,Semifinals,Arsenal FC,ENG,Paris Saint-Germain FC,FRA,0,1,0,1,0,1,,,False,False,A,A,,21:00  Arsenal FC (ENG)        v Paris Saint-Germain FC (FRA)  0-1 (0-1),UCL 2024.txt,260
UCL_2024_0186,2024/25,2025-04-30,21:00,Finals,Semifinals,FC Barcelona,ESP,FC Internazionale Milano,ITA,3,3,3,3,2,2,,,False,False,D,D,,21:00  FC Barcelona (ESP)      v FC Internazionale Milano (ITA)  3-3 (2-2),UCL 2024.txt,262
UCL_2024_0187,2024/25,2025-05-06,21:00,Finals,Semifinals,FC Internazionale Milano,ITA,FC Barcelona,ESP,4,3,4,3,2,0,,,False,False,H,H,,21:00  FC Internazionale Milano (ITA) v FC Barcelona (ESP)       4-3 (2-0),UCL 2024.txt,264
UCL_2024_0188,2024/25,2025-05-07,21:00,Finals,Semifinals,Paris Saint-Germain FC,FRA,Arsenal FC,ENG,2,1,2,1,1,0,,,False,False,H,H,,21:00  Paris Saint-Germain FC (FRA) v Arsenal FC (ENG)         2-1 (1-0),UCL 2024.txt,266
UCL_2024_0189,2024/25,2025-05-31,21:00,Finals,Final,Paris Saint-Germain FC,FRA,FC Internazionale Milano,ITA,5,0,5,0,2,0,,,False,False,H,H,,21:00  Paris Saint-Germain FC (FRA) v FC Internazionale Milano (ITA)  5-0 (2-0),UCL 2024.txt,271
UCL_2025_0001,2025/26,2025-09-16,18:45,League,Matchday 1,Athletic Club,ESP,Arsenal FC,ENG,0,2,0,2,0,0,,,False,False,A,A,,18:45  Athletic Club (ESP)     v Arsenal FC (ENG)         0-2 (0-0),UCL 2025.txt,12
UCL_2025_0002,2025/26,2025-09-16,,League,Matchday 1,PSV,NED,Royale Union Saint-Gilloise,BEL,1,3,1,3,0,2,,,False,False,A,A,,PSV (NED)               v Royale Union Saint-Gilloise (BEL)  1-3 (0-2),UCL 2025.txt,13
UCL_2025_0003,2025/26,2025-09-16,21:00,League,Matchday 1,Juventus FC,ITA,Borussia Dortmund,GER,4,4,4,4,0,0,,,False,False,D,D,,21:00  Juventus FC (ITA)       v Borussia Dortmund (GER)  4-4 (0-0),UCL 2025.txt,14
UCL_2025_0004,2025/26,2025-09-16,,League,Matchday 1,Sport Lisboa e Benfica,POR,Qarabağ Ağdam FK,AZE,2,3,2,3,2,1,,,False,False,A,A,,Sport Lisboa e Benfica (POR) v Qarabağ Ağdam FK (AZE)   2-3 (2-1),UCL 2025.txt,15
UCL_2025_0005,2025/26,2025-09-16,,League,Matchday 1,Tottenham Hotspur FC,ENG,Villarreal CF,ESP,1,0,1,0,1,0,,,False,False,H,H,,Tottenham Hotspur FC (ENG) v Villarreal CF (ESP)      1-0 (1-0),UCL 2025.txt,16
UCL_2025_0006,2025/26,2025-09-16,,League,Matchday 1,Real Madrid CF,ESP,Olympique de Marseille,FRA,2,1,2,1,1,1,,,False,False,H,H,,Real Madrid CF (ESP)    v Olympique de Marseille (FRA)  2-1 (1-1),UCL 2025.txt,17
UCL_2025_0007,2025/26,2025-09-17,18:45,League,Matchday 1,SK Slavia Praha,CZE,FK Bodø/Glimt,NOR,2,2,2,2,1,0,,,False,False,D,D,,18:45  SK Slavia Praha (CZE)   v FK Bodø/Glimt (NOR)      2-2 (1-0),UCL 2025.txt,19
UCL_2025_0008,2025/26,2025-09-17,,League,Matchday 1,PAE Olympiakos SFP,GRE,Paphos FC,CYP,0,0,0,0,,,,,False,False,D,D,,PAE Olympiakos SFP (GRE) v Paphos FC (CYP)          0-0,UCL 2025.txt,20
UCL_2025_0009,2025/26,2025-09-17,21:00,League,Matchday 1,AFC Ajax,NED,FC Internazionale Milano,ITA,0,2,0,2,0,1,,,False,False,A,A,,21:00  AFC Ajax (NED)          v FC Internazionale Milano (ITA)  0-2 (0-1),UCL 2025.txt,21
UCL_2025_0010,2025/26,2025-09-17,,League,Matchday 1,Liverpool FC,ENG,Club Atlético de Madrid,ESP,3,2,3,2,2,1,,,False,False,H,H,,Liverpool FC (ENG)      v Club Atlético de Madrid (ESP)  3-2 (2-1),UCL 2025.txt,22
UCL_2025_0011,2025/26,2025-09-17,,League,Matchday 1,Paris Saint-Germain FC,FRA,Atalanta BC,ITA,4,0,4,0,2,0,,,False,False,H,H,,Paris Saint-Germain FC (FRA) v Atalanta BC (ITA)        4-0 (2-0),UCL 2025.txt,23
UCL_2025_0012,2025/26,2025-09-17,,League,Matchday 1,FC Bayern München,GER,Chelsea FC,ENG,3,1,3,1,2,1,,,False,False,H,H,,FC Bayern München (GER) v Chelsea FC (ENG)         3-1 (2-1),UCL 2025.txt,24
UCL_2025_0013,2025/26,2025-09-18,18:45,League,Matchday 1,FC København,DEN,Bayer 04 Leverkusen,GER,2,2,2,2,1,0,,,False,False,D,D,,18:45  FC København (DEN)      v Bayer 04 Leverkusen (GER)  2-2 (1-0),UCL 2025.txt,26
UCL_2025_0014,2025/26,2025-09-18,,League,Matchday 1,Club Brugge KV,BEL,AS Monaco FC,MCO,4,1,4,1,3,0,,,False,False,H,H,,Club Brugge KV (BEL)    v AS Monaco FC (MCO)       4-1 (3-0),UCL 2025.txt,27
UCL_2025_0015,2025/26,2025-09-18,21:00,League,Matchday 1,Newcastle United FC,ENG,FC Barcelona,ESP,1,2,1,2,0,0,,,False,False,A,A,,21:00  Newcastle United FC (ENG) v FC Barcelona (ESP)       1-2 (0-0),UCL 2025.txt,28
UCL_2025_0016,2025/26,2025-09-18,,League,Matchday 1,Manchester City FC,ENG,SSC Napoli,ITA,2,0,2,0,0,0,,,False,False,H,H,,Manchester City FC (ENG) v SSC Napoli (ITA)         2-0 (0-0),UCL 2025.txt,29
UCL_2025_0017,2025/26,2025-09-18,,League,Matchday 1,Eintracht Frankfurt,GER,Galatasaray SK,TUR,5,1,5,1,3,1,,,False,False,H,H,,Eintracht Frankfurt (GER) v Galatasaray SK (TUR)     5-1 (3-1),UCL 2025.txt,30
UCL_2025_0018,2025/26,2025-09-18,,League,Matchday 1,Sporting Clube de Portugal,POR,FK Kairat,KAZ,4,1,4,1,1,0,,,False,False,H,H,,Sporting Clube de Portugal (POR) v FK Kairat (KAZ)          4-1 (1-0),UCL 2025.txt,31
UCL_2025_0019,2025/26,2025-09-30,18:45,League,Matchday 2,Atalanta BC,ITA,Club Brugge KV,BEL,2,1,2,1,0,1,,,False,False,H,H,,18:45  Atalanta BC (ITA)       v Club Brugge KV (BEL)     2-1 (0-1),UCL 2025.txt,36
UCL_2025_0020,2025/26,2025-09-30,,League,Matchday 2,FK Kairat,KAZ,Real Madrid CF,ESP,0,5,0,5,0,1,,,False,False,A,A,,FK Kairat (KAZ)         v Real Madrid CF (ESP)     0-5 (0-1),UCL 2025.txt,37
UCL_2025_0021,2025/26,2025-09-30,21:00,League,Matchday 2,Galatasaray SK,TUR,Liverpool FC,ENG,1,0,1,0,1,0,,,False,False,H,H,,21:00  Galatasaray SK (TUR)    v Liverpool FC (ENG)       1-0 (1-0),UCL 2025.txt,38
UCL_2025_0022,2025/26,2025-09-30,,League,Matchday 2,Club Atlético de Madrid,ESP,Eintracht Frankfurt,GER,5,1,5,1,3,0,,,False,False,H,H,,Club Atlético de Madrid (ESP) v Eintracht Frankfurt (GER)  5-1 (3-0),UCL 2025.txt,39
UCL_2025_0023,2025/26,2025-09-30,,League,Matchday 2,Olympique de Marseille,FRA,AFC Ajax,NED,4,0,4,0,3,0,,,False,False,H,H,,Olympique de Marseille (FRA) v AFC Ajax (NED)           4-0 (3-0),UCL 2025.txt,40
UCL_2025_0024,2025/26,2025-09-30,,League,Matchday 2,FK Bodø/Glimt,NOR,Tottenham Hotspur FC,ENG,2,2,2,2,0,0,,,False,False,D,D,,FK Bodø/Glimt (NOR)     v Tottenham Hotspur FC (ENG)  2-2 (0-0),UCL 2025.txt,41
UCL_2025_0025,2025/26,2025-09-30,,League,Matchday 2,Paphos FC,CYP,FC Bayern München,GER,1,5,1,5,1,4,,,False,False,A,A,,Paphos FC (CYP)         v FC Bayern München (GER)  1-5 (1-4),UCL 2025.txt,42
UCL_2025_0026,2025/26,2025-09-30,,League,Matchday 2,Chelsea FC,ENG,Sport Lisboa e Benfica,POR,1,0,1,0,1,0,,,False,False,H,H,,Chelsea FC (ENG)        v Sport Lisboa e Benfica (POR)  1-0 (1-0),UCL 2025.txt,43
UCL_2025_0027,2025/26,2025-09-30,,League,Matchday 2,FC Internazionale Milano,ITA,SK Slavia Praha,CZE,3,0,3,0,2,0,,,False,False,H,H,,FC Internazionale Milano (ITA) v SK Slavia Praha (CZE)    3-0 (2-0),UCL 2025.txt,44
UCL_2025_0028,2025/26,2025-10-01,18:45,League,Matchday 2,Qarabağ Ağdam FK,AZE,FC København,DEN,2,0,2,0,1,0,,,False,False,H,H,,18:45  Qarabağ Ağdam FK (AZE)  v FC København (DEN)       2-0 (1-0),UCL 2025.txt,46
UCL_2025_0029,2025/26,2025-10-01,,League,Matchday 2,Royale Union Saint-Gilloise,BEL,Newcastle United FC,ENG,0,4,0,4,0,2,,,False,False,A,A,,Royale Union Saint-Gilloise (BEL) v Newcastle United FC (ENG)  0-4 (0-2),UCL 2025.txt,47
UCL_2025_0030,2025/26,2025-10-01,21:00,League,Matchday 2,Borussia Dortmund,GER,Athletic Club,ESP,4,1,4,1,1,0,,,False,False,H,H,,21:00  Borussia Dortmund (GER) v Athletic Club (ESP)      4-1 (1-0),UCL 2025.txt,48
UCL_2025_0031,2025/26,2025-10-01,,League,Matchday 2,FC Barcelona,ESP,Paris Saint-Germain FC,FRA,1,2,1,2,1,1,,,False,False,A,A,,FC Barcelona (ESP)      v Paris Saint-Germain FC (FRA)  1-2 (1-1),UCL 2025.txt,49
UCL_2025_0032,2025/26,2025-10-01,,League,Matchday 2,AS Monaco FC,MCO,Manchester City FC,ENG,2,2,2,2,1,2,,,False,False,D,D,,AS Monaco FC (MCO)      v Manchester City FC (ENG)  2-2 (1-2),UCL 2025.txt,50
UCL_2025_0033,2025/26,2025-10-01,,League,Matchday 2,Bayer 04 Leverkusen,GER,PSV,NED,1,1,1,1,0,0,,,False,False,D,D,,Bayer 04 Leverkusen (GER) v PSV (NED)                1-1 (0-0),UCL 2025.txt,51
UCL_2025_0034,2025/26,2025-10-01,,League,Matchday 2,Arsenal FC,ENG,PAE Olympiakos SFP,GRE,2,0,2,0,1,0,,,False,False,H,H,,Arsenal FC (ENG)        v PAE Olympiakos SFP (GRE)  2-0 (1-0),UCL 2025.txt,52
UCL_2025_0035,2025/26,2025-10-01,,League,Matchday 2,Villarreal CF,ESP,Juventus FC,ITA,2,2,2,2,1,0,,,False,False,D,D,,Villarreal CF (ESP)     v Juventus FC (ITA)        2-2 (1-0),UCL 2025.txt,53
UCL_2025_0036,2025/26,2025-10-01,,League,Matchday 2,SSC Napoli,ITA,Sporting Clube de Portugal,POR,2,1,2,1,1,0,,,False,False,H,H,,SSC Napoli (ITA)        v Sporting Clube de Portugal (POR)  2-1 (1-0),UCL 2025.txt,54
UCL_2025_0037,2025/26,2025-10-21,18:45,League,Matchday 3,FC Barcelona,ESP,PAE Olympiakos SFP,GRE,6,1,6,1,2,0,,,False,False,H,H,,18:45  FC Barcelona (ESP)      v PAE Olympiakos SFP (GRE)  6-1 (2-0),UCL 2025.txt,59
UCL_2025_0038,2025/26,2025-10-21,,League,Matchday 3,FK Kairat,KAZ,Paphos FC,CYP,0,0,0,0,,,,,False,False,D,D,,FK Kairat (KAZ)         v Paphos FC (CYP)          0-0,UCL 2025.txt,60
UCL_2025_0039,2025/26,2025-10-21,21:00,League,Matchday 3,Royale Union Saint-Gilloise,BEL,FC Internazionale Milano,ITA,0,4,0,4,0,2,,,False,False,A,A,,21:00  Royale Union Saint-Gilloise (BEL) v FC Internazionale Milano (ITA)  0-4 (0-2),UCL 2025.txt,61
UCL_2025_0040,2025/26,2025-10-21,,League,Matchday 3,FC København,DEN,Borussia Dortmund,GER,2,4,2,4,1,1,,,False,False,A,A,,FC København (DEN)      v Borussia Dortmund (GER)  2-4 (1-1),UCL 2025.txt,62
UCL_2025_0041,2025/26,2025-10-21,,League,Matchday 3,Bayer 04 Leverkusen,GER,Paris Saint-Germain FC,FRA,2,7,2,7,1,4,,,False,False,A,A,,Bayer 04 Leverkusen (GER) v Paris Saint-Germain FC (FRA)  2-7 (1-4),UCL 2025.txt,63
UCL_2025_0042,2025/26,2025-10-21,,League,Matchday 3,Villarreal CF,ESP,Manchester City FC,ENG,0,2,0,2,0,2,,,False,False,A,A,,Villarreal CF (ESP)     v Manchester City FC (ENG)  0-2 (0-2),UCL 2025.txt,64
UCL_2025_0043,2025/26,2025-10-21,,League,Matchday 3,Arsenal FC,ENG,Club Atlético de Madrid,ESP,4,0,4,0,0,0,,,False,False,H,H,,Arsenal FC (ENG)        v Club Atlético de Madrid (ESP)  4-0 (0-0),UCL 2025.txt,65
UCL_2025_0044,2025/26,2025-10-21,,League,Matchday 3,Newcastle United FC,ENG,Sport Lisboa e Benfica,POR,3,0,3,0,1,0,,,False,False,H,H,,Newcastle United FC (ENG) v Sport Lisboa e Benfica (POR)  3-0 (1-0),UCL 2025.txt,66
UCL_2025_0045,2025/26,2025-10-21,,League,Matchday 3,PSV,NED,SSC Napoli,ITA,6,2,6,2,2,1,,,False,False,H,H,,PSV (NED)               v SSC Napoli (ITA)         6-2 (2-1),UCL 2025.txt,67
UCL_2025_0046,2025/26,2025-10-22,18:45,League,Matchday 3,Galatasaray SK,TUR,FK Bodø/Glimt,NOR,3,1,3,1,2,0,,,False,False,H,H,,18:45  Galatasaray SK (TUR)    v FK Bodø/Glimt (NOR)      3-1 (2-0),UCL 2025.txt,69
UCL_2025_0047,2025/26,2025-10-22,,League,Matchday 3,Athletic Club,ESP,Qarabağ Ağdam FK,AZE,3,1,3,1,1,1,,,False,False,H,H,,Athletic Club (ESP)     v Qarabağ Ağdam FK (AZE)   3-1 (1-1),UCL 2025.txt,70
UCL_2025_0048,2025/26,2025-10-22,21:00,League,Matchday 3,Eintracht Frankfurt,GER,Liverpool FC,ENG,1,5,1,5,1,3,,,False,False,A,A,,21:00  Eintracht Frankfurt (GER) v Liverpool FC (ENG)       1-5 (1-3),UCL 2025.txt,71
UCL_2025_0049,2025/26,2025-10-22,,League,Matchday 3,Atalanta BC,ITA,SK Slavia Praha,CZE,0,0,0,0,,,,,False,False,D,D,,Atalanta BC (ITA)       v SK Slavia Praha (CZE)    0-0,UCL 2025.txt,72
UCL_2025_0050,2025/26,2025-10-22,,League,Matchday 3,Sporting Clube de Portugal,POR,Olympique de Marseille,FRA,2,1,2,1,0,1,,,False,False,H,H,,Sporting Clube de Portugal (POR) v Olympique de Marseille (FRA)  2-1 (0-1),UCL 2025.txt,73
UCL_2025_0051,2025/26,2025-10-22,,League,Matchday 3,AS Monaco FC,MCO,Tottenham Hotspur FC,ENG,0,0,0,0,,,,,False,False,D,D,,AS Monaco FC (MCO)      v Tottenham Hotspur FC (ENG)  0-0,UCL 2025.txt,74
UCL_2025_0052,2025/26,2025-10-22,,League,Matchday 3,FC Bayern München,GER,Club Brugge KV,BEL,4,0,4,0,3,0,,,False,False,H,H,,FC Bayern München (GER) v Club Brugge KV (BEL)     4-0 (3-0),UCL 2025.txt,75
UCL_2025_0053,2025/26,2025-10-22,,League,Matchday 3,Chelsea FC,ENG,AFC Ajax,NED,5,1,5,1,4,1,,,False,False,H,H,,Chelsea FC (ENG)        v AFC Ajax (NED)           5-1 (4-1),UCL 2025.txt,76
UCL_2025_0054,2025/26,2025-10-22,,League,Matchday 3,Real Madrid CF,ESP,Juventus FC,ITA,1,0,1,0,0,0,,,False,False,H,H,,Real Madrid CF (ESP)    v Juventus FC (ITA)        1-0 (0-0),UCL 2025.txt,77
UCL_2025_0055,2025/26,2025-11-04,18:45,League,Matchday 4,SK Slavia Praha,CZE,Arsenal FC,ENG,0,3,0,3,0,1,,,False,False,A,A,,18:45  SK Slavia Praha (CZE)   v Arsenal FC (ENG)         0-3 (0-1),UCL 2025.txt,82
UCL_2025_0056,2025/26,2025-11-04,,League,Matchday 4,SSC Napoli,ITA,Eintracht Frankfurt,GER,0,0,0,0,,,,,False,False,D,D,,SSC Napoli (ITA)        v Eintracht Frankfurt (GER)  0-0,UCL 2025.txt,83
UCL_2025_0057,2025/26,2025-11-04,21:00,League,Matchday 4,Juventus FC,ITA,Sporting Clube de Portugal,POR,1,1,1,1,1,1,,,False,False,D,D,,21:00  Juventus FC (ITA)       v Sporting Clube de Portugal (POR)  1-1 (1-1),UCL 2025.txt,84
UCL_2025_0058,2025/26,2025-11-04,,League,Matchday 4,Club Atlético de Madrid,ESP,Royale Union Saint-Gilloise,BEL,3,1,3,1,1,0,,,False,False,H,H,,Club Atlético de Madrid (ESP) v Royale Union Saint-Gilloise (BEL)  3-1 (1-0),UCL 2025.txt,85
UCL_2025_0059,2025/26,2025-11-04,,League,Matchday 4,Tottenham Hotspur FC,ENG,FC København,DEN,4,0,4,0,1,0,,,False,False,H,H,,Tottenham Hotspur FC (ENG) v FC København (DEN)       4-0 (1-0),UCL 2025.txt,86
UCL_2025_0060,2025/26,2025-11-04,,League,Matchday 4,FK Bodø/Glimt,NOR,AS Monaco FC,MCO,0,1,0,1,0,1,,,False,False,A,A,,FK Bodø/Glimt (NOR)     v AS Monaco FC (MCO)       0-1 (0-1),UCL 2025.txt,87
UCL_2025_0061,2025/26,2025-11-04,,League,Matchday 4,PAE Olympiakos SFP,GRE,PSV,NED,1,1,1,1,1,0,,,False,False,D,D,,PAE Olympiakos SFP (GRE) v PSV (NED)                1-1 (1-0),UCL 2025.txt,88
UCL_2025_0062,2025/26,2025-11-04,,League,Matchday 4,Paris Saint-Germain FC,FRA,FC Bayern München,GER,1,2,1,2,0,2,,,False,False,A,A,,Paris Saint-Germain FC (FRA) v FC Bayern München (GER)  1-2 (0-2),UCL 2025.txt,89
UCL_2025_0063,2025/26,2025-11-04,,League,Matchday 4,Liverpool FC,ENG,Real Madrid CF,ESP,1,0,1,0,0,0,,,False,False,H,H,,Liverpool FC (ENG)      v Real Madrid CF (ESP)     1-0 (0-0),UCL 2025.txt,90
UCL_2025_0064,2025/26,2025-11-05,18:45,League,Matchday 4,Paphos FC,CYP,Villarreal CF,ESP,1,0,1,0,0,0,,,False,False,H,H,,18:45  Paphos FC (CYP)         v Villarreal CF (ESP)      1-0 (0-0),UCL 2025.txt,92
UCL_2025_0065,2025/26,2025-11-05,,League,Matchday 4,Qarabağ Ağdam FK,AZE,Chelsea FC,ENG,2,2,2,2,2,1,,,False,False,D,D,,Qarabağ Ağdam FK (AZE)  v Chelsea FC (ENG)         2-2 (2-1),UCL 2025.txt,93
UCL_2025_0066,2025/26,2025-11-05,21:00,League,Matchday 4,FC Internazionale Milano,ITA,FK Kairat,KAZ,2,1,2,1,1,0,,,False,False,H,H,,21:00  FC Internazionale Milano (ITA) v FK Kairat (KAZ)          2-1 (1-0),UCL 2025.txt,94
UCL_2025_0067,2025/26,2025-11-05,,League,Matchday 4,Manchester City FC,ENG,Borussia Dortmund,GER,4,1,4,1,2,0,,,False,False,H,H,,Manchester City FC (ENG) v Borussia Dortmund (GER)  4-1 (2-0),UCL 2025.txt,95
UCL_2025_0068,2025/26,2025-11-05,,League,Matchday 4,Club Brugge KV,BEL,FC Barcelona,ESP,3,3,3,3,2,1,,,False,False,D,D,,Club Brugge KV (BEL)    v FC Barcelona (ESP)       3-3 (2-1),UCL 2025.txt,96
UCL_2025_0069,2025/26,2025-11-05,,League,Matchday 4,Sport Lisboa e Benfica,POR,Bayer 04 Leverkusen,GER,0,1,0,1,0,0,,,False,False,A,A,,Sport Lisboa e Benfica (POR) v Bayer 04 Leverkusen (GER)  0-1 (0-0),UCL 2025.txt,97
UCL_2025_0070,2025/26,2025-11-05,,League,Matchday 4,Olympique de Marseille,FRA,Atalanta BC,ITA,0,1,0,1,0,0,,,False,False,A,A,,Olympique de Marseille (FRA) v Atalanta BC (ITA)        0-1 (0-0),UCL 2025.txt,98
UCL_2025_0071,2025/26,2025-11-05,,League,Matchday 4,AFC Ajax,NED,Galatasaray SK,TUR,0,3,0,3,0,0,,,False,False,A,A,,AFC Ajax (NED)          v Galatasaray SK (TUR)     0-3 (0-0),UCL 2025.txt,99
UCL_2025_0072,2025/26,2025-11-05,,League,Matchday 4,Newcastle United FC,ENG,Athletic Club,ESP,2,0,2,0,1,0,,,False,False,H,H,,Newcastle United FC (ENG) v Athletic Club (ESP)      2-0 (1-0),UCL 2025.txt,100
UCL_2025_0073,2025/26,2025-11-25,18:45,League,Matchday 5,AFC Ajax,NED,Sport Lisboa e Benfica,POR,0,2,0,2,0,1,,,False,False,A,A,,18:45  AFC Ajax (NED)          v Sport Lisboa e Benfica (POR)  0-2 (0-1),UCL 2025.txt,105
UCL_2025_0074,2025/26,2025-11-25,,League,Matchday 5,Galatasaray SK,TUR,Royale Union Saint-Gilloise,BEL,0,1,0,1,0,0,,,False,False,A,A,,Galatasaray SK (TUR)    v Royale Union Saint-Gilloise (BEL)  0-1 (0-0),UCL 2025.txt,106
UCL_2025_0075,2025/26,2025-11-25,21:00,League,Matchday 5,Borussia Dortmund,GER,Villarreal CF,ESP,4,0,4,0,1,0,,,False,False,H,H,,21:00  Borussia Dortmund (GER) v Villarreal CF (ESP)      4-0 (1-0),UCL 2025.txt,107
UCL_2025_0076,2025/26,2025-11-25,,League,Matchday 5,Manchester City FC,ENG,Bayer 04 Leverkusen,GER,0,2,0,2,0,1,,,False,False,A,A,,Manchester City FC (ENG) v Bayer 04 Leverkusen (GER)  0-2 (0-1),UCL 2025.txt,108
UCL_2025_0077,2025/26,2025-11-25,,League,Matchday 5,FK Bodø/Glimt,NOR,Juventus FC,ITA,2,3,2,3,1,0,,,False,False,A,A,,FK Bodø/Glimt (NOR)     v Juventus FC (ITA)        2-3 (1-0),UCL 2025.txt,109
UCL_2025_0078,2025/26,2025-11-25,,League,Matchday 5,Olympique de Marseille,FRA,Newcastle United FC,ENG,2,1,2,1,0,1,,,False,False,H,H,,Olympique de Marseille (FRA) v Newcastle United FC (ENG)  2-1 (0-1),UCL 2025.txt,110
UCL_2025_0079,2025/26,2025-11-25,,League,Matchday 5,SK Slavia Praha,CZE,Athletic Club,ESP,0,0,0,0,,,,,False,False,D,D,,SK Slavia Praha (CZE)   v Athletic Club (ESP)      0-0,UCL 2025.txt,111
UCL_2025_0080,2025/26,2025-11-25,,League,Matchday 5,SSC Napoli,ITA,Qarabağ Ağdam FK,AZE,2,0,2,0,0,0,,,False,False,H,H,,SSC Napoli (ITA)        v Qarabağ Ağdam FK (AZE)   2-0 (0-0),UCL 2025.txt,112
UCL_2025_0081,2025/26,2025-11-25,,League,Matchday 5,Chelsea FC,ENG,FC Barcelona,ESP,3,0,3,0,1,0,,,False,False,H,H,,Chelsea FC (ENG)        v FC Barcelona (ESP)       3-0 (1-0),UCL 2025.txt,113
UCL_2025_0082,2025/26,2025-11-26,18:45,League,Matchday 5,Paphos FC,CYP,AS Monaco FC,MCO,2,2,2,2,1,2,,,False,False,D,D,,18:45  Paphos FC (CYP)         v AS Monaco FC (MCO)       2-2 (1-2),UCL 2025.txt,115
UCL_2025_0083,2025/26,2025-11-26,,League,Matchday 5,FC København,DEN,FK Kairat,KAZ,3,2,3,2,1,0,,,False,False,H,H,,FC København (DEN)      v FK Kairat (KAZ)          3-2 (1-0),UCL 2025.txt,116
UCL_2025_0084,2025/26,2025-11-26,21:00,League,Matchday 5,Liverpool FC,ENG,PSV,NED,1,4,1,4,1,1,,,False,False,A,A,,21:00  Liverpool FC (ENG)      v PSV (NED)                1-4 (1-1),UCL 2025.txt,117
UCL_2025_0085,2025/26,2025-11-26,,League,Matchday 5,Paris Saint-Germain FC,FRA,Tottenham Hotspur FC,ENG,5,3,5,3,1,1,,,False,False,H,H,,Paris Saint-Germain FC (FRA) v Tottenham Hotspur FC (ENG)  5-3 (1-1),UCL 2025.txt,118
UCL_2025_0086,2025/26,2025-11-26,,League,Matchday 5,Eintracht Frankfurt,GER,Atalanta BC,ITA,0,3,0,3,0,0,,,False,False,A,A,,Eintracht Frankfurt (GER) v Atalanta BC (ITA)        0-3 (0-0),UCL 2025.txt,119
UCL_2025_0087,2025/26,2025-11-26,,League,Matchday 5,Sporting Clube de Portugal,POR,Club Brugge KV,BEL,3,0,3,0,2,0,,,False,False,H,H,,Sporting Clube de Portugal (POR) v Club Brugge KV (BEL)     3-0 (2-0),UCL 2025.txt,120
UCL_2025_0088,2025/26,2025-11-26,,League,Matchday 5,Arsenal FC,ENG,FC Bayern München,GER,3,1,3,1,1,1,,,False,False,H,H,,Arsenal FC (ENG)        v FC Bayern München (GER)  3-1 (1-1),UCL 2025.txt,121
UCL_2025_0089,2025/26,2025-11-26,,League,Matchday 5,PAE Olympiakos SFP,GRE,Real Madrid CF,ESP,3,4,3,4,1,3,,,False,False,A,A,,PAE Olympiakos SFP (GRE) v Real Madrid CF (ESP)     3-4 (1-3),UCL 2025.txt,122
UCL_2025_0090,2025/26,2025-11-26,,League,Matchday 5,Club Atlético de Madrid,ESP,FC Internazionale Milano,ITA,2,1,2,1,1,0,,,False,False,H,H,,Club Atlético de Madrid (ESP) v FC Internazionale Milano (ITA)  2-1 (1-0),UCL 2025.txt,123
UCL_2025_0091,2025/26,2025-12-09,16:30,League,Matchday 6,FK Kairat,KAZ,PAE Olympiakos SFP,GRE,0,1,0,1,0,0,,,False,False,A,A,,16:30  FK Kairat (KAZ)         v PAE Olympiakos SFP (GRE)  0-1 (0-0),UCL 2025.txt,128
UCL_2025_0092,2025/26,2025-12-09,18:45,League,Matchday 6,FC Bayern München,GER,Sporting Clube de Portugal,POR,3,1,3,1,0,0,,,False,False,H,H,,18:45  FC Bayern München (GER) v Sporting Clube de Portugal (POR)  3-1 (0-0),UCL 2025.txt,129
UCL_2025_0093,2025/26,2025-12-09,21:00,League,Matchday 6,FC Barcelona,ESP,Eintracht Frankfurt,GER,2,1,2,1,0,1,,,False,False,H,H,,21:00  FC Barcelona (ESP)      v Eintracht Frankfurt (GER)  2-1 (0-1),UCL 2025.txt,130
UCL_2025_0094,2025/26,2025-12-09,,League,Matchday 6,PSV,NED,Club Atlético de Madrid,ESP,2,3,2,3,1,1,,,False,False,A,A,,PSV (NED)               v Club Atlético de Madrid (ESP)  2-3 (1-1),UCL 2025.txt,131
UCL_2025_0095,2025/26,2025-12-09,,League,Matchday 6,Royale Union Saint-Gilloise,BEL,Olympique de Marseille,FRA,2,3,2,3,1,2,,,False,False,A,A,,Royale Union Saint-Gilloise (BEL) v Olympique de Marseille (FRA)  2-3 (1-2),UCL 2025.txt,132
UCL_2025_0096,2025/26,2025-12-09,,League,Matchday 6,Tottenham Hotspur FC,ENG,SK Slavia Praha,CZE,3,0,3,0,1,0,,,False,False,H,H,,Tottenham Hotspur FC (ENG) v SK Slavia Praha (CZE)    3-0 (1-0),UCL 2025.txt,133
UCL_2025_0097,2025/26,2025-12-09,,League,Matchday 6,AS Monaco FC,MCO,Galatasaray SK,TUR,1,0,1,0,0,0,,,False,False,H,H,,AS Monaco FC (MCO)      v Galatasaray SK (TUR)     1-0 (0-0),UCL 2025.txt,134
UCL_2025_0098,2025/26,2025-12-09,,League,Matchday 6,Atalanta BC,ITA,Chelsea FC,ENG,2,1,2,1,0,1,,,False,False,H,H,,Atalanta BC (ITA)       v Chelsea FC (ENG)         2-1 (0-1),UCL 2025.txt,135
UCL_2025_0099,2025/26,2025-12-09,,League,Matchday 6,FC Internazionale Milano,ITA,Liverpool FC,ENG,0,1,0,1,0,0,,,False,False,A,A,,FC Internazionale Milano (ITA) v Liverpool FC (ENG)       0-1 (0-0),UCL 2025.txt,136
UCL_2025_0100,2025/26,2025-12-10,18:45,League,Matchday 6,Villarreal CF,ESP,FC København,DEN,2,3,2,3,0,1,,,False,False,A,A,,18:45  Villarreal CF (ESP)     v FC København (DEN)       2-3 (0-1),UCL 2025.txt,138
UCL_2025_0101,2025/26,2025-12-10,,League,Matchday 6,Qarabağ Ağdam FK,AZE,AFC Ajax,NED,2,4,2,4,1,1,,,False,False,A,A,,Qarabağ Ağdam FK (AZE)  v AFC Ajax (NED)           2-4 (1-1),UCL 2025.txt,139
UCL_2025_0102,2025/26,2025-12-10,21:00,League,Matchday 6,Borussia Dortmund,GER,FK Bodø/Glimt,NOR,2,2,2,2,1,1,,,False,False,D,D,,21:00  Borussia Dortmund (GER) v FK Bodø/Glimt (NOR)      2-2 (1-1),UCL 2025.txt,140
UCL_2025_0103,2025/26,2025-12-10,,League,Matchday 6,Athletic Club,ESP,Paris Saint-Germain FC,FRA,0,0,0,0,,,,,False,False,D,D,,Athletic Club (ESP)     v Paris Saint-Germain FC (FRA)  0-0,UCL 2025.txt,141
UCL_2025_0104,2025/26,2025-12-10,,League,Matchday 6,Bayer 04 Leverkusen,GER,Newcastle United FC,ENG,2,2,2,2,1,0,,,False,False,D,D,,Bayer 04 Leverkusen (GER) v Newcastle United FC (ENG)  2-2 (1-0),UCL 2025.txt,142
UCL_2025_0105,2025/26,2025-12-10,,League,Matchday 6,Club Brugge KV,BEL,Arsenal FC,ENG,0,3,0,3,0,1,,,False,False,A,A,,Club Brugge KV (BEL)    v Arsenal FC (ENG)         0-3 (0-1),UCL 2025.txt,143
UCL_2025_0106,2025/26,2025-12-10,,League,Matchday 6,Sport Lisboa e Benfica,POR,SSC Napoli,ITA,2,0,2,0,1,0,,,False,False,H,H,,Sport Lisboa e Benfica (POR) v SSC Napoli (ITA)         2-0 (1-0),UCL 2025.txt,144
UCL_2025_0107,2025/26,2025-12-10,,League,Matchday 6,Juventus FC,ITA,Paphos FC,CYP,2,0,2,0,0,0,,,False,False,H,H,,Juventus FC (ITA)       v Paphos FC (CYP)          2-0 (0-0),UCL 2025.txt,145
UCL_2025_0108,2025/26,2025-12-10,,League,Matchday 6,Real Madrid CF,ESP,Manchester City FC,ENG,1,2,1,2,1,2,,,False,False,A,A,,Real Madrid CF (ESP)    v Manchester City FC (ENG)  1-2 (1-2),UCL 2025.txt,146
UCL_2025_0109,2025/26,2026-01-20,16:30,League,Matchday 7,FK Kairat,KAZ,Club Brugge KV,BEL,1,4,1,4,0,2,,,False,False,A,A,,16:30  FK Kairat (KAZ)         v Club Brugge KV (BEL)     1-4 (0-2),UCL 2025.txt,151
UCL_2025_0110,2025/26,2026-01-20,18:45,League,Matchday 7,FK Bodø/Glimt,NOR,Manchester City FC,ENG,3,1,3,1,2,0,,,False,False,H,H,,18:45  FK Bodø/Glimt (NOR)     v Manchester City FC (ENG)  3-1 (2-0),UCL 2025.txt,152
UCL_2025_0111,2025/26,2026-01-20,21:00,League,Matchday 7,Tottenham Hotspur FC,ENG,Borussia Dortmund,GER,2,0,2,0,2,0,,,False,False,H,H,,21:00  Tottenham Hotspur FC (ENG) v Borussia Dortmund (GER)  2-0 (2-0),UCL 2025.txt,153
UCL_2025_0112,2025/26,2026-01-20,,League,Matchday 7,Sporting Clube de Portugal,POR,Paris Saint-Germain FC,FRA,2,1,2,1,0,0,,,False,False,H,H,,Sporting Clube de Portugal (POR) v Paris Saint-Germain FC (FRA)  2-1 (0-0),UCL 2025.txt,154
UCL_2025_0113,2025/26,2026-01-20,,League,Matchday 7,PAE Olympiakos SFP,GRE,Bayer 04 Leverkusen,GER,2,0,2,0,2,0,,,False,False,H,H,,PAE Olympiakos SFP (GRE) v Bayer 04 Leverkusen (GER)  2-0 (2-0),UCL 2025.txt,155
UCL_2025_0114,2025/26,2026-01-20,,League,Matchday 7,Villarreal CF,ESP,AFC Ajax,NED,1,2,1,2,0,0,,,False,False,A,A,,Villarreal CF (ESP)     v AFC Ajax (NED)           1-2 (0-0),UCL 2025.txt,156
UCL_2025_0115,2025/26,2026-01-20,,League,Matchday 7,FC København,DEN,SSC Napoli,ITA,1,1,1,1,0,1,,,False,False,D,D,,FC København (DEN)      v SSC Napoli (ITA)         1-1 (0-1),UCL 2025.txt,157
UCL_2025_0116,2025/26,2026-01-20,,League,Matchday 7,Real Madrid CF,ESP,AS Monaco FC,MCO,6,1,6,1,2,0,,,False,False,H,H,,Real Madrid CF (ESP)    v AS Monaco FC (MCO)       6-1 (2-0),UCL 2025.txt,158
UCL_2025_0117,2025/26,2026-01-20,,League,Matchday 7,FC Internazionale Milano,ITA,Arsenal FC,ENG,1,3,1,3,1,2,,,False,False,A,A,,FC Internazionale Milano (ITA) v Arsenal FC (ENG)         1-3 (1-2),UCL 2025.txt,159
UCL_2025_0118,2025/26,2026-01-21,18:45,League,Matchday 7,Qarabağ Ağdam FK,AZE,Eintracht Frankfurt,GER,3,2,3,2,1,1,,,False,False,H,H,,18:45  Qarabağ Ağdam FK (AZE)  v Eintracht Frankfurt (GER)  3-2 (1-1),UCL 2025.txt,161
UCL_2025_0119,2025/26,2026-01-21,,League,Matchday 7,Galatasaray SK,TUR,Club Atlético de Madrid,ESP,1,1,1,1,1,1,,,False,False,D,D,,Galatasaray SK (TUR)    v Club Atlético de Madrid (ESP)  1-1 (1-1),UCL 2025.txt,162
UCL_2025_0120,2025/26,2026-01-21,21:00,League,Matchday 7,Olympique de Marseille,FRA,Liverpool FC,ENG,0,3,0,3,0,1,,,False,False,A,A,,21:00  Olympique de Marseille (FRA) v Liverpool FC (ENG)       0-3 (0-1),UCL 2025.txt,163
UCL_2025_0121,2025/26,2026-01-21,,League,Matchday 7,SK Slavia Praha,CZE,FC Barcelona,ESP,2,4,2,4,2,2,,,False,False,A,A,,SK Slavia Praha (CZE)   v FC Barcelona (ESP)       2-4 (2-2),UCL 2025.txt,164
UCL_2025_0122,2025/26,2026-01-21,,League,Matchday 7,Atalanta BC,ITA,Athletic Club,ESP,2,3,2,3,1,0,,,False,False,A,A,,Atalanta BC (ITA)       v Athletic Club (ESP)      2-3 (1-0),UCL 2025.txt,165
UCL_2025_0123,2025/26,2026-01-21,,League,Matchday 7,Juventus FC,ITA,Sport Lisboa e Benfica,POR,2,0,2,0,0,0,,,False,False,H,H,,Juventus FC (ITA)       v Sport Lisboa e Benfica (POR)  2-0 (0-0),UCL 2025.txt,166
UCL_2025_0124,2025/26,2026-01-21,,League,Matchday 7,Newcastle United FC,ENG,PSV,NED,3,0,3,0,2,0,,,False,False,H,H,,Newcastle United FC (ENG) v PSV (NED)                3-0 (2-0),UCL 2025.txt,167
UCL_2025_0125,2025/26,2026-01-21,,League,Matchday 7,FC Bayern München,GER,Royale Union Saint-Gilloise,BEL,2,0,2,0,0,0,,,False,False,H,H,,FC Bayern München (GER) v Royale Union Saint-Gilloise (BEL)  2-0 (0-0),UCL 2025.txt,168
UCL_2025_0126,2025/26,2026-01-21,,League,Matchday 7,Chelsea FC,ENG,Paphos FC,CYP,1,0,1,0,0,0,,,False,False,H,H,,Chelsea FC (ENG)        v Paphos FC (CYP)          1-0 (0-0),UCL 2025.txt,169
UCL_2025_0127,2025/26,2026-01-28,21:00,League,Matchday 8,Liverpool FC,ENG,Qarabağ Ağdam FK,AZE,6,0,6,0,2,0,,,False,False,H,H,,21:00  Liverpool FC (ENG)      v Qarabağ Ağdam FK (AZE)   6-0 (2-0),UCL 2025.txt,174
UCL_2025_0128,2025/26,2026-01-28,,League,Matchday 8,FC Barcelona,ESP,FC København,DEN,4,1,4,1,0,1,,,False,False,H,H,,FC Barcelona (ESP)      v FC København (DEN)       4-1 (0-1),UCL 2025.txt,175
UCL_2025_0129,2025/26,2026-01-28,,League,Matchday 8,Manchester City FC,ENG,Galatasaray SK,TUR,2,0,2,0,2,0,,,False,False,H,H,,Manchester City FC (ENG) v Galatasaray SK (TUR)     2-0 (2-0),UCL 2025.txt,176
UCL_2025_0130,2025/26,2026-01-28,,League,Matchday 8,Bayer 04 Leverkusen,GER,Villarreal CF,ESP,3,0,3,0,2,0,,,False,False,H,H,,Bayer 04 Leverkusen (GER) v Villarreal CF (ESP)      3-0 (2-0),UCL 2025.txt,177
UCL_2025_0131,2025/26,2026-01-28,,League,Matchday 8,Arsenal FC,ENG,FK Kairat,KAZ,3,2,3,2,3,1,,,False,False,H,H,,Arsenal FC (ENG)        v FK Kairat (KAZ)          3-2 (3-1),UCL 2025.txt,178
UCL_2025_0132,2025/26,2026-01-28,,League,Matchday 8,Royale Union Saint-Gilloise,BEL,Atalanta BC,ITA,1,0,1,0,0,0,,,False,False,H,H,,Royale Union Saint-Gilloise (BEL) v Atalanta BC (ITA)        1-0 (0-0),UCL 2025.txt,179
UCL_2025_0133,2025/26,2026-01-28,,League,Matchday 8,Club Brugge KV,BEL,Olympique de Marseille,FRA,3,0,3,0,2,0,,,False,False,H,H,,Club Brugge KV (BEL)    v Olympique de Marseille (FRA)  3-0 (2-0),UCL 2025.txt,180
UCL_2025_0134,2025/26,2026-01-28,,League,Matchday 8,Eintracht Frankfurt,GER,Tottenham Hotspur FC,ENG,0,2,0,2,0,0,,,False,False,A,A,,Eintracht Frankfurt (GER) v Tottenham Hotspur FC (ENG)  0-2 (0-0),UCL 2025.txt,181
UCL_2025_0135,2025/26,2026-01-28,,League,Matchday 8,AS Monaco FC,MCO,Juventus FC,ITA,0,0,0,0,,,,,False,False,D,D,,AS Monaco FC (MCO)      v Juventus FC (ITA)        0-0,UCL 2025.txt,182
UCL_2025_0136,2025/26,2026-01-28,,League,Matchday 8,Club Atlético de Madrid,ESP,FK Bodø/Glimt,NOR,1,2,1,2,1,1,,,False,False,A,A,,Club Atlético de Madrid (ESP) v FK Bodø/Glimt (NOR)      1-2 (1-1),UCL 2025.txt,183
UCL_2025_0137,2025/26,2026-01-28,,League,Matchday 8,Athletic Club,ESP,Sporting Clube de Portugal,POR,2,3,2,3,2,1,,,False,False,A,A,,Athletic Club (ESP)     v Sporting Clube de Portugal (POR)  2-3 (2-1),UCL 2025.txt,184
UCL_2025_0138,2025/26,2026-01-28,,League,Matchday 8,AFC Ajax,NED,PAE Olympiakos SFP,GRE,1,2,1,2,0,0,,,False,False,A,A,,AFC Ajax (NED)          v PAE Olympiakos SFP (GRE)  1-2 (0-0),UCL 2025.txt,185
UCL_2025_0139,2025/26,2026-01-28,,League,Matchday 8,Paris Saint-Germain FC,FRA,Newcastle United FC,ENG,1,1,1,1,1,1,,,False,False,D,D,,Paris Saint-Germain FC (FRA) v Newcastle United FC (ENG)  1-1 (1-1),UCL 2025.txt,186
UCL_2025_0140,2025/26,2026-01-28,,League,Matchday 8,Paphos FC,CYP,SK Slavia Praha,CZE,4,1,4,1,1,1,,,False,False,H,H,,Paphos FC (CYP)         v SK Slavia Praha (CZE)    4-1 (1-1),UCL 2025.txt,187
UCL_2025_0141,2025/26,2026-01-28,,League,Matchday 8,PSV,NED,FC Bayern München,GER,1,2,1,2,0,0,,,False,False,A,A,,PSV (NED)               v FC Bayern München (GER)  1-2 (0-0),UCL 2025.txt,188
UCL_2025_0142,2025/26,2026-01-28,,League,Matchday 8,SSC Napoli,ITA,Chelsea FC,ENG,2,3,2,3,2,1,,,False,False,A,A,,SSC Napoli (ITA)        v Chelsea FC (ENG)         2-3 (2-1),UCL 2025.txt,189
UCL_2025_0143,2025/26,2026-01-28,,League,Matchday 8,Sport Lisboa e Benfica,POR,Real Madrid CF,ESP,4,2,4,2,2,1,,,False,False,H,H,,Sport Lisboa e Benfica (POR) v Real Madrid CF (ESP)     4-2 (2-1),UCL 2025.txt,190
UCL_2025_0144,2025/26,2026-01-28,,League,Matchday 8,Borussia Dortmund,GER,FC Internazionale Milano,ITA,0,2,0,2,0,0,,,False,False,A,A,,Borussia Dortmund (GER) v FC Internazionale Milano (ITA)  0-2 (0-0),UCL 2025.txt,191
UCL_2025_0145,2025/26,2026-02-17,18:45,Playoffs,Matchday 1,Galatasaray SK,TUR,Juventus FC,ITA,5,2,5,2,1,2,,,False,False,H,H,,18:45  Galatasaray SK (TUR)    v Juventus FC (ITA)        5-2 (1-2),UCL 2025.txt,196
UCL_2025_0146,2025/26,2026-02-17,21:00,Playoffs,Matchday 1,Sport Lisboa e Benfica,POR,Real Madrid CF,ESP,0,1,0,1,0,0,,,False,False,A,A,,21:00  Sport Lisboa e Benfica (POR) v Real Madrid CF (ESP)     0-1 (0-0),UCL 2025.txt,197
UCL_2025_0147,2025/26,2026-02-17,,Playoffs,Matchday 1,AS Monaco FC,MCO,Paris Saint-Germain FC,FRA,2,3,2,3,2,2,,,False,False,A,A,,AS Monaco FC (MCO)      v Paris Saint-Germain FC (FRA)  2-3 (2-2),UCL 2025.txt,198
UCL_2025_0148,2025/26,2026-02-17,21:15,Playoffs,Matchday 1,Borussia Dortmund,GER,Atalanta BC,ITA,2,0,2,0,2,0,,,False,False,H,H,,21:15  Borussia Dortmund (GER) v Atalanta BC (ITA)        2-0 (2-0),UCL 2025.txt,199
UCL_2025_0149,2025/26,2026-02-18,18:45,Playoffs,Matchday 1,Qarabağ Ağdam FK,AZE,Newcastle United FC,ENG,1,6,1,6,0,5,,,False,False,A,A,,18:45  Qarabağ Ağdam FK (AZE)  v Newcastle United FC (ENG)  1-6 (0-5),UCL 2025.txt,201
UCL_2025_0150,2025/26,2026-02-18,21:00,Playoffs,Matchday 1,Club Brugge KV,BEL,Club Atlético de Madrid,ESP,3,3,3,3,0,2,,,False,False,D,D,,21:00  Club Brugge KV (BEL)    v Club Atlético de Madrid (ESP)  3-3 (0-2),UCL 2025.txt,202
UCL_2025_0151,2025/26,2026-02-18,,Playoffs,Matchday 1,PAE Olympiakos SFP,GRE,Bayer 04 Leverkusen,GER,0,2,0,2,0,0,,,False,False,A,A,,PAE Olympiakos SFP (GRE) v Bayer 04 Leverkusen (GER)  0-2 (0-0),UCL 2025.txt,203
UCL_2025_0152,2025/26,2026-02-18,,Playoffs,Matchday 1,FK Bodø/Glimt,NOR,FC Internazionale Milano,ITA,3,1,3,1,1,1,,,False,False,H,H,,FK Bodø/Glimt (NOR)     v FC Internazionale Milano (ITA)  3-1 (1-1),UCL 2025.txt,204
UCL_2025_0153,2025/26,2026-02-24,18:45,Playoffs,Matchday 2,Club Atlético de Madrid,ESP,Club Brugge KV,BEL,4,1,4,1,1,1,,,False,False,H,H,,18:45  Club Atlético de Madrid (ESP) v Club Brugge KV (BEL)     4-1 (1-1),UCL 2025.txt,209
UCL_2025_0154,2025/26,2026-02-24,21:00,Playoffs,Matchday 2,Newcastle United FC,ENG,Qarabağ Ağdam FK,AZE,3,2,3,2,2,0,,,False,False,H,H,,21:00  Newcastle United FC (ENG) v Qarabağ Ağdam FK (AZE)   3-2 (2-0),UCL 2025.txt,210
UCL_2025_0155,2025/26,2026-02-24,,Playoffs,Matchday 2,Bayer 04 Leverkusen,GER,PAE Olympiakos SFP,GRE,0,0,0,0,,,,,False,False,D,D,,Bayer 04 Leverkusen (GER) v PAE Olympiakos SFP (GRE)  0-0,UCL 2025.txt,211
UCL_2025_0156,2025/26,2026-02-24,,Playoffs,Matchday 2,FC Internazionale Milano,ITA,FK Bodø/Glimt,NOR,1,2,1,2,0,0,,,False,False,A,A,,FC Internazionale Milano (ITA) v FK Bodø/Glimt (NOR)      1-2 (0-0),UCL 2025.txt,212
UCL_2025_0157,2025/26,2026-02-25,18:45,Playoffs,Matchday 2,Atalanta BC,ITA,Borussia Dortmund,GER,4,1,4,1,2,0,,,False,False,H,H,,18:45  Atalanta BC (ITA)       v Borussia Dortmund (GER)  4-1 (2-0),UCL 2025.txt,214
UCL_2025_0158,2025/26,2026-02-25,21:00,Playoffs,Matchday 2,Real Madrid CF,ESP,Sport Lisboa e Benfica,POR,2,1,2,1,1,1,,,False,False,H,H,,21:00  Real Madrid CF (ESP)    v Sport Lisboa e Benfica (POR)  2-1 (1-1),UCL 2025.txt,215
UCL_2025_0159,2025/26,2026-02-25,,Playoffs,Matchday 2,Paris Saint-Germain FC,FRA,AS Monaco FC,MCO,2,2,2,2,0,1,,,False,False,D,D,,Paris Saint-Germain FC (FRA) v AS Monaco FC (MCO)       2-2 (0-1),UCL 2025.txt,216
UCL_2025_0160,2025/26,2026-02-25,,Playoffs,Matchday 2,Juventus FC,ITA,Galatasaray SK,TUR,3,2,3,0,1,0,,,True,False,H,H,,"Juventus FC (ITA)       v Galatasaray SK (TUR)     3-2 a.e.t. (3-0, 1-0)",UCL 2025.txt,217
UCL_2025_0161,2025/26,2026-03-10,18:45,Finals,Round of 16,Galatasaray SK,TUR,Liverpool FC,ENG,1,0,1,0,1,0,,,False,False,H,H,,18:45  Galatasaray SK (TUR)    v Liverpool FC (ENG)       1-0 (1-0),UCL 2025.txt,222
UCL_2025_0162,2025/26,2026-03-10,21:00,Finals,Round of 16,Atalanta BC,ITA,FC Bayern München,GER,1,6,1,6,0,3,,,False,False,A,A,,21:00  Atalanta BC (ITA)       v FC Bayern München (GER)  1-6 (0-3),UCL 2025.txt,223
UCL_2025_0163,2025/26,2026-03-10,,Finals,Round of 16,Newcastle United FC,ENG,FC Barcelona,ESP,1,1,1,1,0,0,,,False,False,D,D,,Newcastle United FC (ENG) v FC Barcelona (ESP)       1-1 (0-0),UCL 2025.txt,224
UCL_2025_0164,2025/26,2026-03-10,,Finals,Round of 16,Club Atlético de Madrid,ESP,Tottenham Hotspur FC,ENG,5,2,5,2,4,1,,,False,False,H,H,,Club Atlético de Madrid (ESP) v Tottenham Hotspur FC (ENG)  5-2 (4-1),UCL 2025.txt,225
UCL_2025_0165,2025/26,2026-03-11,18:45,Finals,Round of 16,Bayer 04 Leverkusen,GER,Arsenal FC,ENG,1,1,1,1,0,0,,,False,False,D,D,,18:45  Bayer 04 Leverkusen (GER) v Arsenal FC (ENG)         1-1 (0-0),UCL 2025.txt,227
UCL_2025_0166,2025/26,2026-03-11,21:00,Finals,Round of 16,Paris Saint-Germain FC,FRA,Chelsea FC,ENG,5,2,5,2,2,1,,,False,False,H,H,,21:00  Paris Saint-Germain FC (FRA) v Chelsea FC (ENG)         5-2 (2-1),UCL 2025.txt,228
UCL_2025_0167,2025/26,2026-03-11,,Finals,Round of 16,Real Madrid CF,ESP,Manchester City FC,ENG,3,0,3,0,3,0,,,False,False,H,H,,Real Madrid CF (ESP)    v Manchester City FC (ENG)  3-0 (3-0),UCL 2025.txt,229
UCL_2025_0168,2025/26,2026-03-11,,Finals,Round of 16,FK Bodø/Glimt,NOR,Sporting Clube de Portugal,POR,3,0,3,0,2,0,,,False,False,H,H,,FK Bodø/Glimt (NOR)     v Sporting Clube de Portugal (POR)  3-0 (2-0),UCL 2025.txt,230
UCL_2025_0169,2025/26,2026-03-17,18:45,Finals,Round of 16,Sporting Clube de Portugal,POR,FK Bodø/Glimt,NOR,5,0,3,0,1,0,,,True,False,H,H,,"18:45  Sporting Clube de Portugal (POR) v FK Bodø/Glimt (NOR)      5-0 a.e.t. (3-0, 1-0)",UCL 2025.txt,232
UCL_2025_0170,2025/26,2026-03-17,21:00,Finals,Round of 16,Chelsea FC,ENG,Paris Saint-Germain FC,FRA,0,3,0,3,0,2,,,False,False,A,A,,21:00  Chelsea FC (ENG)        v Paris Saint-Germain FC (FRA)  0-3 (0-2),UCL 2025.txt,233
UCL_2025_0171,2025/26,2026-03-17,,Finals,Round of 16,Manchester City FC,ENG,Real Madrid CF,ESP,1,2,1,2,1,1,,,False,False,A,A,,Manchester City FC (ENG) v Real Madrid CF (ESP)     1-2 (1-1),UCL 2025.txt,234
UCL_2025_0172,2025/26,2026-03-17,,Finals,Round of 16,Arsenal FC,ENG,Bayer 04 Leverkusen,GER,2,0,2,0,1,0,,,False,False,H,H,,Arsenal FC (ENG)        v Bayer 04 Leverkusen (GER)  2-0 (1-0),UCL 2025.txt,235
UCL_2025_0173,2025/26,2026-03-18,18:45,Finals,Round of 16,FC Barcelona,ESP,Newcastle United FC,ENG,7,2,7,2,3,2,,,False,False,H,H,,18:45  FC Barcelona (ESP)      v Newcastle United FC (ENG)  7-2 (3-2),UCL 2025.txt,237
UCL_2025_0174,2025/26,2026-03-18,21:00,Finals,Round of 16,Liverpool FC,ENG,Galatasaray SK,TUR,4,0,4,0,1,0,,,False,False,H,H,,21:00  Liverpool FC (ENG)      v Galatasaray SK (TUR)     4-0 (1-0),UCL 2025.txt,238
UCL_2025_0175,2025/26,2026-03-18,,Finals,Round of 16,FC Bayern München,GER,Atalanta BC,ITA,4,1,4,1,1,0,,,False,False,H,H,,FC Bayern München (GER) v Atalanta BC (ITA)        4-1 (1-0),UCL 2025.txt,239
UCL_2025_0176,2025/26,2026-03-18,,Finals,Round of 16,Tottenham Hotspur FC,ENG,Club Atlético de Madrid,ESP,3,2,3,2,1,0,,,False,False,H,H,,Tottenham Hotspur FC (ENG) v Club Atlético de Madrid (ESP)  3-2 (1-0),UCL 2025.txt,240
UCL_2025_0177,2025/26,2026-04-07,21:00,Finals,Quarterfinals,Real Madrid CF,ESP,FC Bayern München,GER,1,2,1,2,0,1,,,False,False,A,A,,21:00  Real Madrid CF (ESP)    v FC Bayern München (GER)  1-2 (0-1),UCL 2025.txt,245
UCL_2025_0178,2025/26,2026-04-07,,Finals,Quarterfinals,Sporting Clube de Portugal,POR,Arsenal FC,ENG,0,1,0,1,0,0,,,False,False,A,A,,Sporting Clube de Portugal (POR) v Arsenal FC (ENG)         0-1 (0-0),UCL 2025.txt,246
UCL_2025_0179,2025/26,2026-04-08,21:00,Finals,Quarterfinals,Paris Saint-Germain FC,FRA,Liverpool FC,ENG,2,0,2,0,1,0,,,False,False,H,H,,21:00  Paris Saint-Germain FC (FRA) v Liverpool FC (ENG)       2-0 (1-0),UCL 2025.txt,248
UCL_2025_0180,2025/26,2026-04-08,,Finals,Quarterfinals,FC Barcelona,ESP,Club Atlético de Madrid,ESP,0,2,0,2,0,1,,,False,False,A,A,,FC Barcelona (ESP)      v Club Atlético de Madrid (ESP)  0-2 (0-1),UCL 2025.txt,249
UCL_2025_0181,2025/26,2026-04-14,21:00,Finals,Quarterfinals,Liverpool FC,ENG,Paris Saint-Germain FC,FRA,0,2,0,2,0,0,,,False,False,A,A,,21:00  Liverpool FC (ENG)      v Paris Saint-Germain FC (FRA)  0-2 (0-0),UCL 2025.txt,251
UCL_2025_0182,2025/26,2026-04-14,,Finals,Quarterfinals,Club Atlético de Madrid,ESP,FC Barcelona,ESP,1,2,1,2,1,2,,,False,False,A,A,,Club Atlético de Madrid (ESP) v FC Barcelona (ESP)       1-2 (1-2),UCL 2025.txt,252
UCL_2025_0183,2025/26,2026-04-15,21:00,Finals,Quarterfinals,FC Bayern München,GER,Real Madrid CF,ESP,4,3,4,3,2,3,,,False,False,H,H,,21:00  FC Bayern München (GER) v Real Madrid CF (ESP)     4-3 (2-3),UCL 2025.txt,254
UCL_2025_0184,2025/26,2026-04-15,,Finals,Quarterfinals,Arsenal FC,ENG,Sporting Clube de Portugal,POR,0,0,0,0,,,,,False,False,D,D,,Arsenal FC (ENG)        v Sporting Clube de Portugal (POR)  0-0,UCL 2025.txt,255
UCL_2025_0185,2025/26,2026-04-28,21:00,Finals,Semifinals,Paris Saint-Germain FC,FRA,FC Bayern München,GER,5,4,5,4,3,2,,,False,False,H,H,,21:00  Paris Saint-Germain FC (FRA) v FC Bayern München (GER)  5-4 (3-2),UCL 2025.txt,260
UCL_2025_0186,2025/26,2026-04-29,21:00,Finals,Semifinals,Club Atlético de Madrid,ESP,Arsenal FC,ENG,1,1,1,1,0,1,,,False,False,D,D,,21:00  Club Atlético de Madrid (ESP) v Arsenal FC (ENG)         1-1 (0-1),UCL 2025.txt,262
UCL_2025_0187,2025/26,2026-05-05,21:00,Finals,Semifinals,Arsenal FC,ENG,Club Atlético de Madrid,ESP,1,0,1,0,1,0,,,False,False,H,H,,21:00  Arsenal FC (ENG)        v Club Atlético de Madrid (ESP)  1-0 (1-0),UCL 2025.txt,264
UCL_2025_0188,2025/26,2026-05-06,21:00,Finals,Semifinals,FC Bayern München,GER,Paris Saint-Germain FC,FRA,1,1,1,1,0,1,,,False,False,D,D,,21:00  FC Bayern München (GER) v Paris Saint-Germain FC (FRA)  1-1 (0-1),UCL 2025.txt,266
UCL_2025_0189,2025/26,2026-05-30,18:00,Finals,Final,Paris Saint-Germain FC,FRA,Arsenal FC,ENG,4,3,1,1,0,1,1,1,True,True,D,A,A,"18:00  Paris Saint-Germain FC (FRA) v Arsenal FC (ENG)         4-3 pen. 1-1 a.e.t. (1-1, 0-1)",UCL 2025.txt,271
